"region","scenario","Scen_Label","year","tot_Generation"
"China","Policy","Policy",1990,2.34115863585
"China","Policy","Policy",2005,9.140771078
"China","Policy","Policy",2010,15.24865128898
"China","Policy","Policy",2015,21.1752451987
"China","Policy","Policy",2020,23.768471224
"China","Policy","Policy",2025,27.600464821
"China","Policy","Policy",2030,31.639514507
"China","Policy","Policy",2035,42.656159697
"China","Policy","Policy",2040,46.384468197
"China","Policy","Policy",2045,49.586934247
"China","Policy","Policy",2050,53.041708628
"China","Policy","Policy",2055,56.568933608
"China","Policy","Policy",2060,59.456570548
"China","Policy","Policy",2065,57.530123344
"China","Policy","Policy",2070,56.026980017
"China","Policy","Policy",2075,54.51668724
"China","Policy","Policy",2080,52.7635852532
"China","Policy","Policy",2085,51.077663341
"China","Policy","Policy",2090,49.1730368102
"China","Policy","Policy",2095,46.8054681498
"China","Policy","Policy",2100,44.4618895392
"China","Policy_CI_GFDL","Policy_CI",1990,2.34115863585
"China","Policy_CI_GFDL","Policy_CI",2005,9.140771078
"China","Policy_CI_GFDL","Policy_CI",2010,15.24865128898
"China","Policy_CI_GFDL","Policy_CI",2015,21.1752451987
"China","Policy_CI_GFDL","Policy_CI",2020,23.749796686
"China","Policy_CI_GFDL","Policy_CI",2025,27.591107984
"China","Policy_CI_GFDL","Policy_CI",2030,31.630635403
"China","Policy_CI_GFDL","Policy_CI",2035,42.846719663
"China","Policy_CI_GFDL","Policy_CI",2040,46.459674233
"China","Policy_CI_GFDL","Policy_CI",2045,49.598231093
"China","Policy_CI_GFDL","Policy_CI",2050,53.010762364
"China","Policy_CI_GFDL","Policy_CI",2055,56.498542714
"China","Policy_CI_GFDL","Policy_CI",2060,59.423722394
"China","Policy_CI_GFDL","Policy_CI",2065,57.55766151
"China","Policy_CI_GFDL","Policy_CI",2070,56.076166018
"China","Policy_CI_GFDL","Policy_CI",2075,54.560854244
"China","Policy_CI_GFDL","Policy_CI",2080,52.8027185048
"China","Policy_CI_GFDL","Policy_CI",2085,51.1265826037
"China","Policy_CI_GFDL","Policy_CI",2090,49.2015997774
"China","Policy_CI_GFDL","Policy_CI",2095,46.8301717398
"China","Policy_CI_GFDL","Policy_CI",2100,44.4842056836
"China","Policy_CI_HadGEM","Policy_CI",1990,2.34115863585
"China","Policy_CI_HadGEM","Policy_CI",2005,9.140771078
"China","Policy_CI_HadGEM","Policy_CI",2010,15.24865128898
"China","Policy_CI_HadGEM","Policy_CI",2015,21.1752451987
"China","Policy_CI_HadGEM","Policy_CI",2020,23.747392541
"China","Policy_CI_HadGEM","Policy_CI",2025,27.59076078
"China","Policy_CI_HadGEM","Policy_CI",2030,31.633089671
"China","Policy_CI_HadGEM","Policy_CI",2035,42.869465188
"China","Policy_CI_HadGEM","Policy_CI",2040,46.497001088
"China","Policy_CI_HadGEM","Policy_CI",2045,49.640947668
"China","Policy_CI_HadGEM","Policy_CI",2050,53.067507565
"China","Policy_CI_HadGEM","Policy_CI",2055,56.546230928
"China","Policy_CI_HadGEM","Policy_CI",2060,59.434093312
"China","Policy_CI_HadGEM","Policy_CI",2065,57.547209466
"China","Policy_CI_HadGEM","Policy_CI",2070,56.028752464
"China","Policy_CI_HadGEM","Policy_CI",2075,54.535976436
"China","Policy_CI_HadGEM","Policy_CI",2080,52.7686464158
"China","Policy_CI_HadGEM","Policy_CI",2085,51.0853349109
"China","Policy_CI_HadGEM","Policy_CI",2090,49.2063362755
"China","Policy_CI_HadGEM","Policy_CI",2095,46.8165339746
"China","Policy_CI_HadGEM","Policy_CI",2100,44.4084590161
"China","Policy_CI_IPSL","Policy_CI",1990,2.34115863585
"China","Policy_CI_IPSL","Policy_CI",2005,9.140771078
"China","Policy_CI_IPSL","Policy_CI",2010,15.24865128898
"China","Policy_CI_IPSL","Policy_CI",2015,21.1752451987
"China","Policy_CI_IPSL","Policy_CI",2020,23.746880236
"China","Policy_CI_IPSL","Policy_CI",2025,27.587508673
"China","Policy_CI_IPSL","Policy_CI",2030,31.626644323
"China","Policy_CI_IPSL","Policy_CI",2035,42.848305349
"China","Policy_CI_IPSL","Policy_CI",2040,46.460419929
"China","Policy_CI_IPSL","Policy_CI",2045,49.615718219
"China","Policy_CI_IPSL","Policy_CI",2050,53.075174867
"China","Policy_CI_IPSL","Policy_CI",2055,56.579068388
"China","Policy_CI_IPSL","Policy_CI",2060,59.507350198
"China","Policy_CI_IPSL","Policy_CI",2065,57.600122656
"China","Policy_CI_IPSL","Policy_CI",2070,56.092158432
"China","Policy_CI_IPSL","Policy_CI",2075,54.583030953
"China","Policy_CI_IPSL","Policy_CI",2080,52.8064589616
"China","Policy_CI_IPSL","Policy_CI",2085,51.1260605709
"China","Policy_CI_IPSL","Policy_CI",2090,49.2234337074
"China","Policy_CI_IPSL","Policy_CI",2095,46.8502681009
"China","Policy_CI_IPSL","Policy_CI",2100,44.4394202196
"China","Policy_CI_MIROC","Policy_CI",1990,2.34115863585
"China","Policy_CI_MIROC","Policy_CI",2005,9.140771078
"China","Policy_CI_MIROC","Policy_CI",2010,15.24865128898
"China","Policy_CI_MIROC","Policy_CI",2015,21.1752451987
"China","Policy_CI_MIROC","Policy_CI",2020,23.741455745
"China","Policy_CI_MIROC","Policy_CI",2025,27.57632333
"China","Policy_CI_MIROC","Policy_CI",2030,31.611906869
"China","Policy_CI_MIROC","Policy_CI",2035,42.821586646
"China","Policy_CI_MIROC","Policy_CI",2040,46.440654816
"China","Policy_CI_MIROC","Policy_CI",2045,49.601697256
"China","Policy_CI_MIROC","Policy_CI",2050,53.069947779
"China","Policy_CI_MIROC","Policy_CI",2055,56.59080463
"China","Policy_CI_MIROC","Policy_CI",2060,59.501763107
"China","Policy_CI_MIROC","Policy_CI",2065,57.661074394
"China","Policy_CI_MIROC","Policy_CI",2070,56.174918971
"China","Policy_CI_MIROC","Policy_CI",2075,54.701421462
"China","Policy_CI_MIROC","Policy_CI",2080,52.9230834926
"China","Policy_CI_MIROC","Policy_CI",2085,51.2550258045
"China","Policy_CI_MIROC","Policy_CI",2090,49.3347248981
"China","Policy_CI_MIROC","Policy_CI",2095,46.9752643939
"China","Policy_CI_MIROC","Policy_CI",2100,44.544046317
"China","Policy_CI_NorESM","Policy_CI",1990,2.34115863585
"China","Policy_CI_NorESM","Policy_CI",2005,9.140771078
"China","Policy_CI_NorESM","Policy_CI",2010,15.24865128898
"China","Policy_CI_NorESM","Policy_CI",2015,21.1752451987
"China","Policy_CI_NorESM","Policy_CI",2020,23.748476833
"China","Policy_CI_NorESM","Policy_CI",2025,27.587587566
"China","Policy_CI_NorESM","Policy_CI",2030,31.621287796
"China","Policy_CI_NorESM","Policy_CI",2035,42.852194142
"China","Policy_CI_NorESM","Policy_CI",2040,46.463646892
"China","Policy_CI_NorESM","Policy_CI",2045,49.612125212
"China","Policy_CI_NorESM","Policy_CI",2050,53.047137277
"China","Policy_CI_NorESM","Policy_CI",2055,56.534976107
"China","Policy_CI_NorESM","Policy_CI",2060,59.426778401
"China","Policy_CI_NorESM","Policy_CI",2065,57.560061838
"China","Policy_CI_NorESM","Policy_CI",2070,56.056609848
"China","Policy_CI_NorESM","Policy_CI",2075,54.56462591
"China","Policy_CI_NorESM","Policy_CI",2080,52.7796995539
"China","Policy_CI_NorESM","Policy_CI",2085,51.1473049747
"China","Policy_CI_NorESM","Policy_CI",2090,49.219000129
"China","Policy_CI_NorESM","Policy_CI",2095,46.8369236848
"China","Policy_CI_NorESM","Policy_CI",2100,44.4450539928
"China","Policy_NoDAC","Policy_NoDAC",1990,2.34115863585
"China","Policy_NoDAC","Policy_NoDAC",2005,9.140771078
"China","Policy_NoDAC","Policy_NoDAC",2010,15.24865128898
"China","Policy_NoDAC","Policy_NoDAC",2015,21.1752451987
"China","Policy_NoDAC","Policy_NoDAC",2020,23.768471326
"China","Policy_NoDAC","Policy_NoDAC",2025,27.600457923
"China","Policy_NoDAC","Policy_NoDAC",2030,31.639426217
"China","Policy_NoDAC","Policy_NoDAC",2035,42.657923393
"China","Policy_NoDAC","Policy_NoDAC",2040,46.392146533
"China","Policy_NoDAC","Policy_NoDAC",2045,49.727291672
"China","Policy_NoDAC","Policy_NoDAC",2050,54.934544647
"China","Policy_NoDAC","Policy_NoDAC",2055,59.116090758
"China","Policy_NoDAC","Policy_NoDAC",2060,59.8228575297
"China","Policy_NoDAC","Policy_NoDAC",2065,59.1870375752
"China","Policy_NoDAC","Policy_NoDAC",2070,57.5148224068
"China","Policy_NoDAC","Policy_NoDAC",2075,55.71960090331
"China","Policy_NoDAC","Policy_NoDAC",2080,53.84535499099
"China","Policy_NoDAC","Policy_NoDAC",2085,51.877646890338
"China","Policy_NoDAC","Policy_NoDAC",2090,49.8184897352812
"China","Policy_NoDAC","Policy_NoDAC",2095,47.580916076561
"China","Policy_NoDAC","Policy_NoDAC",2100,45.437741137975
"China","Policy_NoDAC_CI_GFDL","Policy_NoDAC_CI",1990,2.34115863585
"China","Policy_NoDAC_CI_GFDL","Policy_NoDAC_CI",2005,9.140771078
"China","Policy_NoDAC_CI_GFDL","Policy_NoDAC_CI",2010,15.24865128898
"China","Policy_NoDAC_CI_GFDL","Policy_NoDAC_CI",2015,21.1752451987
"China","Policy_NoDAC_CI_GFDL","Policy_NoDAC_CI",2020,23.749796568
"China","Policy_NoDAC_CI_GFDL","Policy_NoDAC_CI",2025,27.591098904
"China","Policy_NoDAC_CI_GFDL","Policy_NoDAC_CI",2030,31.630523876
"China","Policy_NoDAC_CI_GFDL","Policy_NoDAC_CI",2035,42.849707264
"China","Policy_NoDAC_CI_GFDL","Policy_NoDAC_CI",2040,46.466475034
"China","Policy_NoDAC_CI_GFDL","Policy_NoDAC_CI",2045,49.733846664
"China","Policy_NoDAC_CI_GFDL","Policy_NoDAC_CI",2050,54.838008534
"China","Policy_NoDAC_CI_GFDL","Policy_NoDAC_CI",2055,58.991152903
"China","Policy_NoDAC_CI_GFDL","Policy_NoDAC_CI",2060,59.7769872795
"China","Policy_NoDAC_CI_GFDL","Policy_NoDAC_CI",2065,59.1732560667
"China","Policy_NoDAC_CI_GFDL","Policy_NoDAC_CI",2070,57.547278207
"China","Policy_NoDAC_CI_GFDL","Policy_NoDAC_CI",2075,55.73476160726
"China","Policy_NoDAC_CI_GFDL","Policy_NoDAC_CI",2080,53.89267475455
"China","Policy_NoDAC_CI_GFDL","Policy_NoDAC_CI",2085,51.939974051471
"China","Policy_NoDAC_CI_GFDL","Policy_NoDAC_CI",2090,49.8896969107978
"China","Policy_NoDAC_CI_GFDL","Policy_NoDAC_CI",2095,47.663334719053
"China","Policy_NoDAC_CI_GFDL","Policy_NoDAC_CI",2100,45.510513839164
"China","Policy_NoDAC_CI_HadGEM","Policy_NoDAC_CI",1990,2.34115863585
"China","Policy_NoDAC_CI_HadGEM","Policy_NoDAC_CI",2005,9.140771078
"China","Policy_NoDAC_CI_HadGEM","Policy_NoDAC_CI",2010,15.24865128898
"China","Policy_NoDAC_CI_HadGEM","Policy_NoDAC_CI",2015,21.1752451987
"China","Policy_NoDAC_CI_HadGEM","Policy_NoDAC_CI",2020,23.74739554
"China","Policy_NoDAC_CI_HadGEM","Policy_NoDAC_CI",2025,27.590754778
"China","Policy_NoDAC_CI_HadGEM","Policy_NoDAC_CI",2030,31.63299397
"China","Policy_NoDAC_CI_HadGEM","Policy_NoDAC_CI",2035,42.871245376
"China","Policy_NoDAC_CI_HadGEM","Policy_NoDAC_CI",2040,46.496615266
"China","Policy_NoDAC_CI_HadGEM","Policy_NoDAC_CI",2045,49.771817746
"China","Policy_NoDAC_CI_HadGEM","Policy_NoDAC_CI",2050,54.875844344
"China","Policy_NoDAC_CI_HadGEM","Policy_NoDAC_CI",2055,59.035064793
"China","Policy_NoDAC_CI_HadGEM","Policy_NoDAC_CI",2060,59.8745925535
"China","Policy_NoDAC_CI_HadGEM","Policy_NoDAC_CI",2065,59.1742004035
"China","Policy_NoDAC_CI_HadGEM","Policy_NoDAC_CI",2070,57.4021364132
"China","Policy_NoDAC_CI_HadGEM","Policy_NoDAC_CI",2075,55.59771121711
"China","Policy_NoDAC_CI_HadGEM","Policy_NoDAC_CI",2080,53.74598189702
"China","Policy_NoDAC_CI_HadGEM","Policy_NoDAC_CI",2085,51.772269412515
"China","Policy_NoDAC_CI_HadGEM","Policy_NoDAC_CI",2090,49.7105410707477
"China","Policy_NoDAC_CI_HadGEM","Policy_NoDAC_CI",2095,47.480862154869
"China","Policy_NoDAC_CI_HadGEM","Policy_NoDAC_CI",2100,45.323802936122
"China","Policy_NoDAC_CI_IPSL","Policy_NoDAC_CI",1990,2.34115863585
"China","Policy_NoDAC_CI_IPSL","Policy_NoDAC_CI",2005,9.140771078
"China","Policy_NoDAC_CI_IPSL","Policy_NoDAC_CI",2010,15.24865128898
"China","Policy_NoDAC_CI_IPSL","Policy_NoDAC_CI",2015,21.1752451987
"China","Policy_NoDAC_CI_IPSL","Policy_NoDAC_CI",2020,23.746880236
"China","Policy_NoDAC_CI_IPSL","Policy_NoDAC_CI",2025,27.587492201
"China","Policy_NoDAC_CI_IPSL","Policy_NoDAC_CI",2030,31.626521595
"China","Policy_NoDAC_CI_IPSL","Policy_NoDAC_CI",2035,42.85010017
"China","Policy_NoDAC_CI_IPSL","Policy_NoDAC_CI",2040,46.46615768
"China","Policy_NoDAC_CI_IPSL","Policy_NoDAC_CI",2045,49.75591303
"China","Policy_NoDAC_CI_IPSL","Policy_NoDAC_CI",2050,54.98522544
"China","Policy_NoDAC_CI_IPSL","Policy_NoDAC_CI",2055,59.162327494
"China","Policy_NoDAC_CI_IPSL","Policy_NoDAC_CI",2060,59.9147067941
"China","Policy_NoDAC_CI_IPSL","Policy_NoDAC_CI",2065,59.2331736952
"China","Policy_NoDAC_CI_IPSL","Policy_NoDAC_CI",2070,57.5304243014
"China","Policy_NoDAC_CI_IPSL","Policy_NoDAC_CI",2075,55.73321068784
"China","Policy_NoDAC_CI_IPSL","Policy_NoDAC_CI",2080,53.86042246776
"China","Policy_NoDAC_CI_IPSL","Policy_NoDAC_CI",2085,51.885345032025
"China","Policy_NoDAC_CI_IPSL","Policy_NoDAC_CI",2090,49.8069794031914
"China","Policy_NoDAC_CI_IPSL","Policy_NoDAC_CI",2095,47.594443827742
"China","Policy_NoDAC_CI_IPSL","Policy_NoDAC_CI",2100,45.403103501386
"China","Policy_NoDAC_CI_MIROC","Policy_NoDAC_CI",1990,2.34115863585
"China","Policy_NoDAC_CI_MIROC","Policy_NoDAC_CI",2005,9.140771078
"China","Policy_NoDAC_CI_MIROC","Policy_NoDAC_CI",2010,15.24865128898
"China","Policy_NoDAC_CI_MIROC","Policy_NoDAC_CI",2015,21.1752451987
"China","Policy_NoDAC_CI_MIROC","Policy_NoDAC_CI",2020,23.741454855
"China","Policy_NoDAC_CI_MIROC","Policy_NoDAC_CI",2025,27.576317449
"China","Policy_NoDAC_CI_MIROC","Policy_NoDAC_CI",2030,31.611791464
"China","Policy_NoDAC_CI_MIROC","Policy_NoDAC_CI",2035,42.823337308
"China","Policy_NoDAC_CI_MIROC","Policy_NoDAC_CI",2040,46.447542688
"China","Policy_NoDAC_CI_MIROC","Policy_NoDAC_CI",2045,49.740502548
"China","Policy_NoDAC_CI_MIROC","Policy_NoDAC_CI",2050,54.974489328
"China","Policy_NoDAC_CI_MIROC","Policy_NoDAC_CI",2055,59.165191535
"China","Policy_NoDAC_CI_MIROC","Policy_NoDAC_CI",2060,59.8660070181
"China","Policy_NoDAC_CI_MIROC","Policy_NoDAC_CI",2065,59.3320527404
"China","Policy_NoDAC_CI_MIROC","Policy_NoDAC_CI",2070,57.69580710695
"China","Policy_NoDAC_CI_MIROC","Policy_NoDAC_CI",2075,55.9881236139
"China","Policy_NoDAC_CI_MIROC","Policy_NoDAC_CI",2080,54.09380631106
"China","Policy_NoDAC_CI_MIROC","Policy_NoDAC_CI",2085,52.119432432
"China","Policy_NoDAC_CI_MIROC","Policy_NoDAC_CI",2090,50.0493021612203
"China","Policy_NoDAC_CI_MIROC","Policy_NoDAC_CI",2095,47.798926368212
"China","Policy_NoDAC_CI_MIROC","Policy_NoDAC_CI",2100,45.636035574989
"China","Policy_NoDAC_CI_NorESM","Policy_NoDAC_CI",1990,2.34115863585
"China","Policy_NoDAC_CI_NorESM","Policy_NoDAC_CI",2005,9.140771078
"China","Policy_NoDAC_CI_NorESM","Policy_NoDAC_CI",2010,15.24865128898
"China","Policy_NoDAC_CI_NorESM","Policy_NoDAC_CI",2015,21.1752451987
"China","Policy_NoDAC_CI_NorESM","Policy_NoDAC_CI",2020,23.748476723
"China","Policy_NoDAC_CI_NorESM","Policy_NoDAC_CI",2025,27.587579734
"China","Policy_NoDAC_CI_NorESM","Policy_NoDAC_CI",2030,31.626134111
"China","Policy_NoDAC_CI_NorESM","Policy_NoDAC_CI",2035,42.854522253
"China","Policy_NoDAC_CI_NorESM","Policy_NoDAC_CI",2040,46.467945373
"China","Policy_NoDAC_CI_NorESM","Policy_NoDAC_CI",2045,49.752542403
"China","Policy_NoDAC_CI_NorESM","Policy_NoDAC_CI",2050,54.916408568
"China","Policy_NoDAC_CI_NorESM","Policy_NoDAC_CI",2055,59.046748441
"China","Policy_NoDAC_CI_NorESM","Policy_NoDAC_CI",2060,59.7754622496
"China","Policy_NoDAC_CI_NorESM","Policy_NoDAC_CI",2065,59.18900009
"China","Policy_NoDAC_CI_NorESM","Policy_NoDAC_CI",2070,57.4867586228
"China","Policy_NoDAC_CI_NorESM","Policy_NoDAC_CI",2075,55.71372253721
"China","Policy_NoDAC_CI_NorESM","Policy_NoDAC_CI",2080,53.81419171931
"China","Policy_NoDAC_CI_NorESM","Policy_NoDAC_CI",2085,51.923774633706
"China","Policy_NoDAC_CI_NorESM","Policy_NoDAC_CI",2090,49.8253072146305
"China","Policy_NoDAC_CI_NorESM","Policy_NoDAC_CI",2095,47.591295592315
"China","Policy_NoDAC_CI_NorESM","Policy_NoDAC_CI",2100,45.419416071288
"China","Reference","Reference",1990,2.34115863585
"China","Reference","Reference",2005,9.140771078
"China","Reference","Reference",2010,15.24865128898
"China","Reference","Reference",2015,21.1752451987
"China","Reference","Reference",2020,23.768469215
"China","Reference","Reference",2025,27.604663824
"China","Reference","Reference",2030,31.65748205
"China","Reference","Reference",2035,35.285593944
"China","Reference","Reference",2040,38.500149034
"China","Reference","Reference",2045,41.128896503
"China","Reference","Reference",2050,42.673933324
"China","Reference","Reference",2055,43.89679625
"China","Reference","Reference",2060,44.29365113
"China","Reference","Reference",2065,44.03387025
"China","Reference","Reference",2070,43.661265714
"China","Reference","Reference",2075,43.014450593
"China","Reference","Reference",2080,41.984638535
"China","Reference","Reference",2085,41.10755952
"China","Reference","Reference",2090,40.220787528
"China","Reference","Reference",2095,39.4328568076
"China","Reference","Reference",2100,38.703186669
"China","Reference_CI_GFDL","Reference_CI",1990,2.34115863585
"China","Reference_CI_GFDL","Reference_CI",2005,9.140771078
"China","Reference_CI_GFDL","Reference_CI",2010,15.24865128898
"China","Reference_CI_GFDL","Reference_CI",2015,21.1752451987
"China","Reference_CI_GFDL","Reference_CI",2020,23.744898303
"China","Reference_CI_GFDL","Reference_CI",2025,27.586329187
"China","Reference_CI_GFDL","Reference_CI",2030,31.640495056
"China","Reference_CI_GFDL","Reference_CI",2035,35.675460767
"China","Reference_CI_GFDL","Reference_CI",2040,38.913672477
"China","Reference_CI_GFDL","Reference_CI",2045,41.485594697
"China","Reference_CI_GFDL","Reference_CI",2050,42.971535308
"China","Reference_CI_GFDL","Reference_CI",2055,44.087858193
"China","Reference_CI_GFDL","Reference_CI",2060,44.41700886
"China","Reference_CI_GFDL","Reference_CI",2065,44.11773046
"China","Reference_CI_GFDL","Reference_CI",2070,43.722638652
"China","Reference_CI_GFDL","Reference_CI",2075,43.062364045
"China","Reference_CI_GFDL","Reference_CI",2080,41.902612709
"China","Reference_CI_GFDL","Reference_CI",2085,41.006505337
"China","Reference_CI_GFDL","Reference_CI",2090,40.108955614
"China","Reference_CI_GFDL","Reference_CI",2095,39.3227783517
"China","Reference_CI_GFDL","Reference_CI",2100,38.4553727419
"China","Reference_CI_HadGEM","Reference_CI",1990,2.34115863585
"China","Reference_CI_HadGEM","Reference_CI",2005,9.140771078
"China","Reference_CI_HadGEM","Reference_CI",2010,15.24865128898
"China","Reference_CI_HadGEM","Reference_CI",2015,21.1752451987
"China","Reference_CI_HadGEM","Reference_CI",2020,23.747363201
"China","Reference_CI_HadGEM","Reference_CI",2025,27.592038077
"China","Reference_CI_HadGEM","Reference_CI",2030,31.643375544
"China","Reference_CI_HadGEM","Reference_CI",2035,35.675411988
"China","Reference_CI_HadGEM","Reference_CI",2040,38.918597148
"China","Reference_CI_HadGEM","Reference_CI",2045,41.487640348
"China","Reference_CI_HadGEM","Reference_CI",2050,42.974359071
"China","Reference_CI_HadGEM","Reference_CI",2055,44.084809907
"China","Reference_CI_HadGEM","Reference_CI",2060,44.42995483
"China","Reference_CI_HadGEM","Reference_CI",2065,44.15079422
"China","Reference_CI_HadGEM","Reference_CI",2070,43.764478614
"China","Reference_CI_HadGEM","Reference_CI",2075,43.145126081
"China","Reference_CI_HadGEM","Reference_CI",2080,42.049003296
"China","Reference_CI_HadGEM","Reference_CI",2085,41.205806233
"China","Reference_CI_HadGEM","Reference_CI",2090,40.383860609
"China","Reference_CI_HadGEM","Reference_CI",2095,39.6304677268
"China","Reference_CI_HadGEM","Reference_CI",2100,38.7739833538
"China","Reference_CI_IPSL","Reference_CI",1990,2.34115863585
"China","Reference_CI_IPSL","Reference_CI",2005,9.140771078
"China","Reference_CI_IPSL","Reference_CI",2010,15.24865128898
"China","Reference_CI_IPSL","Reference_CI",2015,21.1752451987
"China","Reference_CI_IPSL","Reference_CI",2020,23.751670719
"China","Reference_CI_IPSL","Reference_CI",2025,27.600011618
"China","Reference_CI_IPSL","Reference_CI",2030,31.659477428
"China","Reference_CI_IPSL","Reference_CI",2035,35.682153855
"China","Reference_CI_IPSL","Reference_CI",2040,38.938050695
"China","Reference_CI_IPSL","Reference_CI",2045,41.521120165
"China","Reference_CI_IPSL","Reference_CI",2050,43.020811782
"China","Reference_CI_IPSL","Reference_CI",2055,44.139257897
"China","Reference_CI_IPSL","Reference_CI",2060,44.49061758
"China","Reference_CI_IPSL","Reference_CI",2065,44.20383024
"China","Reference_CI_IPSL","Reference_CI",2070,43.821193156
"China","Reference_CI_IPSL","Reference_CI",2075,43.185937436
"China","Reference_CI_IPSL","Reference_CI",2080,42.088799286
"China","Reference_CI_IPSL","Reference_CI",2085,41.261173422
"China","Reference_CI_IPSL","Reference_CI",2090,40.447619614
"China","Reference_CI_IPSL","Reference_CI",2095,39.7220839738
"China","Reference_CI_IPSL","Reference_CI",2100,38.8757563486
"China","Reference_CI_MIROC","Reference_CI",1990,2.34115863585
"China","Reference_CI_MIROC","Reference_CI",2005,9.140771078
"China","Reference_CI_MIROC","Reference_CI",2010,15.24865128898
"China","Reference_CI_MIROC","Reference_CI",2015,21.1752451987
"China","Reference_CI_MIROC","Reference_CI",2020,23.742888598
"China","Reference_CI_MIROC","Reference_CI",2025,27.587180218
"China","Reference_CI_MIROC","Reference_CI",2030,31.643743316
"China","Reference_CI_MIROC","Reference_CI",2035,35.641601515
"China","Reference_CI_MIROC","Reference_CI",2040,38.899111105
"China","Reference_CI_MIROC","Reference_CI",2045,41.490018815
"China","Reference_CI_MIROC","Reference_CI",2050,42.989464632
"China","Reference_CI_MIROC","Reference_CI",2055,44.115191206
"China","Reference_CI_MIROC","Reference_CI",2060,44.46353995
"China","Reference_CI_MIROC","Reference_CI",2065,44.17476692
"China","Reference_CI_MIROC","Reference_CI",2070,43.793663251
"China","Reference_CI_MIROC","Reference_CI",2075,43.168956396
"China","Reference_CI_MIROC","Reference_CI",2080,42.078266041
"China","Reference_CI_MIROC","Reference_CI",2085,41.267639266
"China","Reference_CI_MIROC","Reference_CI",2090,40.454309925
"China","Reference_CI_MIROC","Reference_CI",2095,39.7296260094
"China","Reference_CI_MIROC","Reference_CI",2100,38.8800530703
"China","Reference_CI_NorESM","Reference_CI",1990,2.34115863585
"China","Reference_CI_NorESM","Reference_CI",2005,9.140771078
"China","Reference_CI_NorESM","Reference_CI",2010,15.24865128898
"China","Reference_CI_NorESM","Reference_CI",2015,21.1752451987
"China","Reference_CI_NorESM","Reference_CI",2020,23.743459496
"China","Reference_CI_NorESM","Reference_CI",2025,27.586286667
"China","Reference_CI_NorESM","Reference_CI",2030,31.6405665
"China","Reference_CI_NorESM","Reference_CI",2035,35.658834584
"China","Reference_CI_NorESM","Reference_CI",2040,38.898181844
"China","Reference_CI_NorESM","Reference_CI",2045,41.467576404
"China","Reference_CI_NorESM","Reference_CI",2050,42.959762251
"China","Reference_CI_NorESM","Reference_CI",2055,44.087748257
"China","Reference_CI_NorESM","Reference_CI",2060,44.42323264
"China","Reference_CI_NorESM","Reference_CI",2065,44.14441474
"China","Reference_CI_NorESM","Reference_CI",2070,43.748982921
"China","Reference_CI_NorESM","Reference_CI",2075,43.088952888
"China","Reference_CI_NorESM","Reference_CI",2080,41.954395768
"China","Reference_CI_NorESM","Reference_CI",2085,41.054371429
"China","Reference_CI_NorESM","Reference_CI",2090,40.160259614
"China","Reference_CI_NorESM","Reference_CI",2095,39.3387073963
"China","Reference_CI_NorESM","Reference_CI",2100,38.5174500975
"Global","Policy","Policy",1990,41.37371036119
"Global","Policy","Policy",2005,64.06208638416
"Global","Policy","Policy",2010,75.50154684438
"Global","Policy","Policy",2015,85.370530684253
"Global","Policy","Policy",2020,97.9312792900692
"Global","Policy","Policy",2025,117.681424563635
"Global","Policy","Policy",2030,138.914741509658
"Global","Policy","Policy",2035,170.133425676507
"Global","Policy","Policy",2040,194.564194406802
"Global","Policy","Policy",2045,218.492214591653
"Global","Policy","Policy",2050,241.985386248139
"Global","Policy","Policy",2055,262.77480251217
"Global","Policy","Policy",2060,283.375853082681
"Global","Policy","Policy",2065,297.942022202353
"Global","Policy","Policy",2070,314.527794272866
"Global","Policy","Policy",2075,329.575921424663
"Global","Policy","Policy",2080,342.064930040549
"Global","Policy","Policy",2085,353.014070665487
"Global","Policy","Policy",2090,361.75614194581
"Global","Policy","Policy",2095,368.505024985641
"Global","Policy","Policy",2100,374.409960082551
"Global","Policy_CI_GFDL","Policy_CI",1990,41.37371036119
"Global","Policy_CI_GFDL","Policy_CI",2005,64.06208638416
"Global","Policy_CI_GFDL","Policy_CI",2010,75.50154684438
"Global","Policy_CI_GFDL","Policy_CI",2015,85.370530684253
"Global","Policy_CI_GFDL","Policy_CI",2020,97.9414865254825
"Global","Policy_CI_GFDL","Policy_CI",2025,117.602376821426
"Global","Policy_CI_GFDL","Policy_CI",2030,138.824721099127
"Global","Policy_CI_GFDL","Policy_CI",2035,170.21974919593
"Global","Policy_CI_GFDL","Policy_CI",2040,194.503534224127
"Global","Policy_CI_GFDL","Policy_CI",2045,218.496934631346
"Global","Policy_CI_GFDL","Policy_CI",2050,241.888419868522
"Global","Policy_CI_GFDL","Policy_CI",2055,262.537756903676
"Global","Policy_CI_GFDL","Policy_CI",2060,283.400161822445
"Global","Policy_CI_GFDL","Policy_CI",2065,297.954461925511
"Global","Policy_CI_GFDL","Policy_CI",2070,314.704202844836
"Global","Policy_CI_GFDL","Policy_CI",2075,329.675048176538
"Global","Policy_CI_GFDL","Policy_CI",2080,342.308527057022
"Global","Policy_CI_GFDL","Policy_CI",2085,353.465849323214
"Global","Policy_CI_GFDL","Policy_CI",2090,362.29556017184
"Global","Policy_CI_GFDL","Policy_CI",2095,369.248396995006
"Global","Policy_CI_GFDL","Policy_CI",2100,374.791358710943
"Global","Policy_CI_HadGEM","Policy_CI",1990,41.37371036119
"Global","Policy_CI_HadGEM","Policy_CI",2005,64.06208638416
"Global","Policy_CI_HadGEM","Policy_CI",2010,75.50154684438
"Global","Policy_CI_HadGEM","Policy_CI",2015,85.370530684253
"Global","Policy_CI_HadGEM","Policy_CI",2020,97.9578059477113
"Global","Policy_CI_HadGEM","Policy_CI",2025,117.634227859416
"Global","Policy_CI_HadGEM","Policy_CI",2030,138.835357920804
"Global","Policy_CI_HadGEM","Policy_CI",2035,170.339155640832
"Global","Policy_CI_HadGEM","Policy_CI",2040,194.694682370988
"Global","Policy_CI_HadGEM","Policy_CI",2045,218.5940004394
"Global","Policy_CI_HadGEM","Policy_CI",2050,241.988157368244
"Global","Policy_CI_HadGEM","Policy_CI",2055,262.706404610351
"Global","Policy_CI_HadGEM","Policy_CI",2060,283.343857896029
"Global","Policy_CI_HadGEM","Policy_CI",2065,297.992114946865
"Global","Policy_CI_HadGEM","Policy_CI",2070,314.455483598304
"Global","Policy_CI_HadGEM","Policy_CI",2075,329.510818452663
"Global","Policy_CI_HadGEM","Policy_CI",2080,341.951872720222
"Global","Policy_CI_HadGEM","Policy_CI",2085,352.859403822023
"Global","Policy_CI_HadGEM","Policy_CI",2090,361.56990834607
"Global","Policy_CI_HadGEM","Policy_CI",2095,368.32415223937
"Global","Policy_CI_HadGEM","Policy_CI",2100,373.95280928118
"Global","Policy_CI_IPSL","Policy_CI",1990,41.37371036119
"Global","Policy_CI_IPSL","Policy_CI",2005,64.06208638416
"Global","Policy_CI_IPSL","Policy_CI",2010,75.50154684438
"Global","Policy_CI_IPSL","Policy_CI",2015,85.370530684253
"Global","Policy_CI_IPSL","Policy_CI",2020,97.9800110045397
"Global","Policy_CI_IPSL","Policy_CI",2025,117.683440468744
"Global","Policy_CI_IPSL","Policy_CI",2030,138.869575482221
"Global","Policy_CI_IPSL","Policy_CI",2035,170.46328907746
"Global","Policy_CI_IPSL","Policy_CI",2040,194.908874998787
"Global","Policy_CI_IPSL","Policy_CI",2045,218.848830371511
"Global","Policy_CI_IPSL","Policy_CI",2050,242.360272082887
"Global","Policy_CI_IPSL","Policy_CI",2055,263.144842536079
"Global","Policy_CI_IPSL","Policy_CI",2060,283.955136818606
"Global","Policy_CI_IPSL","Policy_CI",2065,298.299950106062
"Global","Policy_CI_IPSL","Policy_CI",2070,314.930818969996
"Global","Policy_CI_IPSL","Policy_CI",2075,330.010324157875
"Global","Policy_CI_IPSL","Policy_CI",2080,342.461670659326
"Global","Policy_CI_IPSL","Policy_CI",2085,353.411758838682
"Global","Policy_CI_IPSL","Policy_CI",2090,362.0561800869
"Global","Policy_CI_IPSL","Policy_CI",2095,368.982973384723
"Global","Policy_CI_IPSL","Policy_CI",2100,374.212690810313
"Global","Policy_CI_MIROC","Policy_CI",1990,41.37371036119
"Global","Policy_CI_MIROC","Policy_CI",2005,64.06208638416
"Global","Policy_CI_MIROC","Policy_CI",2010,75.50154684438
"Global","Policy_CI_MIROC","Policy_CI",2015,85.370530684253
"Global","Policy_CI_MIROC","Policy_CI",2020,97.9412894611337
"Global","Policy_CI_MIROC","Policy_CI",2025,117.663332571613
"Global","Policy_CI_MIROC","Policy_CI",2030,138.842397089735
"Global","Policy_CI_MIROC","Policy_CI",2035,170.237420858336
"Global","Policy_CI_MIROC","Policy_CI",2040,194.619572461517
"Global","Policy_CI_MIROC","Policy_CI",2045,218.629473724988
"Global","Policy_CI_MIROC","Policy_CI",2050,242.184781330545
"Global","Policy_CI_MIROC","Policy_CI",2055,263.010075937855
"Global","Policy_CI_MIROC","Policy_CI",2060,283.755106157012
"Global","Policy_CI_MIROC","Policy_CI",2065,298.586502866553
"Global","Policy_CI_MIROC","Policy_CI",2070,315.310716903516
"Global","Policy_CI_MIROC","Policy_CI",2075,330.6689590465
"Global","Policy_CI_MIROC","Policy_CI",2080,343.157864531118
"Global","Policy_CI_MIROC","Policy_CI",2085,354.249518321349
"Global","Policy_CI_MIROC","Policy_CI",2090,363.07832071116
"Global","Policy_CI_MIROC","Policy_CI",2095,369.805431355011
"Global","Policy_CI_MIROC","Policy_CI",2100,375.497431654689
"Global","Policy_CI_NorESM","Policy_CI",1990,41.37371036119
"Global","Policy_CI_NorESM","Policy_CI",2005,64.06208638416
"Global","Policy_CI_NorESM","Policy_CI",2010,75.50154684438
"Global","Policy_CI_NorESM","Policy_CI",2015,85.370530684253
"Global","Policy_CI_NorESM","Policy_CI",2020,97.9646944729222
"Global","Policy_CI_NorESM","Policy_CI",2025,117.57116403716
"Global","Policy_CI_NorESM","Policy_CI",2030,138.831333594871
"Global","Policy_CI_NorESM","Policy_CI",2035,170.363191080709
"Global","Policy_CI_NorESM","Policy_CI",2040,194.743220423626
"Global","Policy_CI_NorESM","Policy_CI",2045,218.758638915907
"Global","Policy_CI_NorESM","Policy_CI",2050,242.273601621608
"Global","Policy_CI_NorESM","Policy_CI",2055,263.000275659421
"Global","Policy_CI_NorESM","Policy_CI",2060,283.701685160994
"Global","Policy_CI_NorESM","Policy_CI",2065,298.392327967722
"Global","Policy_CI_NorESM","Policy_CI",2070,314.963534093324
"Global","Policy_CI_NorESM","Policy_CI",2075,330.089662355941
"Global","Policy_CI_NorESM","Policy_CI",2080,342.452233580915
"Global","Policy_CI_NorESM","Policy_CI",2085,353.882571186385
"Global","Policy_CI_NorESM","Policy_CI",2090,362.37886785525
"Global","Policy_CI_NorESM","Policy_CI",2095,369.18907560186
"Global","Policy_CI_NorESM","Policy_CI",2100,374.565967894172
"Global","Policy_NoDAC","Policy_NoDAC",1990,41.37371036119
"Global","Policy_NoDAC","Policy_NoDAC",2005,64.06208638416
"Global","Policy_NoDAC","Policy_NoDAC",2010,75.50154684438
"Global","Policy_NoDAC","Policy_NoDAC",2015,85.370530684253
"Global","Policy_NoDAC","Policy_NoDAC",2020,97.9312178597341
"Global","Policy_NoDAC","Policy_NoDAC",2025,117.681266803339
"Global","Policy_NoDAC","Policy_NoDAC",2030,138.914489786719
"Global","Policy_NoDAC","Policy_NoDAC",2035,170.167430506148
"Global","Policy_NoDAC","Policy_NoDAC",2040,194.93893103734
"Global","Policy_NoDAC","Policy_NoDAC",2045,220.502454717674
"Global","Policy_NoDAC","Policy_NoDAC",2050,249.867593226303
"Global","Policy_NoDAC","Policy_NoDAC",2055,278.361468081281
"Global","Policy_NoDAC","Policy_NoDAC",2060,304.723349587865
"Global","Policy_NoDAC","Policy_NoDAC",2065,323.958715381785
"Global","Policy_NoDAC","Policy_NoDAC",2070,341.922597906297
"Global","Policy_NoDAC","Policy_NoDAC",2075,358.381893177161
"Global","Policy_NoDAC","Policy_NoDAC",2080,371.692325263533
"Global","Policy_NoDAC","Policy_NoDAC",2085,382.865564876934
"Global","Policy_NoDAC","Policy_NoDAC",2090,391.232507925288
"Global","Policy_NoDAC","Policy_NoDAC",2095,396.88030633423
"Global","Policy_NoDAC","Policy_NoDAC",2100,402.318487245335
"Global","Policy_NoDAC_CI_GFDL","Policy_NoDAC_CI",1990,41.37371036119
"Global","Policy_NoDAC_CI_GFDL","Policy_NoDAC_CI",2005,64.06208638416
"Global","Policy_NoDAC_CI_GFDL","Policy_NoDAC_CI",2010,75.50154684438
"Global","Policy_NoDAC_CI_GFDL","Policy_NoDAC_CI",2015,85.370530684253
"Global","Policy_NoDAC_CI_GFDL","Policy_NoDAC_CI",2020,97.938577821212
"Global","Policy_NoDAC_CI_GFDL","Policy_NoDAC_CI",2025,117.59927037816
"Global","Policy_NoDAC_CI_GFDL","Policy_NoDAC_CI",2030,138.820721965134
"Global","Policy_NoDAC_CI_GFDL","Policy_NoDAC_CI",2035,170.250622648261
"Global","Policy_NoDAC_CI_GFDL","Policy_NoDAC_CI",2040,194.860127208973
"Global","Policy_NoDAC_CI_GFDL","Policy_NoDAC_CI",2045,220.4759236899
"Global","Policy_NoDAC_CI_GFDL","Policy_NoDAC_CI",2050,249.563536975404
"Global","Policy_NoDAC_CI_GFDL","Policy_NoDAC_CI",2055,277.771339587989
"Global","Policy_NoDAC_CI_GFDL","Policy_NoDAC_CI",2060,304.580042330505
"Global","Policy_NoDAC_CI_GFDL","Policy_NoDAC_CI",2065,323.723650129856
"Global","Policy_NoDAC_CI_GFDL","Policy_NoDAC_CI",2070,342.140444467937
"Global","Policy_NoDAC_CI_GFDL","Policy_NoDAC_CI",2075,358.432309246332
"Global","Policy_NoDAC_CI_GFDL","Policy_NoDAC_CI",2080,372.097682443947
"Global","Policy_NoDAC_CI_GFDL","Policy_NoDAC_CI",2085,383.636764202506
"Global","Policy_NoDAC_CI_GFDL","Policy_NoDAC_CI",2090,392.17034655969
"Global","Policy_NoDAC_CI_GFDL","Policy_NoDAC_CI",2095,398.190092477161
"Global","Policy_NoDAC_CI_GFDL","Policy_NoDAC_CI",2100,403.291776729963
"Global","Policy_NoDAC_CI_HadGEM","Policy_NoDAC_CI",1990,41.37371036119
"Global","Policy_NoDAC_CI_HadGEM","Policy_NoDAC_CI",2005,64.06208638416
"Global","Policy_NoDAC_CI_HadGEM","Policy_NoDAC_CI",2010,75.50154684438
"Global","Policy_NoDAC_CI_HadGEM","Policy_NoDAC_CI",2015,85.370530684253
"Global","Policy_NoDAC_CI_HadGEM","Policy_NoDAC_CI",2020,97.9579251413711
"Global","Policy_NoDAC_CI_HadGEM","Policy_NoDAC_CI",2025,117.634387365133
"Global","Policy_NoDAC_CI_HadGEM","Policy_NoDAC_CI",2030,138.83397265075
"Global","Policy_NoDAC_CI_HadGEM","Policy_NoDAC_CI",2035,170.373878202241
"Global","Policy_NoDAC_CI_HadGEM","Policy_NoDAC_CI",2040,195.057965742714
"Global","Policy_NoDAC_CI_HadGEM","Policy_NoDAC_CI",2045,220.553935273914
"Global","Policy_NoDAC_CI_HadGEM","Policy_NoDAC_CI",2050,249.610253279024
"Global","Policy_NoDAC_CI_HadGEM","Policy_NoDAC_CI",2055,277.822202841034
"Global","Policy_NoDAC_CI_HadGEM","Policy_NoDAC_CI",2060,304.080914541071
"Global","Policy_NoDAC_CI_HadGEM","Policy_NoDAC_CI",2065,323.179012717133
"Global","Policy_NoDAC_CI_HadGEM","Policy_NoDAC_CI",2070,340.790633605765
"Global","Policy_NoDAC_CI_HadGEM","Policy_NoDAC_CI",2075,357.252815771
"Global","Policy_NoDAC_CI_HadGEM","Policy_NoDAC_CI",2080,370.643808544588
"Global","Policy_NoDAC_CI_HadGEM","Policy_NoDAC_CI",2085,381.758257869711
"Global","Policy_NoDAC_CI_HadGEM","Policy_NoDAC_CI",2090,390.038603431483
"Global","Policy_NoDAC_CI_HadGEM","Policy_NoDAC_CI",2095,395.787572785483
"Global","Policy_NoDAC_CI_HadGEM","Policy_NoDAC_CI",2100,401.257313668345
"Global","Policy_NoDAC_CI_IPSL","Policy_NoDAC_CI",1990,41.37371036119
"Global","Policy_NoDAC_CI_IPSL","Policy_NoDAC_CI",2005,64.06208638416
"Global","Policy_NoDAC_CI_IPSL","Policy_NoDAC_CI",2010,75.50154684438
"Global","Policy_NoDAC_CI_IPSL","Policy_NoDAC_CI",2015,85.370530684253
"Global","Policy_NoDAC_CI_IPSL","Policy_NoDAC_CI",2020,97.979859651587
"Global","Policy_NoDAC_CI_IPSL","Policy_NoDAC_CI",2025,117.683836264358
"Global","Policy_NoDAC_CI_IPSL","Policy_NoDAC_CI",2030,138.868870938144
"Global","Policy_NoDAC_CI_IPSL","Policy_NoDAC_CI",2035,170.498928417813
"Global","Policy_NoDAC_CI_IPSL","Policy_NoDAC_CI",2040,195.310207579915
"Global","Policy_NoDAC_CI_IPSL","Policy_NoDAC_CI",2045,220.950051813789
"Global","Policy_NoDAC_CI_IPSL","Policy_NoDAC_CI",2050,250.457473038821
"Global","Policy_NoDAC_CI_IPSL","Policy_NoDAC_CI",2055,279.01782416614
"Global","Policy_NoDAC_CI_IPSL","Policy_NoDAC_CI",2060,305.699067646097
"Global","Policy_NoDAC_CI_IPSL","Policy_NoDAC_CI",2065,324.191020441926
"Global","Policy_NoDAC_CI_IPSL","Policy_NoDAC_CI",2070,342.182900756047
"Global","Policy_NoDAC_CI_IPSL","Policy_NoDAC_CI",2075,358.609824749031
"Global","Policy_NoDAC_CI_IPSL","Policy_NoDAC_CI",2080,371.934658183128
"Global","Policy_NoDAC_CI_IPSL","Policy_NoDAC_CI",2085,383.046321890932
"Global","Policy_NoDAC_CI_IPSL","Policy_NoDAC_CI",2090,391.164878349778
"Global","Policy_NoDAC_CI_IPSL","Policy_NoDAC_CI",2095,397.104562437343
"Global","Policy_NoDAC_CI_IPSL","Policy_NoDAC_CI",2100,401.962393664172
"Global","Policy_NoDAC_CI_MIROC","Policy_NoDAC_CI",1990,41.37371036119
"Global","Policy_NoDAC_CI_MIROC","Policy_NoDAC_CI",2005,64.06208638416
"Global","Policy_NoDAC_CI_MIROC","Policy_NoDAC_CI",2010,75.50154684438
"Global","Policy_NoDAC_CI_MIROC","Policy_NoDAC_CI",2015,85.370530684253
"Global","Policy_NoDAC_CI_MIROC","Policy_NoDAC_CI",2020,97.9410814741507
"Global","Policy_NoDAC_CI_MIROC","Policy_NoDAC_CI",2025,117.663099788108
"Global","Policy_NoDAC_CI_MIROC","Policy_NoDAC_CI",2030,138.841745422117
"Global","Policy_NoDAC_CI_MIROC","Policy_NoDAC_CI",2035,170.268618622691
"Global","Policy_NoDAC_CI_MIROC","Policy_NoDAC_CI",2040,194.999154778765
"Global","Policy_NoDAC_CI_MIROC","Policy_NoDAC_CI",2045,220.683281466678
"Global","Policy_NoDAC_CI_MIROC","Policy_NoDAC_CI",2050,250.204198849307
"Global","Policy_NoDAC_CI_MIROC","Policy_NoDAC_CI",2055,278.845307623878
"Global","Policy_NoDAC_CI_MIROC","Policy_NoDAC_CI",2060,305.461228306843
"Global","Policy_NoDAC_CI_MIROC","Policy_NoDAC_CI",2065,325.183056190842
"Global","Policy_NoDAC_CI_MIROC","Policy_NoDAC_CI",2070,343.485652793832
"Global","Policy_NoDAC_CI_MIROC","Policy_NoDAC_CI",2075,360.567039957638
"Global","Policy_NoDAC_CI_MIROC","Policy_NoDAC_CI",2080,373.882236336928
"Global","Policy_NoDAC_CI_MIROC","Policy_NoDAC_CI",2085,385.265956169357
"Global","Policy_NoDAC_CI_MIROC","Policy_NoDAC_CI",2090,393.716392749594
"Global","Policy_NoDAC_CI_MIROC","Policy_NoDAC_CI",2095,399.227960789847
"Global","Policy_NoDAC_CI_MIROC","Policy_NoDAC_CI",2100,404.62442242517
"Global","Policy_NoDAC_CI_NorESM","Policy_NoDAC_CI",1990,41.37371036119
"Global","Policy_NoDAC_CI_NorESM","Policy_NoDAC_CI",2005,64.06208638416
"Global","Policy_NoDAC_CI_NorESM","Policy_NoDAC_CI",2010,75.50154684438
"Global","Policy_NoDAC_CI_NorESM","Policy_NoDAC_CI",2015,85.370530684253
"Global","Policy_NoDAC_CI_NorESM","Policy_NoDAC_CI",2020,97.9658520328128
"Global","Policy_NoDAC_CI_NorESM","Policy_NoDAC_CI",2025,117.571544644439
"Global","Policy_NoDAC_CI_NorESM","Policy_NoDAC_CI",2030,138.835520984693
"Global","Policy_NoDAC_CI_NorESM","Policy_NoDAC_CI",2035,170.397859412338
"Global","Policy_NoDAC_CI_NorESM","Policy_NoDAC_CI",2040,195.115822022518
"Global","Policy_NoDAC_CI_NorESM","Policy_NoDAC_CI",2045,220.781643866471
"Global","Policy_NoDAC_CI_NorESM","Policy_NoDAC_CI",2050,250.129350111014
"Global","Policy_NoDAC_CI_NorESM","Policy_NoDAC_CI",2055,278.458124498583
"Global","Policy_NoDAC_CI_NorESM","Policy_NoDAC_CI",2060,304.781426399324
"Global","Policy_NoDAC_CI_NorESM","Policy_NoDAC_CI",2065,324.07860428488
"Global","Policy_NoDAC_CI_NorESM","Policy_NoDAC_CI",2070,341.970416011537
"Global","Policy_NoDAC_CI_NorESM","Policy_NoDAC_CI",2075,358.620037597366
"Global","Policy_NoDAC_CI_NorESM","Policy_NoDAC_CI",2080,371.734799418511
"Global","Policy_NoDAC_CI_NorESM","Policy_NoDAC_CI",2085,383.732672730313
"Global","Policy_NoDAC_CI_NorESM","Policy_NoDAC_CI",2090,391.709315101791
"Global","Policy_NoDAC_CI_NorESM","Policy_NoDAC_CI",2095,397.451802176196
"Global","Policy_NoDAC_CI_NorESM","Policy_NoDAC_CI",2100,402.443684825545
"Global","Reference","Reference",1990,41.37371036119
"Global","Reference","Reference",2005,64.06208638416
"Global","Reference","Reference",2010,75.50154684438
"Global","Reference","Reference",2015,85.370530684253
"Global","Reference","Reference",2020,97.9289126131969
"Global","Reference","Reference",2025,116.696029700221
"Global","Reference","Reference",2030,135.386205895331
"Global","Reference","Reference",2035,153.744896474282
"Global","Reference","Reference",2040,172.1985828325
"Global","Reference","Reference",2045,190.376351339365
"Global","Reference","Reference",2050,206.645501457245
"Global","Reference","Reference",2055,223.703396929234
"Global","Reference","Reference",2060,240.097788400636
"Global","Reference","Reference",2065,255.332069732613
"Global","Reference","Reference",2070,272.409401670319
"Global","Reference","Reference",2075,287.94179391684
"Global","Reference","Reference",2080,300.2343575103
"Global","Reference","Reference",2085,311.765077971689
"Global","Reference","Reference",2090,321.959919331548
"Global","Reference","Reference",2095,331.106448054959
"Global","Reference","Reference",2100,339.892288677706
"Global","Reference_CI_GFDL","Reference_CI",1990,41.37371036119
"Global","Reference_CI_GFDL","Reference_CI",2005,64.06208638416
"Global","Reference_CI_GFDL","Reference_CI",2010,75.50154684438
"Global","Reference_CI_GFDL","Reference_CI",2015,85.370530684253
"Global","Reference_CI_GFDL","Reference_CI",2020,97.9236670360602
"Global","Reference_CI_GFDL","Reference_CI",2025,116.644814850128
"Global","Reference_CI_GFDL","Reference_CI",2030,135.310268909509
"Global","Reference_CI_GFDL","Reference_CI",2035,154.007082019145
"Global","Reference_CI_GFDL","Reference_CI",2040,172.461202713834
"Global","Reference_CI_GFDL","Reference_CI",2045,190.547425031245
"Global","Reference_CI_GFDL","Reference_CI",2050,206.668337772095
"Global","Reference_CI_GFDL","Reference_CI",2055,223.555602214153
"Global","Reference_CI_GFDL","Reference_CI",2060,239.700183791002
"Global","Reference_CI_GFDL","Reference_CI",2065,254.805246805505
"Global","Reference_CI_GFDL","Reference_CI",2070,271.878896225177
"Global","Reference_CI_GFDL","Reference_CI",2075,287.221376450579
"Global","Reference_CI_GFDL","Reference_CI",2080,298.93383420983
"Global","Reference_CI_GFDL","Reference_CI",2085,310.41812518236
"Global","Reference_CI_GFDL","Reference_CI",2090,320.620309214367
"Global","Reference_CI_GFDL","Reference_CI",2095,329.95155115949
"Global","Reference_CI_GFDL","Reference_CI",2100,338.132867204766
"Global","Reference_CI_HadGEM","Reference_CI",1990,41.37371036119
"Global","Reference_CI_HadGEM","Reference_CI",2005,64.06208638416
"Global","Reference_CI_HadGEM","Reference_CI",2010,75.50154684438
"Global","Reference_CI_HadGEM","Reference_CI",2015,85.370530684253
"Global","Reference_CI_HadGEM","Reference_CI",2020,97.9747310565302
"Global","Reference_CI_HadGEM","Reference_CI",2025,116.678049912497
"Global","Reference_CI_HadGEM","Reference_CI",2030,135.347410842075
"Global","Reference_CI_HadGEM","Reference_CI",2035,154.097406569023
"Global","Reference_CI_HadGEM","Reference_CI",2040,172.656646892367
"Global","Reference_CI_HadGEM","Reference_CI",2045,190.824063038189
"Global","Reference_CI_HadGEM","Reference_CI",2050,207.119098421542
"Global","Reference_CI_HadGEM","Reference_CI",2055,224.165857199502
"Global","Reference_CI_HadGEM","Reference_CI",2060,240.672229793248
"Global","Reference_CI_HadGEM","Reference_CI",2065,256.084690660278
"Global","Reference_CI_HadGEM","Reference_CI",2070,273.259315357975
"Global","Reference_CI_HadGEM","Reference_CI",2075,288.799829998213
"Global","Reference_CI_HadGEM","Reference_CI",2080,301.143476247609
"Global","Reference_CI_HadGEM","Reference_CI",2085,312.656133672231
"Global","Reference_CI_HadGEM","Reference_CI",2090,323.181491409549
"Global","Reference_CI_HadGEM","Reference_CI",2095,332.4393837305
"Global","Reference_CI_HadGEM","Reference_CI",2100,340.863368516809
"Global","Reference_CI_IPSL","Reference_CI",1990,41.37371036119
"Global","Reference_CI_IPSL","Reference_CI",2005,64.06208638416
"Global","Reference_CI_IPSL","Reference_CI",2010,75.50154684438
"Global","Reference_CI_IPSL","Reference_CI",2015,85.370530684253
"Global","Reference_CI_IPSL","Reference_CI",2020,98.0024074470277
"Global","Reference_CI_IPSL","Reference_CI",2025,116.71710553584
"Global","Reference_CI_IPSL","Reference_CI",2030,135.398262828135
"Global","Reference_CI_IPSL","Reference_CI",2035,154.134455366877
"Global","Reference_CI_IPSL","Reference_CI",2040,172.712863501193
"Global","Reference_CI_IPSL","Reference_CI",2045,190.866527417414
"Global","Reference_CI_IPSL","Reference_CI",2050,207.186327763062
"Global","Reference_CI_IPSL","Reference_CI",2055,224.231550537456
"Global","Reference_CI_IPSL","Reference_CI",2060,240.82823370405
"Global","Reference_CI_IPSL","Reference_CI",2065,256.241824449415
"Global","Reference_CI_IPSL","Reference_CI",2070,273.508286555254
"Global","Reference_CI_IPSL","Reference_CI",2075,289.152940668682
"Global","Reference_CI_IPSL","Reference_CI",2080,301.497286895908
"Global","Reference_CI_IPSL","Reference_CI",2085,313.257960864894
"Global","Reference_CI_IPSL","Reference_CI",2090,323.760447072887
"Global","Reference_CI_IPSL","Reference_CI",2095,333.260378379616
"Global","Reference_CI_IPSL","Reference_CI",2100,341.920782599781
"Global","Reference_CI_MIROC","Reference_CI",1990,41.37371036119
"Global","Reference_CI_MIROC","Reference_CI",2005,64.06208638416
"Global","Reference_CI_MIROC","Reference_CI",2010,75.50154684438
"Global","Reference_CI_MIROC","Reference_CI",2015,85.370530684253
"Global","Reference_CI_MIROC","Reference_CI",2020,97.9494664329298
"Global","Reference_CI_MIROC","Reference_CI",2025,116.692094342673
"Global","Reference_CI_MIROC","Reference_CI",2030,135.34463076881
"Global","Reference_CI_MIROC","Reference_CI",2035,154.061347470294
"Global","Reference_CI_MIROC","Reference_CI",2040,172.644008059655
"Global","Reference_CI_MIROC","Reference_CI",2045,190.856352327242
"Global","Reference_CI_MIROC","Reference_CI",2050,207.147561769111
"Global","Reference_CI_MIROC","Reference_CI",2055,224.207646811221
"Global","Reference_CI_MIROC","Reference_CI",2060,240.783998116084
"Global","Reference_CI_MIROC","Reference_CI",2065,256.108434592059
"Global","Reference_CI_MIROC","Reference_CI",2070,273.294068540447
"Global","Reference_CI_MIROC","Reference_CI",2075,289.091688561243
"Global","Reference_CI_MIROC","Reference_CI",2080,301.406494059532
"Global","Reference_CI_MIROC","Reference_CI",2085,313.180414681349
"Global","Reference_CI_MIROC","Reference_CI",2090,323.676428163434
"Global","Reference_CI_MIROC","Reference_CI",2095,333.28271708235
"Global","Reference_CI_MIROC","Reference_CI",2100,342.112751417704
"Global","Reference_CI_NorESM","Reference_CI",1990,41.37371036119
"Global","Reference_CI_NorESM","Reference_CI",2005,64.06208638416
"Global","Reference_CI_NorESM","Reference_CI",2010,75.50154684438
"Global","Reference_CI_NorESM","Reference_CI",2015,85.370530684253
"Global","Reference_CI_NorESM","Reference_CI",2020,97.9645646168267
"Global","Reference_CI_NorESM","Reference_CI",2025,116.704077199959
"Global","Reference_CI_NorESM","Reference_CI",2030,135.375692208819
"Global","Reference_CI_NorESM","Reference_CI",2035,154.102794315785
"Global","Reference_CI_NorESM","Reference_CI",2040,172.594070057305
"Global","Reference_CI_NorESM","Reference_CI",2045,190.691647003217
"Global","Reference_CI_NorESM","Reference_CI",2050,206.874310307572
"Global","Reference_CI_NorESM","Reference_CI",2055,223.882376564572
"Global","Reference_CI_NorESM","Reference_CI",2060,240.265357784175
"Global","Reference_CI_NorESM","Reference_CI",2065,255.447466767813
"Global","Reference_CI_NorESM","Reference_CI",2070,272.51612761742
"Global","Reference_CI_NorESM","Reference_CI",2075,287.874037476347
"Global","Reference_CI_NorESM","Reference_CI",2080,300.103615823927
"Global","Reference_CI_NorESM","Reference_CI",2085,311.254931231479
"Global","Reference_CI_NorESM","Reference_CI",2090,321.393026693501
"Global","Reference_CI_NorESM","Reference_CI",2095,330.227589780833
"Global","Reference_CI_NorESM","Reference_CI",2100,338.706118382617
"Taiwan","Policy","Policy",1990,0.3011618602
"Taiwan","Policy","Policy",2005,0.67343184348
"Taiwan","Policy","Policy",2010,0.7569234102
"Taiwan","Policy","Policy",2015,0.80327714
"Taiwan","Policy","Policy",2020,1.1263656544
"Taiwan","Policy","Policy",2025,1.281721656
"Taiwan","Policy","Policy",2030,1.3956617718
"Taiwan","Policy","Policy",2035,1.5872117677
"Taiwan","Policy","Policy",2040,1.6714599767
"Taiwan","Policy","Policy",2045,1.7589553111
"Taiwan","Policy","Policy",2050,1.8763195595
"Taiwan","Policy","Policy",2055,2.034038715
"Taiwan","Policy","Policy",2060,2.2660837791
"Taiwan","Policy","Policy",2065,2.152903988
"Taiwan","Policy","Policy",2070,2.16697418
"Taiwan","Policy","Policy",2075,2.188191108
"Taiwan","Policy","Policy",2080,2.208366435
"Taiwan","Policy","Policy",2085,2.233362408
"Taiwan","Policy","Policy",2090,2.344346038
"Taiwan","Policy","Policy",2095,2.398523883
"Taiwan","Policy","Policy",2100,2.447719887
"Taiwan","Policy_CI_GFDL","Policy_CI",1990,0.3011618602
"Taiwan","Policy_CI_GFDL","Policy_CI",2005,0.67343184348
"Taiwan","Policy_CI_GFDL","Policy_CI",2010,0.7569234102
"Taiwan","Policy_CI_GFDL","Policy_CI",2015,0.80327714
"Taiwan","Policy_CI_GFDL","Policy_CI",2020,1.12699278043
"Taiwan","Policy_CI_GFDL","Policy_CI",2025,1.28226265266
"Taiwan","Policy_CI_GFDL","Policy_CI",2030,1.39594792522
"Taiwan","Policy_CI_GFDL","Policy_CI",2035,1.58982029812
"Taiwan","Policy_CI_GFDL","Policy_CI",2040,1.67283833712
"Taiwan","Policy_CI_GFDL","Policy_CI",2045,1.76031214302
"Taiwan","Policy_CI_GFDL","Policy_CI",2050,1.87645147799
"Taiwan","Policy_CI_GFDL","Policy_CI",2055,2.03279184226
"Taiwan","Policy_CI_GFDL","Policy_CI",2060,2.2671169077
"Taiwan","Policy_CI_GFDL","Policy_CI",2065,2.153158584
"Taiwan","Policy_CI_GFDL","Policy_CI",2070,2.168422681
"Taiwan","Policy_CI_GFDL","Policy_CI",2075,2.189419159
"Taiwan","Policy_CI_GFDL","Policy_CI",2080,2.210390283
"Taiwan","Policy_CI_GFDL","Policy_CI",2085,2.236925217
"Taiwan","Policy_CI_GFDL","Policy_CI",2090,2.362013527
"Taiwan","Policy_CI_GFDL","Policy_CI",2095,2.404426849
"Taiwan","Policy_CI_GFDL","Policy_CI",2100,2.454379078
"Taiwan","Policy_CI_HadGEM","Policy_CI",1990,0.3011618602
"Taiwan","Policy_CI_HadGEM","Policy_CI",2005,0.67343184348
"Taiwan","Policy_CI_HadGEM","Policy_CI",2010,0.7569234102
"Taiwan","Policy_CI_HadGEM","Policy_CI",2015,0.80327714
"Taiwan","Policy_CI_HadGEM","Policy_CI",2020,1.12722893274
"Taiwan","Policy_CI_HadGEM","Policy_CI",2025,1.28237362318
"Taiwan","Policy_CI_HadGEM","Policy_CI",2030,1.39598389157
"Taiwan","Policy_CI_HadGEM","Policy_CI",2035,1.59006627197
"Taiwan","Policy_CI_HadGEM","Policy_CI",2040,1.67298590197
"Taiwan","Policy_CI_HadGEM","Policy_CI",2045,1.76013061227
"Taiwan","Policy_CI_HadGEM","Policy_CI",2050,1.87595861703
"Taiwan","Policy_CI_HadGEM","Policy_CI",2055,2.03121474529
"Taiwan","Policy_CI_HadGEM","Policy_CI",2060,2.2596932634
"Taiwan","Policy_CI_HadGEM","Policy_CI",2065,2.147208946
"Taiwan","Policy_CI_HadGEM","Policy_CI",2070,2.161132589
"Taiwan","Policy_CI_HadGEM","Policy_CI",2075,2.182600879
"Taiwan","Policy_CI_HadGEM","Policy_CI",2080,2.202577676
"Taiwan","Policy_CI_HadGEM","Policy_CI",2085,2.227353162
"Taiwan","Policy_CI_HadGEM","Policy_CI",2090,2.325204739
"Taiwan","Policy_CI_HadGEM","Policy_CI",2095,2.390014801
"Taiwan","Policy_CI_HadGEM","Policy_CI",2100,2.441947449
"Taiwan","Policy_CI_IPSL","Policy_CI",1990,0.3011618602
"Taiwan","Policy_CI_IPSL","Policy_CI",2005,0.67343184348
"Taiwan","Policy_CI_IPSL","Policy_CI",2010,0.7569234102
"Taiwan","Policy_CI_IPSL","Policy_CI",2015,0.80327714
"Taiwan","Policy_CI_IPSL","Policy_CI",2020,1.12722259968
"Taiwan","Policy_CI_IPSL","Policy_CI",2025,1.28238995886
"Taiwan","Policy_CI_IPSL","Policy_CI",2030,1.39613859727
"Taiwan","Policy_CI_IPSL","Policy_CI",2035,1.59011252727
"Taiwan","Policy_CI_IPSL","Policy_CI",2040,1.67330519127
"Taiwan","Policy_CI_IPSL","Policy_CI",2045,1.76066378797
"Taiwan","Policy_CI_IPSL","Policy_CI",2050,1.87742186229
"Taiwan","Policy_CI_IPSL","Policy_CI",2055,2.03514873331
"Taiwan","Policy_CI_IPSL","Policy_CI",2060,2.2690243888
"Taiwan","Policy_CI_IPSL","Policy_CI",2065,2.152292698
"Taiwan","Policy_CI_IPSL","Policy_CI",2070,2.166548168
"Taiwan","Policy_CI_IPSL","Policy_CI",2075,2.187502117
"Taiwan","Policy_CI_IPSL","Policy_CI",2080,2.207157563
"Taiwan","Policy_CI_IPSL","Policy_CI",2085,2.232450727
"Taiwan","Policy_CI_IPSL","Policy_CI",2090,2.336943616
"Taiwan","Policy_CI_IPSL","Policy_CI",2095,2.398153591
"Taiwan","Policy_CI_IPSL","Policy_CI",2100,2.448056472
"Taiwan","Policy_CI_MIROC","Policy_CI",1990,0.3011618602
"Taiwan","Policy_CI_MIROC","Policy_CI",2005,0.67343184348
"Taiwan","Policy_CI_MIROC","Policy_CI",2010,0.7569234102
"Taiwan","Policy_CI_MIROC","Policy_CI",2015,0.80327714
"Taiwan","Policy_CI_MIROC","Policy_CI",2020,1.1270879837
"Taiwan","Policy_CI_MIROC","Policy_CI",2025,1.28222667871
"Taiwan","Policy_CI_MIROC","Policy_CI",2030,1.39598754101
"Taiwan","Policy_CI_MIROC","Policy_CI",2035,1.58980110901
"Taiwan","Policy_CI_MIROC","Policy_CI",2040,1.67302515001
"Taiwan","Policy_CI_MIROC","Policy_CI",2045,1.76057054961
"Taiwan","Policy_CI_MIROC","Policy_CI",2050,1.87778305871
"Taiwan","Policy_CI_MIROC","Policy_CI",2055,2.0356394725
"Taiwan","Policy_CI_MIROC","Policy_CI",2060,2.2690726118
"Taiwan","Policy_CI_MIROC","Policy_CI",2065,2.154356571
"Taiwan","Policy_CI_MIROC","Policy_CI",2070,2.169712461
"Taiwan","Policy_CI_MIROC","Policy_CI",2075,2.192109826
"Taiwan","Policy_CI_MIROC","Policy_CI",2080,2.212166494
"Taiwan","Policy_CI_MIROC","Policy_CI",2085,2.238390012
"Taiwan","Policy_CI_MIROC","Policy_CI",2090,2.364730719
"Taiwan","Policy_CI_MIROC","Policy_CI",2095,2.404763284
"Taiwan","Policy_CI_MIROC","Policy_CI",2100,2.45825508
"Taiwan","Policy_CI_NorESM","Policy_CI",1990,0.3011618602
"Taiwan","Policy_CI_NorESM","Policy_CI",2005,0.67343184348
"Taiwan","Policy_CI_NorESM","Policy_CI",2010,0.7569234102
"Taiwan","Policy_CI_NorESM","Policy_CI",2015,0.80327714
"Taiwan","Policy_CI_NorESM","Policy_CI",2020,1.12722112505
"Taiwan","Policy_CI_NorESM","Policy_CI",2025,1.28230367102
"Taiwan","Policy_CI_NorESM","Policy_CI",2030,1.39604542601
"Taiwan","Policy_CI_NorESM","Policy_CI",2035,1.59004443831
"Taiwan","Policy_CI_NorESM","Policy_CI",2040,1.67303933231
"Taiwan","Policy_CI_NorESM","Policy_CI",2045,1.76058987911
"Taiwan","Policy_CI_NorESM","Policy_CI",2050,1.87754131576
"Taiwan","Policy_CI_NorESM","Policy_CI",2055,2.03387940089
"Taiwan","Policy_CI_NorESM","Policy_CI",2060,2.2652488227
"Taiwan","Policy_CI_NorESM","Policy_CI",2065,2.151364579
"Taiwan","Policy_CI_NorESM","Policy_CI",2070,2.165473182
"Taiwan","Policy_CI_NorESM","Policy_CI",2075,2.187014725
"Taiwan","Policy_CI_NorESM","Policy_CI",2080,2.206281111
"Taiwan","Policy_CI_NorESM","Policy_CI",2085,2.234049462
"Taiwan","Policy_CI_NorESM","Policy_CI",2090,2.342467486
"Taiwan","Policy_CI_NorESM","Policy_CI",2095,2.397625777
"Taiwan","Policy_CI_NorESM","Policy_CI",2100,2.448413147
"Taiwan","Policy_NoDAC","Policy_NoDAC",1990,0.3011618602
"Taiwan","Policy_NoDAC","Policy_NoDAC",2005,0.67343184348
"Taiwan","Policy_NoDAC","Policy_NoDAC",2010,0.7569234102
"Taiwan","Policy_NoDAC","Policy_NoDAC",2015,0.80327714
"Taiwan","Policy_NoDAC","Policy_NoDAC",2020,1.12636568461
"Taiwan","Policy_NoDAC","Policy_NoDAC",2025,1.281721163
"Taiwan","Policy_NoDAC","Policy_NoDAC",2030,1.39566730912
"Taiwan","Policy_NoDAC","Policy_NoDAC",2035,1.58719933202
"Taiwan","Policy_NoDAC","Policy_NoDAC",2040,1.67192414902
"Taiwan","Policy_NoDAC","Policy_NoDAC",2045,1.76314279232
"Taiwan","Policy_NoDAC","Policy_NoDAC",2050,1.90309225171
"Taiwan","Policy_NoDAC","Policy_NoDAC",2055,2.01585350752
"Taiwan","Policy_NoDAC","Policy_NoDAC",2060,2.068520187
"Taiwan","Policy_NoDAC","Policy_NoDAC",2065,2.08784713346
"Taiwan","Policy_NoDAC","Policy_NoDAC",2070,2.10517173195
"Taiwan","Policy_NoDAC","Policy_NoDAC",2075,2.12596726172
"Taiwan","Policy_NoDAC","Policy_NoDAC",2080,2.14246868128
"Taiwan","Policy_NoDAC","Policy_NoDAC",2085,2.15102413239
"Taiwan","Policy_NoDAC","Policy_NoDAC",2090,2.158712195731
"Taiwan","Policy_NoDAC","Policy_NoDAC",2095,2.167371502546
"Taiwan","Policy_NoDAC","Policy_NoDAC",2100,2.182951072118
"Taiwan","Policy_NoDAC_CI_GFDL","Policy_NoDAC_CI",1990,0.3011618602
"Taiwan","Policy_NoDAC_CI_GFDL","Policy_NoDAC_CI",2005,0.67343184348
"Taiwan","Policy_NoDAC_CI_GFDL","Policy_NoDAC_CI",2010,0.7569234102
"Taiwan","Policy_NoDAC_CI_GFDL","Policy_NoDAC_CI",2015,0.80327714
"Taiwan","Policy_NoDAC_CI_GFDL","Policy_NoDAC_CI",2020,1.12699099012
"Taiwan","Policy_NoDAC_CI_GFDL","Policy_NoDAC_CI",2025,1.28226201054
"Taiwan","Policy_NoDAC_CI_GFDL","Policy_NoDAC_CI",2030,1.39595886253
"Taiwan","Policy_NoDAC_CI_GFDL","Policy_NoDAC_CI",2035,1.58979997983
"Taiwan","Policy_NoDAC_CI_GFDL","Policy_NoDAC_CI",2040,1.67329008983
"Taiwan","Policy_NoDAC_CI_GFDL","Policy_NoDAC_CI",2045,1.76441893583
"Taiwan","Policy_NoDAC_CI_GFDL","Policy_NoDAC_CI",2050,1.90205189381
"Taiwan","Policy_NoDAC_CI_GFDL","Policy_NoDAC_CI",2055,2.01353135729
"Taiwan","Policy_NoDAC_CI_GFDL","Policy_NoDAC_CI",2060,2.0686632345
"Taiwan","Policy_NoDAC_CI_GFDL","Policy_NoDAC_CI",2065,2.08697749924
"Taiwan","Policy_NoDAC_CI_GFDL","Policy_NoDAC_CI",2070,2.10583312861
"Taiwan","Policy_NoDAC_CI_GFDL","Policy_NoDAC_CI",2075,2.12579403397
"Taiwan","Policy_NoDAC_CI_GFDL","Policy_NoDAC_CI",2080,2.14344201621
"Taiwan","Policy_NoDAC_CI_GFDL","Policy_NoDAC_CI",2085,2.15278659636
"Taiwan","Policy_NoDAC_CI_GFDL","Policy_NoDAC_CI",2090,2.161102841545
"Taiwan","Policy_NoDAC_CI_GFDL","Policy_NoDAC_CI",2095,2.170336382486
"Taiwan","Policy_NoDAC_CI_GFDL","Policy_NoDAC_CI",2100,2.185616901063
"Taiwan","Policy_NoDAC_CI_HadGEM","Policy_NoDAC_CI",1990,0.3011618602
"Taiwan","Policy_NoDAC_CI_HadGEM","Policy_NoDAC_CI",2005,0.67343184348
"Taiwan","Policy_NoDAC_CI_HadGEM","Policy_NoDAC_CI",2010,0.7569234102
"Taiwan","Policy_NoDAC_CI_HadGEM","Policy_NoDAC_CI",2015,0.80327714
"Taiwan","Policy_NoDAC_CI_HadGEM","Policy_NoDAC_CI",2020,1.12722913274
"Taiwan","Policy_NoDAC_CI_HadGEM","Policy_NoDAC_CI",2025,1.28237342107
"Taiwan","Policy_NoDAC_CI_HadGEM","Policy_NoDAC_CI",2030,1.39598860908
"Taiwan","Policy_NoDAC_CI_HadGEM","Policy_NoDAC_CI",2035,1.59004890938
"Taiwan","Policy_NoDAC_CI_HadGEM","Policy_NoDAC_CI",2040,1.67343506738
"Taiwan","Policy_NoDAC_CI_HadGEM","Policy_NoDAC_CI",2045,1.76424072468
"Taiwan","Policy_NoDAC_CI_HadGEM","Policy_NoDAC_CI",2050,1.90153364444
"Taiwan","Policy_NoDAC_CI_HadGEM","Policy_NoDAC_CI",2055,2.01230492471
"Taiwan","Policy_NoDAC_CI_HadGEM","Policy_NoDAC_CI",2060,2.0653452016
"Taiwan","Policy_NoDAC_CI_HadGEM","Policy_NoDAC_CI",2065,2.0842339616
"Taiwan","Policy_NoDAC_CI_HadGEM","Policy_NoDAC_CI",2070,2.10120862967
"Taiwan","Policy_NoDAC_CI_HadGEM","Policy_NoDAC_CI",2075,2.12210000262
"Taiwan","Policy_NoDAC_CI_HadGEM","Policy_NoDAC_CI",2080,2.13921078998
"Taiwan","Policy_NoDAC_CI_HadGEM","Policy_NoDAC_CI",2085,2.14780325491
"Taiwan","Policy_NoDAC_CI_HadGEM","Policy_NoDAC_CI",2090,2.155601355892
"Taiwan","Policy_NoDAC_CI_HadGEM","Policy_NoDAC_CI",2095,2.164153364172
"Taiwan","Policy_NoDAC_CI_HadGEM","Policy_NoDAC_CI",2100,2.181369521768
"Taiwan","Policy_NoDAC_CI_IPSL","Policy_NoDAC_CI",1990,0.3011618602
"Taiwan","Policy_NoDAC_CI_IPSL","Policy_NoDAC_CI",2005,0.67343184348
"Taiwan","Policy_NoDAC_CI_IPSL","Policy_NoDAC_CI",2010,0.7569234102
"Taiwan","Policy_NoDAC_CI_IPSL","Policy_NoDAC_CI",2015,0.80327714
"Taiwan","Policy_NoDAC_CI_IPSL","Policy_NoDAC_CI",2020,1.12722259968
"Taiwan","Policy_NoDAC_CI_IPSL","Policy_NoDAC_CI",2025,1.28244658431
"Taiwan","Policy_NoDAC_CI_IPSL","Policy_NoDAC_CI",2030,1.39614709987
"Taiwan","Policy_NoDAC_CI_IPSL","Policy_NoDAC_CI",2035,1.59010982917
"Taiwan","Policy_NoDAC_CI_IPSL","Policy_NoDAC_CI",2040,1.67382063317
"Taiwan","Policy_NoDAC_CI_IPSL","Policy_NoDAC_CI",2045,1.76506133487
"Taiwan","Policy_NoDAC_CI_IPSL","Policy_NoDAC_CI",2050,1.90460960219
"Taiwan","Policy_NoDAC_CI_IPSL","Policy_NoDAC_CI",2055,2.01686269516
"Taiwan","Policy_NoDAC_CI_IPSL","Policy_NoDAC_CI",2060,2.0704465681
"Taiwan","Policy_NoDAC_CI_IPSL","Policy_NoDAC_CI",2065,2.08615077576
"Taiwan","Policy_NoDAC_CI_IPSL","Policy_NoDAC_CI",2070,2.10391093707
"Taiwan","Policy_NoDAC_CI_IPSL","Policy_NoDAC_CI",2075,2.12494959468
"Taiwan","Policy_NoDAC_CI_IPSL","Policy_NoDAC_CI",2080,2.14155488754
"Taiwan","Policy_NoDAC_CI_IPSL","Policy_NoDAC_CI",2085,2.15034458757
"Taiwan","Policy_NoDAC_CI_IPSL","Policy_NoDAC_CI",2090,2.157177006071
"Taiwan","Policy_NoDAC_CI_IPSL","Policy_NoDAC_CI",2095,2.167436525016
"Taiwan","Policy_NoDAC_CI_IPSL","Policy_NoDAC_CI",2100,2.182133217497
"Taiwan","Policy_NoDAC_CI_MIROC","Policy_NoDAC_CI",1990,0.3011618602
"Taiwan","Policy_NoDAC_CI_MIROC","Policy_NoDAC_CI",2005,0.67343184348
"Taiwan","Policy_NoDAC_CI_MIROC","Policy_NoDAC_CI",2010,0.7569234102
"Taiwan","Policy_NoDAC_CI_MIROC","Policy_NoDAC_CI",2015,0.80327714
"Taiwan","Policy_NoDAC_CI_MIROC","Policy_NoDAC_CI",2020,1.1270880836
"Taiwan","Policy_NoDAC_CI_MIROC","Policy_NoDAC_CI",2025,1.2822263996
"Taiwan","Policy_NoDAC_CI_MIROC","Policy_NoDAC_CI",2030,1.39599557714
"Taiwan","Policy_NoDAC_CI_MIROC","Policy_NoDAC_CI",2035,1.58977552874
"Taiwan","Policy_NoDAC_CI_MIROC","Policy_NoDAC_CI",2040,1.67350966674
"Taiwan","Policy_NoDAC_CI_MIROC","Policy_NoDAC_CI",2045,1.76482990134
"Taiwan","Policy_NoDAC_CI_MIROC","Policy_NoDAC_CI",2050,1.90457006354
"Taiwan","Policy_NoDAC_CI_MIROC","Policy_NoDAC_CI",2055,2.01717101584
"Taiwan","Policy_NoDAC_CI_MIROC","Policy_NoDAC_CI",2060,2.0700869706
"Taiwan","Policy_NoDAC_CI_MIROC","Policy_NoDAC_CI",2065,2.08950818392
"Taiwan","Policy_NoDAC_CI_MIROC","Policy_NoDAC_CI",2070,2.10735730794
"Taiwan","Policy_NoDAC_CI_MIROC","Policy_NoDAC_CI",2075,2.12892240259
"Taiwan","Policy_NoDAC_CI_MIROC","Policy_NoDAC_CI",2080,2.14554358414
"Taiwan","Policy_NoDAC_CI_MIROC","Policy_NoDAC_CI",2085,2.15426157097
"Taiwan","Policy_NoDAC_CI_MIROC","Policy_NoDAC_CI",2090,2.160874588475
"Taiwan","Policy_NoDAC_CI_MIROC","Policy_NoDAC_CI",2095,2.16949942219
"Taiwan","Policy_NoDAC_CI_MIROC","Policy_NoDAC_CI",2100,2.183503812739
"Taiwan","Policy_NoDAC_CI_NorESM","Policy_NoDAC_CI",1990,0.3011618602
"Taiwan","Policy_NoDAC_CI_NorESM","Policy_NoDAC_CI",2005,0.67343184348
"Taiwan","Policy_NoDAC_CI_NorESM","Policy_NoDAC_CI",2010,0.7569234102
"Taiwan","Policy_NoDAC_CI_NorESM","Policy_NoDAC_CI",2015,0.80327714
"Taiwan","Policy_NoDAC_CI_NorESM","Policy_NoDAC_CI",2020,1.12722119484
"Taiwan","Policy_NoDAC_CI_NorESM","Policy_NoDAC_CI",2025,1.28230374579
"Taiwan","Policy_NoDAC_CI_NorESM","Policy_NoDAC_CI",2030,1.39605647311
"Taiwan","Policy_NoDAC_CI_NorESM","Policy_NoDAC_CI",2035,1.59002989601
"Taiwan","Policy_NoDAC_CI_NorESM","Policy_NoDAC_CI",2040,1.67348073401
"Taiwan","Policy_NoDAC_CI_NorESM","Policy_NoDAC_CI",2045,1.76469188491
"Taiwan","Policy_NoDAC_CI_NorESM","Policy_NoDAC_CI",2050,1.90366795857
"Taiwan","Policy_NoDAC_CI_NorESM","Policy_NoDAC_CI",2055,2.01468007142
"Taiwan","Policy_NoDAC_CI_NorESM","Policy_NoDAC_CI",2060,2.0673075275
"Taiwan","Policy_NoDAC_CI_NorESM","Policy_NoDAC_CI",2065,2.08635426067
"Taiwan","Policy_NoDAC_CI_NorESM","Policy_NoDAC_CI",2070,2.10368226268
"Taiwan","Policy_NoDAC_CI_NorESM","Policy_NoDAC_CI",2075,2.12471513911
"Taiwan","Policy_NoDAC_CI_NorESM","Policy_NoDAC_CI",2080,2.14096524719
"Taiwan","Policy_NoDAC_CI_NorESM","Policy_NoDAC_CI",2085,2.15171074598
"Taiwan","Policy_NoDAC_CI_NorESM","Policy_NoDAC_CI",2090,2.158416748263
"Taiwan","Policy_NoDAC_CI_NorESM","Policy_NoDAC_CI",2095,2.166973174805
"Taiwan","Policy_NoDAC_CI_NorESM","Policy_NoDAC_CI",2100,2.18365356019
"Taiwan","Reference","Reference",1990,0.3011618602
"Taiwan","Reference","Reference",2005,0.67343184348
"Taiwan","Reference","Reference",2010,0.7569234102
"Taiwan","Reference","Reference",2015,0.80327714
"Taiwan","Reference","Reference",2020,1.12636430399
"Taiwan","Reference","Reference",2025,1.28468799058
"Taiwan","Reference","Reference",2030,1.39612076652
"Taiwan","Reference","Reference",2035,1.49124080732
"Taiwan","Reference","Reference",2040,1.56850106402
"Taiwan","Reference","Reference",2045,1.63253095872
"Taiwan","Reference","Reference",2050,1.67646105833
"Taiwan","Reference","Reference",2055,1.71339115234
"Taiwan","Reference","Reference",2060,1.748447475
"Taiwan","Reference","Reference",2065,1.8076515659
"Taiwan","Reference","Reference",2070,1.8610789872
"Taiwan","Reference","Reference",2075,1.9060086821
"Taiwan","Reference","Reference",2080,1.943458679
"Taiwan","Reference","Reference",2085,1.974762207
"Taiwan","Reference","Reference",2090,2.005028518
"Taiwan","Reference","Reference",2095,2.02772049
"Taiwan","Reference","Reference",2100,2.052131441
"Taiwan","Reference_CI_GFDL","Reference_CI",1990,0.3011618602
"Taiwan","Reference_CI_GFDL","Reference_CI",2005,0.67343184348
"Taiwan","Reference_CI_GFDL","Reference_CI",2010,0.7569234102
"Taiwan","Reference_CI_GFDL","Reference_CI",2015,0.80327714
"Taiwan","Reference_CI_GFDL","Reference_CI",2020,1.1272332823
"Taiwan","Reference_CI_GFDL","Reference_CI",2025,1.28512837347
"Taiwan","Reference_CI_GFDL","Reference_CI",2030,1.39648714003
"Taiwan","Reference_CI_GFDL","Reference_CI",2035,1.49964176483
"Taiwan","Reference_CI_GFDL","Reference_CI",2040,1.57539212783
"Taiwan","Reference_CI_GFDL","Reference_CI",2045,1.63733815263
"Taiwan","Reference_CI_GFDL","Reference_CI",2050,1.67976112493
"Taiwan","Reference_CI_GFDL","Reference_CI",2055,1.71551625876
"Taiwan","Reference_CI_GFDL","Reference_CI",2060,1.7493217641
"Taiwan","Reference_CI_GFDL","Reference_CI",2065,1.8065609403
"Taiwan","Reference_CI_GFDL","Reference_CI",2070,1.8587527333
"Taiwan","Reference_CI_GFDL","Reference_CI",2075,1.9030187623
"Taiwan","Reference_CI_GFDL","Reference_CI",2080,1.937528107
"Taiwan","Reference_CI_GFDL","Reference_CI",2085,1.968253184
"Taiwan","Reference_CI_GFDL","Reference_CI",2090,1.998066551
"Taiwan","Reference_CI_GFDL","Reference_CI",2095,2.020643428
"Taiwan","Reference_CI_GFDL","Reference_CI",2100,2.045824146
"Taiwan","Reference_CI_HadGEM","Reference_CI",1990,0.3011618602
"Taiwan","Reference_CI_HadGEM","Reference_CI",2005,0.67343184348
"Taiwan","Reference_CI_HadGEM","Reference_CI",2010,0.7569234102
"Taiwan","Reference_CI_HadGEM","Reference_CI",2015,0.80327714
"Taiwan","Reference_CI_HadGEM","Reference_CI",2020,1.12706835696
"Taiwan","Reference_CI_HadGEM","Reference_CI",2025,1.28513559802
"Taiwan","Reference_CI_HadGEM","Reference_CI",2030,1.3964806011
"Taiwan","Reference_CI_HadGEM","Reference_CI",2035,1.4997175017
"Taiwan","Reference_CI_HadGEM","Reference_CI",2040,1.5757008194
"Taiwan","Reference_CI_HadGEM","Reference_CI",2045,1.6378239303
"Taiwan","Reference_CI_HadGEM","Reference_CI",2050,1.68055424864
"Taiwan","Reference_CI_HadGEM","Reference_CI",2055,1.71646559008
"Taiwan","Reference_CI_HadGEM","Reference_CI",2060,1.7508804811
"Taiwan","Reference_CI_HadGEM","Reference_CI",2065,1.8087804566
"Taiwan","Reference_CI_HadGEM","Reference_CI",2070,1.8613676109
"Taiwan","Reference_CI_HadGEM","Reference_CI",2075,1.9061419576
"Taiwan","Reference_CI_HadGEM","Reference_CI",2080,1.942392007
"Taiwan","Reference_CI_HadGEM","Reference_CI",2085,1.97397463
"Taiwan","Reference_CI_HadGEM","Reference_CI",2090,2.005302734
"Taiwan","Reference_CI_HadGEM","Reference_CI",2095,2.028335199
"Taiwan","Reference_CI_HadGEM","Reference_CI",2100,2.05412837
"Taiwan","Reference_CI_IPSL","Reference_CI",1990,0.3011618602
"Taiwan","Reference_CI_IPSL","Reference_CI",2005,0.67343184348
"Taiwan","Reference_CI_IPSL","Reference_CI",2010,0.7569234102
"Taiwan","Reference_CI_IPSL","Reference_CI",2015,0.80327714
"Taiwan","Reference_CI_IPSL","Reference_CI",2020,1.12706947093
"Taiwan","Reference_CI_IPSL","Reference_CI",2025,1.28515254958
"Taiwan","Reference_CI_IPSL","Reference_CI",2030,1.39654048426
"Taiwan","Reference_CI_IPSL","Reference_CI",2035,1.49952870306
"Taiwan","Reference_CI_IPSL","Reference_CI",2040,1.57558439326
"Taiwan","Reference_CI_IPSL","Reference_CI",2045,1.63773727966
"Taiwan","Reference_CI_IPSL","Reference_CI",2050,1.68059596033
"Taiwan","Reference_CI_IPSL","Reference_CI",2055,1.71650508748
"Taiwan","Reference_CI_IPSL","Reference_CI",2060,1.7511150635
"Taiwan","Reference_CI_IPSL","Reference_CI",2065,1.8090324421
"Taiwan","Reference_CI_IPSL","Reference_CI",2070,1.8617317149
"Taiwan","Reference_CI_IPSL","Reference_CI",2075,1.9065716509
"Taiwan","Reference_CI_IPSL","Reference_CI",2080,1.942896203
"Taiwan","Reference_CI_IPSL","Reference_CI",2085,1.975257398
"Taiwan","Reference_CI_IPSL","Reference_CI",2090,2.006782567
"Taiwan","Reference_CI_IPSL","Reference_CI",2095,2.030947663
"Taiwan","Reference_CI_IPSL","Reference_CI",2100,2.057499918
"Taiwan","Reference_CI_MIROC","Reference_CI",1990,0.3011618602
"Taiwan","Reference_CI_MIROC","Reference_CI",2005,0.67343184348
"Taiwan","Reference_CI_MIROC","Reference_CI",2010,0.7569234102
"Taiwan","Reference_CI_MIROC","Reference_CI",2015,0.80327714
"Taiwan","Reference_CI_MIROC","Reference_CI",2020,1.12718583941
"Taiwan","Reference_CI_MIROC","Reference_CI",2025,1.28518522088
"Taiwan","Reference_CI_MIROC","Reference_CI",2030,1.39655595629
"Taiwan","Reference_CI_MIROC","Reference_CI",2035,1.49880611889
"Taiwan","Reference_CI_MIROC","Reference_CI",2040,1.57489969049
"Taiwan","Reference_CI_MIROC","Reference_CI",2045,1.63741330039
"Taiwan","Reference_CI_MIROC","Reference_CI",2050,1.68022543748
"Taiwan","Reference_CI_MIROC","Reference_CI",2055,1.71615039461
"Taiwan","Reference_CI_MIROC","Reference_CI",2060,1.7507429556
"Taiwan","Reference_CI_MIROC","Reference_CI",2065,1.808685781
"Taiwan","Reference_CI_MIROC","Reference_CI",2070,1.8615095804
"Taiwan","Reference_CI_MIROC","Reference_CI",2075,1.9068859742
"Taiwan","Reference_CI_MIROC","Reference_CI",2080,1.943424616
"Taiwan","Reference_CI_MIROC","Reference_CI",2085,1.975903505
"Taiwan","Reference_CI_MIROC","Reference_CI",2090,2.007520112
"Taiwan","Reference_CI_MIROC","Reference_CI",2095,2.03181835
"Taiwan","Reference_CI_MIROC","Reference_CI",2100,2.058838774
"Taiwan","Reference_CI_NorESM","Reference_CI",1990,0.3011618602
"Taiwan","Reference_CI_NorESM","Reference_CI",2005,0.67343184348
"Taiwan","Reference_CI_NorESM","Reference_CI",2010,0.7569234102
"Taiwan","Reference_CI_NorESM","Reference_CI",2015,0.80327714
"Taiwan","Reference_CI_NorESM","Reference_CI",2020,1.12726127132
"Taiwan","Reference_CI_NorESM","Reference_CI",2025,1.28521560798
"Taiwan","Reference_CI_NorESM","Reference_CI",2030,1.39657857329
"Taiwan","Reference_CI_NorESM","Reference_CI",2035,1.49941791249
"Taiwan","Reference_CI_NorESM","Reference_CI",2040,1.57525094009
"Taiwan","Reference_CI_NorESM","Reference_CI",2045,1.63727691369
"Taiwan","Reference_CI_NorESM","Reference_CI",2050,1.67985120287
"Taiwan","Reference_CI_NorESM","Reference_CI",2055,1.71581260541
"Taiwan","Reference_CI_NorESM","Reference_CI",2060,1.7500196798
"Taiwan","Reference_CI_NorESM","Reference_CI",2065,1.8074899358
"Taiwan","Reference_CI_NorESM","Reference_CI",2070,1.8596623362
"Taiwan","Reference_CI_NorESM","Reference_CI",2075,1.9039319169
"Taiwan","Reference_CI_NorESM","Reference_CI",2080,1.939435474
"Taiwan","Reference_CI_NorESM","Reference_CI",2085,1.96989561
"Taiwan","Reference_CI_NorESM","Reference_CI",2090,1.999837165
"Taiwan","Reference_CI_NorESM","Reference_CI",2095,2.02135921
"Taiwan","Reference_CI_NorESM","Reference_CI",2100,2.046986503
