region,Name,landuse,year,Difference,Rel_Dif,,
China,Policy,biomass,1990,0,NA,,
China,Policy,biomass,2005,0,NA,,
China,Policy,biomass,2010,0,NA,,
China,Policy,biomass,2015,0,NA,,
China,Policy,biomass,2020,-2.11E-05,-0.001345649,,
China,Policy,biomass,2025,0.43571332,29.07387299,,
China,Policy,biomass,2030,1.119061631,57.51833667,,
China,Policy,biomass,2035,5.704335221,215.6566858,,
China,Policy,biomass,2040,11.63699387,294.0389869,,
China,Policy,biomass,2045,16.06197951,214.8254012,,
China,Policy,biomass,2050,20.43378742,172.776476,,
China,Policy,biomass,2055,24.91226719,155.3782995,,
China,Policy,biomass,2060,30.41017308,152.185987,,
China,Policy,biomass,2065,29.86202539,122.9794693,,
China,Policy,biomass,2070,27.24765743,93.63983241,,
China,Policy,biomass,2075,23.86306015,68.53715177,,
China,Policy,biomass,2080,20.05709549,48.73265446,,
China,Policy,biomass,2085,15.8088907,33.18222528,,
China,Policy,biomass,2090,10.68603646,19.53571446,,
China,Policy,biomass,2095,6.121811081,9.792008097,,
China,Policy,biomass,2100,1.455439011,2.030130802,,
China,Policy,crops,1990,0,0,,
China,Policy,crops,2005,0,0,,
China,Policy,crops,2010,0,0,,
China,Policy,crops,2015,0,0,,
China,Policy,crops,2020,-0.000143761,-1.22E-05,,
China,Policy,crops,2025,-1.743574232,-0.147257977,,
China,Policy,crops,2030,2.664253042,0.227028762,,
China,Policy,crops,2035,-13.52092013,-1.165176135,,
China,Policy,crops,2040,-17.89362256,-1.566095681,,
China,Policy,crops,2045,-21.73054983,-1.940152407,,
China,Policy,crops,2050,-24.36161385,-2.229866446,,
China,Policy,crops,2055,-24.44907539,-2.295188308,,
China,Policy,crops,2060,-22.99380135,-2.220193578,,
China,Policy,crops,2065,-12.92389935,-1.285157847,,
China,Policy,crops,2070,-7.748733,-0.793536247,,
China,Policy,crops,2075,-5.697568526,-0.599947271,,
China,Policy,crops,2080,-5.596161484,-0.604663434,,
China,Policy,crops,2085,-5.967755044,-0.661153509,,
China,Policy,crops,2090,-5.242129012,-0.595300684,,
China,Policy,crops,2095,-3.576524287,-0.416112293,,
China,Policy,crops,2100,-2.188000557,-0.260348907,,
China,Policy,forest,1990,0,0,,
China,Policy,forest,2005,0,0,,
China,Policy,forest,2010,0,0,,
China,Policy,forest,2015,0,0,,
China,Policy,forest,2020,0.000111,7.90E-06,,
China,Policy,forest,2025,-34.20210646,-2.365455921,,
China,Policy,forest,2030,-38.72452817,-2.649814334,,
China,Policy,forest,2035,36.70642858,2.489616777,,
China,Policy,forest,2040,50.4107372,3.373893094,,
China,Policy,forest,2045,52.79725758,3.477501872,,
China,Policy,forest,2050,42.69066695,2.762639786,,
China,Policy,forest,2055,26.13776187,1.656424197,,
China,Policy,forest,2060,12.78524975,0.793580614,,
China,Policy,forest,2065,9.24497791,0.563066205,,
China,Policy,forest,2070,4.71191934,0.281808874,,
China,Policy,forest,2075,1.35486569,0.079787123,,
China,Policy,forest,2080,-0.23736693,-0.01380024,,
China,Policy,forest,2085,-2.0667276,-0.118864911,,
China,Policy,forest,2090,-2.91488816,-0.166188153,,
China,Policy,forest,2095,-3.6313285,-0.205656846,,
China,Policy,forest,2100,-4.0154372,-0.226316668,,
China,Policy,grass,1990,0,0,,
China,Policy,grass,2005,0,0,,
China,Policy,grass,2010,0,0,,
China,Policy,grass,2015,0,0,,
China,Policy,grass,2020,1.00E-06,1.00E-07,,
China,Policy,grass,2025,5.911233,0.599640975,,
China,Policy,grass,2030,5.815862,0.592120011,,
China,Policy,grass,2035,-4.7315929,-0.483430098,,
China,Policy,grass,2040,-6.9972656,-0.716249159,,
China,Policy,grass,2045,-7.2152132,-0.739795934,,
China,Policy,grass,2050,-5.5498798,-0.56961865,,
China,Policy,grass,2055,-3.510569,-0.360895603,,
China,Policy,grass,2060,-2.2611406,-0.232736533,,
China,Policy,grass,2065,-3.2679731,-0.336552371,,
China,Policy,grass,2070,-3.0935041,-0.318709316,,
China,Policy,grass,2075,-2.4561114,-0.253074845,,
China,Policy,grass,2080,-1.7607528,-0.181405327,,
China,Policy,grass,2085,-0.7965412,-0.082036254,,
China,Policy,grass,2090,-0.0336529,-0.003463532,,
China,Policy,grass,2095,0.4936978,0.050762551,,
China,Policy,grass,2100,1.0167697,0.104450133,,
China,Policy,naturalOther,1990,0,0,,
China,Policy,naturalOther,2005,0,0,,
China,Policy,naturalOther,2010,0,0,,
China,Policy,naturalOther,2015,0,0,,
China,Policy,naturalOther,2020,0.000111,9.62E-06,,
China,Policy,naturalOther,2025,3.708969845,0.323751696,,
China,Policy,naturalOther,2030,3.56244559,0.311542548,,
China,Policy,naturalOther,2035,-2.874565407,-0.251836033,,
China,Policy,naturalOther,2040,-4.366855493,-0.3828691,,
China,Policy,naturalOther,2045,-4.536544395,-0.398014355,,
China,Policy,naturalOther,2050,-3.521933021,-0.3090804,,
China,Policy,naturalOther,2055,-2.29479228,-0.201519888,,
China,Policy,naturalOther,2060,-1.599504684,-0.140521208,,
China,Policy,naturalOther,2065,-2.404559738,-0.211255888,,
China,Policy,naturalOther,2070,-2.349560083,-0.206416143,,
China,Policy,naturalOther,2075,-1.924648994,-0.169063424,,
China,Policy,naturalOther,2080,-1.412008892,-0.124004457,,
China,Policy,naturalOther,2085,-0.694277183,-0.060951668,,
China,Policy,naturalOther,2090,-0.100627466,-0.008829715,,
China,Policy,naturalOther,2095,0.312210629,0.027377864,,
China,Policy,naturalOther,2100,0.73233391,0.064182125,,
China,Policy,pasture,1990,0,0,,
China,Policy,pasture,2005,0,0,,
China,Policy,pasture,2010,0,0,,
China,Policy,pasture,2015,0,0,,
China,Policy,pasture,2020,0.00024101,6.15E-06,,
China,Policy,pasture,2025,23.25078449,0.59659657,,
China,Policy,pasture,2030,22.93810911,0.588205041,,
China,Policy,pasture,2035,-19.44703524,-0.497765758,,
China,Policy,pasture,2040,-29.91389396,-0.765580483,,
China,Policy,pasture,2045,-32.45789251,-0.831089464,,
China,Policy,pasture,2050,-27.67317475,-0.708962826,,
China,Policy,pasture,2055,-19.77269697,-0.507420493,,
China,Policy,pasture,2060,-15.93653818,-0.409538062,,
China,Policy,pasture,2065,-19.44141695,-0.500171382,,
China,Policy,pasture,2070,-17.66286409,-0.455055759,,
China,Policy,pasture,2075,-14.26091584,-0.367901697,,
China,Policy,pasture,2080,-10.44873579,-0.269885988,,
China,Policy,pasture,2085,-6.114027937,-0.158063322,,
China,Policy,pasture,2090,-2.540603449,-0.065716641,,
China,Policy,pasture,2095,-0.062982356,-0.001629493,,
China,Policy,pasture,2100,2.473858112,0.064017622,,
China,Policy,shrubs,1990,0,0,,
China,Policy,shrubs,2005,0,0,,
China,Policy,shrubs,2010,0,0,,
China,Policy,shrubs,2015,0,0,,
China,Policy,shrubs,2020,1.00E-05,1.73E-06,,
China,Policy,shrubs,2025,2.63893515,0.460420408,,
China,Policy,shrubs,2030,2.62548051,0.45981997,,
China,Policy,shrubs,2035,-1.83671976,-0.32295078,,
China,Policy,shrubs,2040,-2.87638056,-0.506641446,,
China,Policy,shrubs,2045,-2.91994629,-0.515063085,,
China,Policy,shrubs,2050,-2.01797225,-0.356232441,,
China,Policy,shrubs,2055,-1.02329914,-0.180852148,,
China,Policy,shrubs,2060,-0.40452795,-0.071553685,,
China,Policy,shrubs,2065,-1.06815427,-0.188973113,,
China,Policy,shrubs,2070,-1.10642014,-0.195736123,,
China,Policy,shrubs,2075,-0.87802469,-0.155284386,,
China,Policy,shrubs,2080,-0.60200114,-0.106411539,,
China,Policy,shrubs,2085,-0.1690458,-0.029859641,,
China,Policy,shrubs,2090,0.14642158,0.025837349,,
China,Policy,shrubs,2095,0.34174923,0.060230751,,
China,Policy,shrubs,2100,0.52427254,0.092290928,,
China,Policy,urban,1990,0,0,,
China,Policy,urban,2005,0,0,,
China,Policy,urban,2010,0,0,,
China,Policy,urban,2015,0,0,,
China,Policy,urban,2020,0,0,,
China,Policy,urban,2025,0,0,,
China,Policy,urban,2030,0,0,,
China,Policy,urban,2035,0,0,,
China,Policy,urban,2040,0,0,,
China,Policy,urban,2045,0,0,,
China,Policy,urban,2050,0,0,,
China,Policy,urban,2055,0,0,,
China,Policy,urban,2060,0,0,,
China,Policy,urban,2065,0,0,,
China,Policy,urban,2070,0,0,,
China,Policy,urban,2075,0,0,,
China,Policy,urban,2080,0,0,,
China,Policy,urban,2085,0,0,,
China,Policy,urban,2090,0,0,,
China,Policy,urban,2095,0,0,,
China,Policy,urban,2100,0,0,,
Global,Policy,biomass,1990,0,NA,,
Global,Policy,biomass,2005,0,NA,,
Global,Policy,biomass,2010,0,NA,,
Global,Policy,biomass,2015,0,NA,,
Global,Policy,biomass,2020,-0.001898704,-0.001209952,,
Global,Policy,biomass,2025,66.98734618,52.63990853,,
Global,Policy,biomass,2030,153.7125096,99.71817841,,
Global,Policy,biomass,2035,305.9847375,153.117157,,
Global,Policy,biomass,2040,505.6903984,179.2575802,,
Global,Policy,biomass,2045,601.4461438,139.9360858,,
Global,Policy,biomass,2050,643.0629074,111.1572542,,
Global,Policy,biomass,2055,582.9901232,84.73671466,,
Global,Policy,biomass,2060,546.036707,70.33399183,,
Global,Policy,biomass,2065,450.2280711,51.981315,,
Global,Policy,biomass,2070,360.3248385,37.49094015,,
Global,Policy,biomass,2075,270.9644681,25.21057231,,
Global,Policy,biomass,2080,193.988373,16.19363757,,
Global,Policy,biomass,2085,133.5636145,10.21018323,,
Global,Policy,biomass,2090,74.29488379,5.240479868,,
Global,Policy,biomass,2095,12.21162747,0.796526686,,
Global,Policy,biomass,2100,-50.77008161,-3.056368792,,
Global,Policy,crops,1990,0,0,,
Global,Policy,crops,2005,0,0,,
Global,Policy,crops,2010,0,0,,
Global,Policy,crops,2015,0,0,,
Global,Policy,crops,2020,0.00174705,1.45E-05,,
Global,Policy,crops,2025,324.3775705,2.711303088,,
Global,Policy,crops,2030,404.0941324,3.354426924,,
Global,Policy,crops,2035,-251.436454,-2.061570146,,
Global,Policy,crops,2040,-331.0892782,-2.688142819,,
Global,Policy,crops,2045,-309.9428975,-2.493266411,,
Global,Policy,crops,2050,-196.3146835,-1.570005249,,
Global,Policy,crops,2055,-80.04106589,-0.631967579,,
Global,Policy,crops,2060,-22.16499615,-0.173465603,,
Global,Policy,crops,2065,25.35110283,0.19708833,,
Global,Policy,crops,2070,49.34579036,0.382356892,,
Global,Policy,crops,2075,42.726356,0.329685257,,
Global,Policy,crops,2080,30.66934793,0.235622196,,
Global,Policy,crops,2085,32.84526698,0.251608084,,
Global,Policy,crops,2090,47.28749593,0.362012999,,
Global,Policy,crops,2095,66.44987736,0.509476317,,
Global,Policy,crops,2100,86.92561313,0.668811726,,
Global,Policy,forest,1990,0,0,,
Global,Policy,forest,2005,0,0,,
Global,Policy,forest,2010,0,0,,
Global,Policy,forest,2015,0,0,,
Global,Policy,forest,2020,0.002207763,7.39E-06,,
Global,Policy,forest,2025,-428.5840428,-1.4090114,,
Global,Policy,forest,2030,-436.7949396,-1.434442402,,
Global,Policy,forest,2035,200.0520338,0.655888028,,
Global,Policy,forest,2040,241.4405958,0.790837172,,
Global,Policy,forest,2045,223.4753204,0.731563203,,
Global,Policy,forest,2050,149.2650079,0.488201229,,
Global,Policy,forest,2055,54.47788423,0.17794107,,
Global,Policy,forest,2060,-11.56071038,-0.037700726,,
Global,Policy,forest,2065,-34.96021935,-0.113891451,,
Global,Policy,forest,2070,-50.72313186,-0.165062226,,
Global,Policy,forest,2075,-46.01389255,-0.149707259,,
Global,Policy,forest,2080,-31.16929144,-0.101456529,,
Global,Policy,forest,2085,-24.29955548,-0.079144498,,
Global,Policy,forest,2090,-20.91591837,-0.068165513,,
Global,Policy,forest,2095,-19.68540944,-0.064194965,,
Global,Policy,forest,2100,-18.67665589,-0.0609489,,
Global,Policy,grass,1990,0,0,,
Global,Policy,grass,2005,0,0,,
Global,Policy,grass,2010,0,0,,
Global,Policy,grass,2015,0,0,,
Global,Policy,grass,2020,0.00073824,3.75E-06,,
Global,Policy,grass,2025,-11.48199211,-0.058484584,,
Global,Policy,grass,2030,-42.85221861,-0.218619958,,
Global,Policy,grass,2035,-13.15774004,-0.067293334,,
Global,Policy,grass,2040,-26.68577954,-0.13680201,,
Global,Policy,grass,2045,-37.04481986,-0.19038419,,
Global,Policy,grass,2050,-52.51108253,-0.270460208,,
Global,Policy,grass,2055,-52.21684664,-0.26965336,,
Global,Policy,grass,2060,-48.70028616,-0.252058367,,
Global,Policy,grass,2065,-39.68494622,-0.205789115,,
Global,Policy,grass,2070,-29.90245434,-0.155296815,,
Global,Policy,grass,2075,-19.02793676,-0.098961882,,
Global,Policy,grass,2080,-12.91420245,-0.067248087,,
Global,Policy,grass,2085,-9.39959582,-0.048998491,,
Global,Policy,grass,2090,-7.308307313,-0.038126103,,
Global,Policy,grass,2095,-4.40493344,-0.022992908,,
Global,Policy,grass,2100,-2.06323512,-0.010773413,,
Global,Policy,naturalOther,1990,0,0,,
Global,Policy,naturalOther,2005,0,0,,
Global,Policy,naturalOther,2010,0,0,,
Global,Policy,naturalOther,2015,0,0,,
Global,Policy,naturalOther,2020,-0.001862431,-7.50E-06,,
Global,Policy,naturalOther,2025,42.4249652,0.172977137,,
Global,Policy,naturalOther,2030,-35.44612805,-0.145242893,,
Global,Policy,naturalOther,2035,-132.9520644,-0.548963174,,
Global,Policy,naturalOther,2040,-187.3575506,-0.779154329,,
Global,Policy,naturalOther,2045,-210.3606501,-0.881246519,,
Global,Policy,naturalOther,2050,-239.7056248,-1.010422061,,
Global,Policy,naturalOther,2055,-217.5902919,-0.923686729,,
Global,Policy,naturalOther,2060,-194.5651862,-0.830649181,,
Global,Policy,naturalOther,2065,-154.7450963,-0.663714352,,
Global,Policy,naturalOther,2070,-118.8688664,-0.511648257,,
Global,Policy,naturalOther,2075,-81.8603136,-0.353558547,,
Global,Policy,naturalOther,2080,-55.60920643,-0.240919245,,
Global,Policy,naturalOther,2085,-38.15157044,-0.165707898,,
Global,Policy,naturalOther,2090,-25.81433025,-0.112328337,,
Global,Policy,naturalOther,2095,-13.70939742,-0.059734437,,
Global,Policy,naturalOther,2100,-0.535885867,-0.002337314,,
Global,Policy,pasture,1990,0,0,,
Global,Policy,pasture,2005,0,0,,
Global,Policy,pasture,2010,0,0,,
Global,Policy,pasture,2015,0,0,,
Global,Policy,pasture,2020,-0.000121991,-3.73E-07,,
Global,Policy,pasture,2025,-21.64022728,-0.066130924,,
Global,Policy,pasture,2030,-60.74224163,-0.185435873,,
Global,Policy,pasture,2035,-75.86427139,-0.231453759,,
Global,Policy,pasture,2040,-162.1385126,-0.494366764,,
Global,Policy,pasture,2045,-226.626865,-0.69149223,,
Global,Policy,pasture,2050,-261.4166425,-0.798393508,,
Global,Policy,pasture,2055,-247.9851202,-0.758877445,,
Global,Policy,pasture,2060,-231.9971116,-0.710989443,,
Global,Policy,pasture,2065,-213.3676794,-0.654731283,,
Global,Policy,pasture,2070,-181.5452007,-0.557838447,,
Global,Policy,pasture,2075,-143.401111,-0.441349484,,
Global,Policy,pasture,2080,-105.33874,-0.324792023,,
Global,Policy,pasture,2085,-77.99225843,-0.24076913,,
Global,Policy,pasture,2090,-53.41909097,-0.165085407,,
Global,Policy,pasture,2095,-29.00137736,-0.089708093,,
Global,Policy,pasture,2100,-5.477739618,-0.016957944,,
Global,Policy,shrubs,1990,0,0,,
Global,Policy,shrubs,2005,0,0,,
Global,Policy,shrubs,2010,0,0,,
Global,Policy,shrubs,2015,0,0,,
Global,Policy,shrubs,2020,-0.00018378,-1.56E-06,,
Global,Policy,shrubs,2025,27.91766944,0.238203754,,
Global,Policy,shrubs,2030,18.02872841,0.154130074,,
Global,Policy,shrubs,2035,-32.62435346,-0.279683114,,
Global,Policy,shrubs,2040,-39.85804696,-0.342661273,,
Global,Policy,shrubs,2045,-40.94612435,-0.352990429,,
Global,Policy,shrubs,2050,-42.38559897,-0.36627471,,
Global,Policy,shrubs,2055,-39.63734987,-0.343398974,,
Global,Policy,shrubs,2060,-37.04675412,-0.321649029,,
Global,Policy,shrubs,2065,-32.81807034,-0.285428109,,
Global,Policy,shrubs,2070,-28.63038648,-0.249343852,,
Global,Policy,shrubs,2075,-23.38579462,-0.20392232,,
Global,Policy,shrubs,2080,-19.62623411,-0.171316968,,
Global,Policy,shrubs,2085,-16.56705572,-0.144742047,,
Global,Policy,shrubs,2090,-14.1272294,-0.123508298,,
Global,Policy,shrubs,2095,-11.86287381,-0.103761235,,
Global,Policy,shrubs,2100,-9.4028482,-0.082272051,,
Global,Policy,urban,1990,0,0,,
Global,Policy,urban,2005,0,0,,
Global,Policy,urban,2010,0,0,,
Global,Policy,urban,2015,0,0,,
Global,Policy,urban,2020,0,0,,
Global,Policy,urban,2025,0,0,,
Global,Policy,urban,2030,0,0,,
Global,Policy,urban,2035,0,0,,
Global,Policy,urban,2040,0,0,,
Global,Policy,urban,2045,0,0,,
Global,Policy,urban,2050,0,0,,
Global,Policy,urban,2055,0,0,,
Global,Policy,urban,2060,0,0,,
Global,Policy,urban,2065,0,0,,
Global,Policy,urban,2070,0,0,,
Global,Policy,urban,2075,0,0,,
Global,Policy,urban,2080,0,0,,
Global,Policy,urban,2085,0,0,,
Global,Policy,urban,2090,0,0,,
Global,Policy,urban,2095,0,0,,
Global,Policy,urban,2100,0,0,,
Taiwan,Policy,biomass,1990,0,NA,,
Taiwan,Policy,biomass,2005,0,NA,,
Taiwan,Policy,biomass,2010,0,NA,,
Taiwan,Policy,biomass,2015,0,NA,,
Taiwan,Policy,biomass,2020,-2.00E-08,-0.000778643,,
Taiwan,Policy,biomass,2025,0.00040586,18.23435552,,
Taiwan,Policy,biomass,2030,0.0014112,43.37561239,,
Taiwan,Policy,biomass,2035,-0.000529318,-70.50138143,,
Taiwan,Policy,biomass,2040,-0.00028392,-45.58087202,,
Taiwan,Policy,biomass,2045,-0.000329451,-41.05689896,,
Taiwan,Policy,biomass,2050,-0.000339402,-36.12246852,,
Taiwan,Policy,biomass,2055,-0.000242363,-25.66732257,,
Taiwan,Policy,biomass,2060,-8.77E-05,-9.685552522,,
Taiwan,Policy,biomass,2065,3.07E-05,3.421375783,,
Taiwan,Policy,biomass,2070,9.41E-05,10.92076837,,
Taiwan,Policy,biomass,2075,0.000127958,14.87135929,,
Taiwan,Policy,biomass,2080,0.000137791,15.81367307,,
Taiwan,Policy,biomass,2085,0.000125697,14.36169447,,
Taiwan,Policy,biomass,2090,0.000125391,14.21710421,,
Taiwan,Policy,biomass,2095,0.000102892,11.47101062,,
Taiwan,Policy,biomass,2100,0.000116464,12.50716432,,
Taiwan,Policy,crops,1990,0,0,,
Taiwan,Policy,crops,2005,0,0,,
Taiwan,Policy,crops,2010,0,0,,
Taiwan,Policy,crops,2015,0,0,,
Taiwan,Policy,crops,2020,-1.34E-07,-2.75E-06,,
Taiwan,Policy,crops,2025,-0.051392713,-1.08820224,,
Taiwan,Policy,crops,2030,-0.042322053,-0.907624017,,
Taiwan,Policy,crops,2035,-1.59637287,-50.32495241,,
Taiwan,Policy,crops,2040,-1.119684376,-44.68174183,,
Taiwan,Policy,crops,2045,-0.901635945,-42.16930312,,
Taiwan,Policy,crops,2050,-0.802629003,-42.32171569,,
Taiwan,Policy,crops,2055,-0.726366371,-41.55370769,,
Taiwan,Policy,crops,2060,-0.639904841,-39.22152785,,
Taiwan,Policy,crops,2065,-0.409360111,-26.60361537,,
Taiwan,Policy,crops,2070,-0.266516926,-18.25236171,,
Taiwan,Policy,crops,2075,-0.182642158,-13.09053467,,
Taiwan,Policy,crops,2080,-0.139777016,-10.4268172,,
Taiwan,Policy,crops,2085,-0.115404493,-9.006537497,,
Taiwan,Policy,crops,2090,-0.076098732,-6.270298382,,
Taiwan,Policy,crops,2095,-0.025577524,-2.249131217,,
Taiwan,Policy,crops,2100,0.024036602,2.251024568,,
Taiwan,Policy,forest,1990,0,0,,
Taiwan,Policy,forest,2005,0,0,,
Taiwan,Policy,forest,2010,0,0,,
Taiwan,Policy,forest,2015,0,0,,
Taiwan,Policy,forest,2020,0,0,,
Taiwan,Policy,forest,2025,0.06187688,0.327314238,,
Taiwan,Policy,forest,2030,0.05717442,0.302255159,,
Taiwan,Policy,forest,2035,1.27902723,6.228232999,,
Taiwan,Policy,forest,2040,0.83798513,3.969613233,,
Taiwan,Policy,forest,2045,0.65023903,3.0383732,,
Taiwan,Policy,forest,2050,0.56519344,2.618743031,,
Taiwan,Policy,forest,2055,0.50404092,2.323574289,,
Taiwan,Policy,forest,2060,0.44025,2.02169498,,
Taiwan,Policy,forest,2065,0.2828658,1.295070414,,
Taiwan,Policy,forest,2070,0.1847292,0.843651924,,
Taiwan,Policy,forest,2075,0.1267519,0.577688966,,
Taiwan,Policy,forest,2080,0.0969146,0.440948354,,
Taiwan,Policy,forest,2085,0.0797591,0.36222812,,
Taiwan,Policy,forest,2090,0.0527211,0.238936559,,
Taiwan,Policy,forest,2095,0.018358,0.083006184,,
Taiwan,Policy,forest,2100,-0.0151131,-0.068190927,,
Taiwan,Policy,grass,1990,0,0,,
Taiwan,Policy,grass,2005,0,0,,
Taiwan,Policy,grass,2010,0,0,,
Taiwan,Policy,grass,2015,0,0,,
Taiwan,Policy,grass,2020,0,0,,
Taiwan,Policy,grass,2025,0.00507,0.296140189,,
Taiwan,Policy,grass,2030,0.004685,0.273501579,,
Taiwan,Policy,grass,2035,0.047196,2.702690321,,
Taiwan,Policy,grass,2040,0.033869,1.918615882,,
Taiwan,Policy,grass,2045,0.027497,1.548089758,,
Taiwan,Policy,grass,2050,0.024566,1.377423289,,
Taiwan,Policy,grass,2055,0.022308,1.247703343,,
Taiwan,Policy,grass,2060,0.019686,1.098891284,,
Taiwan,Policy,grass,2065,0.012619,0.703306919,,
Taiwan,Policy,grass,2070,0.008235,0.458365037,,
Taiwan,Policy,grass,2075,0.005658,0.314584127,,
Taiwan,Policy,grass,2080,0.004345,0.241359255,,
Taiwan,Policy,grass,2085,0.0036,0.199774588,,
Taiwan,Policy,grass,2090,0.00239,0.132475219,,
Taiwan,Policy,grass,2095,0.000832,0.046056853,,
Taiwan,Policy,grass,2100,-0.000695,-0.038427598,,
Taiwan,Policy,naturalOther,1990,0,NA,,
Taiwan,Policy,naturalOther,2005,0,NA,,
Taiwan,Policy,naturalOther,2010,0,NA,,
Taiwan,Policy,naturalOther,2015,0,NA,,
Taiwan,Policy,naturalOther,2020,0,NA,,
Taiwan,Policy,naturalOther,2025,0,NA,,
Taiwan,Policy,naturalOther,2030,0,NA,,
Taiwan,Policy,naturalOther,2035,0,NA,,
Taiwan,Policy,naturalOther,2040,0,NA,,
Taiwan,Policy,naturalOther,2045,0,NA,,
Taiwan,Policy,naturalOther,2050,0,NA,,
Taiwan,Policy,naturalOther,2055,0,NA,,
Taiwan,Policy,naturalOther,2060,0,NA,,
Taiwan,Policy,naturalOther,2065,0,NA,,
Taiwan,Policy,naturalOther,2070,0,NA,,
Taiwan,Policy,naturalOther,2075,0,NA,,
Taiwan,Policy,naturalOther,2080,0,NA,,
Taiwan,Policy,naturalOther,2085,0,NA,,
Taiwan,Policy,naturalOther,2090,0,NA,,
Taiwan,Policy,naturalOther,2095,0,NA,,
Taiwan,Policy,naturalOther,2100,0,NA,,
Taiwan,Policy,pasture,1990,0,0,,
Taiwan,Policy,pasture,2005,0,0,,
Taiwan,Policy,pasture,2010,0,0,,
Taiwan,Policy,pasture,2015,0,0,,
Taiwan,Policy,pasture,2020,1.00E-06,1.29E-05,,
Taiwan,Policy,pasture,2025,-0.016076588,-0.207551918,,
Taiwan,Policy,pasture,2030,-0.021048855,-0.270131998,,
Taiwan,Policy,pasture,2035,0.269653177,3.533471621,,
Taiwan,Policy,pasture,2040,0.247361912,3.210706765,,
Taiwan,Policy,pasture,2045,0.223623319,2.878095901,,
Taiwan,Policy,pasture,2050,0.212666241,2.71876726,,
Taiwan,Policy,pasture,2055,0.199756929,2.542656997,,
Taiwan,Policy,pasture,2060,0.179604176,2.277685088,,
Taiwan,Policy,pasture,2065,0.113571199,1.435820862,,
Taiwan,Policy,pasture,2070,0.073285163,0.923990275,,
Taiwan,Policy,pasture,2075,0.049982161,0.62874574,,
Taiwan,Policy,pasture,2080,0.038282552,0.480634349,,
Taiwan,Policy,pasture,2085,0.031835686,0.398842942,,
Taiwan,Policy,pasture,2090,0.020810954,0.260081384,,
Taiwan,Policy,pasture,2095,0.006264045,0.078064519,,
Taiwan,Policy,pasture,2100,-0.008334629,-0.103601627,,
Taiwan,Policy,shrubs,1990,0,0,,
Taiwan,Policy,shrubs,2005,0,0,,
Taiwan,Policy,shrubs,2010,0,0,,
Taiwan,Policy,shrubs,2015,0,0,,
Taiwan,Policy,shrubs,2020,0,0,,
Taiwan,Policy,shrubs,2025,0.00011617,0.295296056,,
Taiwan,Policy,shrubs,2030,0.00010734,0.272701013,,
Taiwan,Policy,shrubs,2035,0.00103082,2.574130293,,
Taiwan,Policy,shrubs,2040,0.00074551,1.842737389,,
Taiwan,Policy,shrubs,2045,0.00060755,1.492931215,,
Taiwan,Policy,shrubs,2050,0.00054401,1.331550459,,
Taiwan,Policy,shrubs,2055,0.00049474,1.20805805,,
Taiwan,Policy,shrubs,2060,0.00043696,1.06495141,,
Taiwan,Policy,shrubs,2065,0.00028004,0.681481582,,
Taiwan,Policy,shrubs,2070,0.00018273,0.444110343,,
Taiwan,Policy,shrubs,2075,0.00012557,0.304865687,,
Taiwan,Policy,shrubs,2080,9.65E-05,0.233957876,,
Taiwan,Policy,shrubs,2085,8.00E-05,0.193793612,,
Taiwan,Policy,shrubs,2090,5.31E-05,0.128510592,,
Taiwan,Policy,shrubs,2095,1.85E-05,0.044676455,,
Taiwan,Policy,shrubs,2100,-1.55E-05,-0.037332625,,
Taiwan,Policy,urban,1990,0,0,,
Taiwan,Policy,urban,2005,0,0,,
Taiwan,Policy,urban,2010,0,0,,
Taiwan,Policy,urban,2015,0,0,,
Taiwan,Policy,urban,2020,0,0,,
Taiwan,Policy,urban,2025,0,0,,
Taiwan,Policy,urban,2030,0,0,,
Taiwan,Policy,urban,2035,0,0,,
Taiwan,Policy,urban,2040,0,0,,
Taiwan,Policy,urban,2045,0,0,,
Taiwan,Policy,urban,2050,0,0,,
Taiwan,Policy,urban,2055,0,0,,
Taiwan,Policy,urban,2060,0,0,,
Taiwan,Policy,urban,2065,0,0,,
Taiwan,Policy,urban,2070,0,0,,
Taiwan,Policy,urban,2075,0,0,,
Taiwan,Policy,urban,2080,0,0,,
Taiwan,Policy,urban,2085,0,0,,
Taiwan,Policy,urban,2090,0,0,,
Taiwan,Policy,urban,2095,0,0,,
Taiwan,Policy,urban,2100,0,0,,
China,Policy_NoDAC,biomass,1990,0,NA,,
China,Policy_NoDAC,biomass,2005,0,NA,,
China,Policy_NoDAC,biomass,2010,0,NA,,
China,Policy_NoDAC,biomass,2015,0,NA,,
China,Policy_NoDAC,biomass,2020,-1.40E-05,-0.000892696,,
China,Policy_NoDAC,biomass,2025,0.435823009,29.08119219,,
China,Policy_NoDAC,biomass,2030,1.12090474,57.61307013,,
China,Policy_NoDAC,biomass,2035,5.795534918,219.1045589,,
China,Policy_NoDAC,biomass,2040,12.85458378,324.8045701,,
China,Policy_NoDAC,biomass,2045,21.2062479,283.6288458,,
China,Policy_NoDAC,biomass,2050,32.81350849,277.4523512,,
China,Policy_NoDAC,biomass,2055,58.81845075,366.8518319,,
China,Policy_NoDAC,biomass,2060,103.6232702,518.5767802,33.74750011,292.5760012
China,Policy_NoDAC,biomass,2065,104.3090044,429.5711975,,
China,Policy_NoDAC,biomass,2070,105.6929505,363.2264606,,
China,Policy_NoDAC,biomass,2075,109.7203774,315.1281566,,
China,Policy_NoDAC,biomass,2080,110.2428679,267.8567089,,
China,Policy_NoDAC,biomass,2085,107.716068,226.0916912,,
China,Policy_NoDAC,biomass,2090,104.8980897,191.769805,,
China,Policy_NoDAC,biomass,2095,103.4478818,165.4677811,,
China,Policy_NoDAC,biomass,2100,102.9750404,143.6355627,,
China,Policy_NoDAC,crops,1990,0,0,,
China,Policy_NoDAC,crops,2005,0,0,,
China,Policy_NoDAC,crops,2010,0,0,,
China,Policy_NoDAC,crops,2015,0,0,,
China,Policy_NoDAC,crops,2020,-0.00016985,-1.45E-05,,
China,Policy_NoDAC,crops,2025,-1.743240954,-0.147229829,,
China,Policy_NoDAC,crops,2030,2.667965708,0.22734513,,
China,Policy_NoDAC,crops,2035,-13.45415438,-1.159422543,,
China,Policy_NoDAC,crops,2040,-17.86886651,-1.563928968,,
China,Policy_NoDAC,crops,2045,-23.6845567,-2.114610539,,
China,Policy_NoDAC,crops,2050,-36.56307345,-3.346690049,,
China,Policy_NoDAC,crops,2055,-53.09116733,-4.984001423,,
China,Policy_NoDAC,crops,2060,-65.87273041,-6.36041909,,
China,Policy_NoDAC,crops,2065,-60.29844698,-5.996102273,,
China,Policy_NoDAC,crops,2070,-50.50769188,-5.172417766,,
China,Policy_NoDAC,crops,2075,-42.07198595,-4.430130686,,
China,Policy_NoDAC,crops,2080,-29.89757887,-3.230423703,,
China,Policy_NoDAC,crops,2085,-16.85655195,-1.867497641,,
China,Policy_NoDAC,crops,2090,-4.068694445,-0.462044444,,
China,Policy_NoDAC,crops,2095,6.657105996,0.774523929,,
China,Policy_NoDAC,crops,2100,12.85697449,1.529843876,,
China,Policy_NoDAC,forest,1990,0,0,,
China,Policy_NoDAC,forest,2005,0,0,,
China,Policy_NoDAC,forest,2010,0,0,,
China,Policy_NoDAC,forest,2015,0,0,,
China,Policy_NoDAC,forest,2020,0.0001311,9.34E-06,,
China,Policy_NoDAC,forest,2025,-34.20103008,-2.365381477,,
China,Policy_NoDAC,forest,2030,-38.71978118,-2.649489511,,
China,Policy_NoDAC,forest,2035,37.04597179,2.512646325,,
China,Policy_NoDAC,forest,2040,53.88440513,3.606378967,,
China,Policy_NoDAC,forest,2045,69.65793711,4.588033883,,
China,Policy_NoDAC,forest,2050,83.34232504,5.393329256,,
China,Policy_NoDAC,forest,2055,72.69468497,4.606868627,,
China,Policy_NoDAC,forest,2060,59.47152145,3.691398092,,
China,Policy_NoDAC,forest,2065,55.3939572,3.373773911,,
China,Policy_NoDAC,forest,2070,47.16178392,2.82063598,,
China,Policy_NoDAC,forest,2075,44.66293956,2.630170254,,
China,Policy_NoDAC,forest,2080,39.4052311,2.2909748,,
China,Policy_NoDAC,forest,2085,31.50319293,1.811861519,,
China,Policy_NoDAC,forest,2090,23.71722574,1.352203489,,
China,Policy_NoDAC,forest,2095,19.0035159,1.076246101,,
China,Policy_NoDAC,forest,2100,16.8490793,0.949641919,,
China,Policy_NoDAC,grass,1990,0,0,,
China,Policy_NoDAC,grass,2005,0,0,,
China,Policy_NoDAC,grass,2010,0,0,,
China,Policy_NoDAC,grass,2015,0,0,,
China,Policy_NoDAC,grass,2020,2.00E-06,2.00E-07,,
China,Policy_NoDAC,grass,2025,5.911208,0.599638439,,
China,Policy_NoDAC,grass,2030,5.814281,0.591959048,,
China,Policy_NoDAC,grass,2035,-4.8128259,-0.491729729,,
China,Policy_NoDAC,grass,2040,-7.7577688,-0.794095251,,
China,Policy_NoDAC,grass,2045,-10.4951699,-1.076099043,,
China,Policy_NoDAC,grass,2050,-12.1374727,-1.245744244,,
China,Policy_NoDAC,grass,2055,-10.8557599,-1.116000288,,
China,Policy_NoDAC,grass,2060,-12.3488169,-1.27104915,,
China,Policy_NoDAC,grass,2065,-12.808465,-1.3190804,,
China,Policy_NoDAC,grass,2070,-13.609839,-1.402158309,,
China,Policy_NoDAC,grass,2075,-15.5096634,-1.59809757,,
China,Policy_NoDAC,grass,2080,-16.8182602,-1.732737264,,
China,Policy_NoDAC,grass,2085,-17.1053619,-1.761691431,,
China,Policy_NoDAC,grass,2090,-17.3043084,-1.780947048,,
China,Policy_NoDAC,grass,2095,-17.9906292,-1.849816271,,
China,Policy_NoDAC,grass,2100,-18.5902822,-1.909731814,,
China,Policy_NoDAC,naturalOther,1990,0,0,,
China,Policy_NoDAC,naturalOther,2005,0,0,,
China,Policy_NoDAC,naturalOther,2010,0,0,,
China,Policy_NoDAC,naturalOther,2015,0,0,,
China,Policy_NoDAC,naturalOther,2020,0.000131,1.14E-05,,
China,Policy_NoDAC,naturalOther,2025,3.708846844,0.32374096,,
China,Policy_NoDAC,naturalOther,2030,3.56136458,0.311448011,,
China,Policy_NoDAC,naturalOther,2035,-2.9282608,-0.2565402,,
China,Policy_NoDAC,naturalOther,2040,-4.864765088,-0.426523899,,
China,Policy_NoDAC,naturalOther,2045,-6.660088238,-0.58432377,,
China,Policy_NoDAC,naturalOther,2050,-7.725247277,-0.677957958,,
China,Policy_NoDAC,naturalOther,2055,-7.027373753,-0.617117107,,
China,Policy_NoDAC,naturalOther,2060,-8.357187879,-0.734203622,,
China,Policy_NoDAC,naturalOther,2065,-8.792627825,-0.772488355,,
China,Policy_NoDAC,naturalOther,2070,-9.52291972,-0.836618044,,
China,Policy_NoDAC,naturalOther,2075,-10.95245448,-0.96207644,,
China,Policy_NoDAC,naturalOther,2080,-12.03034424,-1.056520477,,
China,Policy_NoDAC,naturalOther,2085,-12.4516433,-1.093149035,,
China,Policy_NoDAC,naturalOther,2090,-12.81337436,-1.124329589,,
China,Policy_NoDAC,naturalOther,2095,-13.44775195,-1.179238279,,
China,Policy_NoDAC,naturalOther,2100,-13.92761358,-1.220623301,,
China,Policy_NoDAC,pasture,1990,0,0,,
China,Policy_NoDAC,pasture,2005,0,0,,
China,Policy_NoDAC,pasture,2010,0,0,,
China,Policy_NoDAC,pasture,2015,0,0,,
China,Policy_NoDAC,pasture,2020,0.00031101,7.93E-06,,
China,Policy_NoDAC,pasture,2025,23.25002919,0.596577189,,
China,Policy_NoDAC,pasture,2030,22.93110051,0.588025319,,
China,Policy_NoDAC,pasture,2035,-19.77172315,-0.50607646,,
China,Policy_NoDAC,pasture,2040,-33.00983511,-0.844814304,,
China,Policy_NoDAC,pasture,2045,-45.51870512,-1.165513634,,
China,Policy_NoDAC,pasture,2050,-54.64697119,-1.400008184,,
China,Policy_NoDAC,pasture,2055,-56.52508843,-1.450585537,,
China,Policy_NoDAC,pasture,2060,-72.17126655,-1.854661302,,
China,Policy_NoDAC,pasture,2065,-73.13430364,-1.881533934,,
China,Policy_NoDAC,pasture,2070,-73.97751651,-1.905913715,,
China,Policy_NoDAC,pasture,2075,-79.47370059,-2.050254671,,
China,Policy_NoDAC,pasture,2080,-83.79125542,-2.164289174,,
China,Policy_NoDAC,pasture,2085,-85.6039714,-2.213082484,,
China,Policy_NoDAC,pasture,2090,-87.20039667,-2.255573244,,
China,Policy_NoDAC,pasture,2095,-90.10626528,-2.331249217,,
China,Policy_NoDAC,pasture,2100,-92.27035176,-2.387739406,,
China,Policy_NoDAC,shrubs,1990,0,0,,
China,Policy_NoDAC,shrubs,2005,0,0,,
China,Policy_NoDAC,shrubs,2010,0,0,,
China,Policy_NoDAC,shrubs,2015,0,0,,
China,Policy_NoDAC,shrubs,2020,2.11E-05,3.64E-06,,
China,Policy_NoDAC,shrubs,2025,2.63891193,0.460416357,,
China,Policy_NoDAC,shrubs,2030,2.62479806,0.459700448,,
China,Policy_NoDAC,shrubs,2035,-1.87490612,-0.329665095,,
China,Policy_NoDAC,shrubs,2040,-3.2382498,-0.570380562,,
China,Policy_NoDAC,shrubs,2045,-4.50642945,-0.794910326,,
China,Policy_NoDAC,shrubs,2050,-5.083162,-0.897330082,,
China,Policy_NoDAC,shrubs,2055,-4.0145135,-0.709502589,,
China,Policy_NoDAC,shrubs,2060,-4.34533594,-0.768611416,,
China,Policy_NoDAC,shrubs,2065,-4.66821114,-0.825879197,,
China,Policy_NoDAC,shrubs,2070,-5.23809603,-0.926668425,,
China,Policy_NoDAC,shrubs,2075,-6.37517365,-1.12749099,,
China,Policy_NoDAC,shrubs,2080,-7.11096837,-1.256956236,,
China,Policy_NoDAC,shrubs,2085,-7.20106537,-1.271970242,,
China,Policy_NoDAC,shrubs,2090,-7.22779877,-1.275407348,,
China,Policy_NoDAC,shrubs,2095,-7.56502275,-1.333278799,,
China,Policy_NoDAC,shrubs,2100,-7.89319903,-1.389488493,,
China,Policy_NoDAC,urban,1990,0,0,,
China,Policy_NoDAC,urban,2005,0,0,,
China,Policy_NoDAC,urban,2010,0,0,,
China,Policy_NoDAC,urban,2015,0,0,,
China,Policy_NoDAC,urban,2020,0,0,,
China,Policy_NoDAC,urban,2025,0,0,,
China,Policy_NoDAC,urban,2030,0,0,,
China,Policy_NoDAC,urban,2035,0,0,,
China,Policy_NoDAC,urban,2040,0,0,,
China,Policy_NoDAC,urban,2045,0,0,,
China,Policy_NoDAC,urban,2050,0,0,,
China,Policy_NoDAC,urban,2055,0,0,,
China,Policy_NoDAC,urban,2060,0,0,,
China,Policy_NoDAC,urban,2065,0,0,,
China,Policy_NoDAC,urban,2070,0,0,,
China,Policy_NoDAC,urban,2075,0,0,,
China,Policy_NoDAC,urban,2080,0,0,,
China,Policy_NoDAC,urban,2085,0,0,,
China,Policy_NoDAC,urban,2090,0,0,,
China,Policy_NoDAC,urban,2095,0,0,,
China,Policy_NoDAC,urban,2100,0,0,,
Global,Policy_NoDAC,biomass,1990,0,NA,,
Global,Policy_NoDAC,biomass,2005,0,NA,,
Global,Policy_NoDAC,biomass,2010,0,NA,,
Global,Policy_NoDAC,biomass,2015,0,NA,,
Global,Policy_NoDAC,biomass,2020,-0.000896403,-0.000571234,,
Global,Policy_NoDAC,biomass,2025,66.9996805,52.64960107,,
Global,Policy_NoDAC,biomass,2030,153.9340597,99.861905,,
Global,Policy_NoDAC,biomass,2035,310.6701165,155.4617573,,
Global,Policy_NoDAC,biomass,2040,559.6475125,198.3843458,,
Global,Policy_NoDAC,biomass,2045,809.572237,188.3599574,,
Global,Policy_NoDAC,biomass,2050,1083.081052,187.2170116,,
Global,Policy_NoDAC,biomass,2055,1278.744016,185.8634692,,
Global,Policy_NoDAC,biomass,2060,1587.240511,204.4495539,,
Global,Policy_NoDAC,biomass,2065,1494.964019,172.6018446,,
Global,Policy_NoDAC,biomass,2070,1438.619831,149.6849627,,
Global,Policy_NoDAC,biomass,2075,1412.01675,131.3742375,,
Global,Policy_NoDAC,biomass,2080,1387.458329,115.8213608,,
Global,Policy_NoDAC,biomass,2085,1371.384139,104.8345644,,
Global,Policy_NoDAC,biomass,2090,1364.234237,96.22791892,,
Global,Policy_NoDAC,biomass,2095,1356.767415,88.49774157,,
Global,Policy_NoDAC,biomass,2100,1349.339093,81.23047593,,
Global,Policy_NoDAC,crops,1990,0,0,,
Global,Policy_NoDAC,crops,2005,0,0,,
Global,Policy_NoDAC,crops,2010,0,0,,
Global,Policy_NoDAC,crops,2015,0,0,,
Global,Policy_NoDAC,crops,2020,0.001290814,1.07E-05,,
Global,Policy_NoDAC,crops,2025,324.3841984,2.711358487,,
Global,Policy_NoDAC,crops,2030,404.142949,3.354832156,,
Global,Policy_NoDAC,crops,2035,-253.7086671,-2.080200407,,
Global,Policy_NoDAC,crops,2040,-346.9346986,-2.816793173,,
Global,Policy_NoDAC,crops,2045,-398.3456647,-3.204402726,,
Global,Policy_NoDAC,crops,2050,-457.260385,-3.656890008,,
Global,Policy_NoDAC,crops,2055,-540.6827901,-4.268983556,,
Global,Policy_NoDAC,crops,2060,-649.8903002,-5.086110191,,
Global,Policy_NoDAC,crops,2065,-594.4232419,-4.621253939,,
Global,Policy_NoDAC,crops,2070,-452.050372,-3.502721789,,
Global,Policy_NoDAC,crops,2075,-370.5183872,-2.858995273,,
Global,Policy_NoDAC,crops,2080,-328.9648,-2.527324957,,
Global,Policy_NoDAC,crops,2085,-296.0807874,-2.268099074,,
Global,Policy_NoDAC,crops,2090,-274.3582727,-2.100370493,,
Global,Policy_NoDAC,crops,2095,-265.0481363,-2.032144433,,
Global,Policy_NoDAC,crops,2100,-264.0078238,-2.031294597,,
Global,Policy_NoDAC,forest,1990,0,0,,
Global,Policy_NoDAC,forest,2005,0,0,,
Global,Policy_NoDAC,forest,2010,0,0,,
Global,Policy_NoDAC,forest,2015,0,0,,
Global,Policy_NoDAC,forest,2020,0.002082963,6.97E-06,,
Global,Policy_NoDAC,forest,2025,-428.5850717,-1.409014783,,
Global,Policy_NoDAC,forest,2030,-436.8287342,-1.434553384,,
Global,Policy_NoDAC,forest,2035,200.7493586,0.658174268,,
Global,Policy_NoDAC,forest,2040,244.6587471,0.801378206,,
Global,Policy_NoDAC,forest,2045,249.1698244,0.815676087,,
Global,Policy_NoDAC,forest,2050,239.5352738,0.783448289,,
Global,Policy_NoDAC,forest,2055,193.5254024,0.632111867,,
Global,Policy_NoDAC,forest,2060,131.1879615,0.427818121,,
Global,Policy_NoDAC,forest,2065,100.9703335,0.328935517,,
Global,Policy_NoDAC,forest,2070,30.99912156,0.100876737,,
Global,Policy_NoDAC,forest,2075,-1.110012942,-0.003611453,,
Global,Policy_NoDAC,forest,2080,-19.47117708,-0.063378985,,
Global,Policy_NoDAC,forest,2085,-35.17834109,-0.114577082,,
Global,Policy_NoDAC,forest,2090,-52.09700524,-0.169785473,,
Global,Policy_NoDAC,forest,2095,-65.94164209,-0.215038526,,
Global,Policy_NoDAC,forest,2100,-75.33888533,-0.245858904,,
Global,Policy_NoDAC,grass,1990,0,0,,
Global,Policy_NoDAC,grass,2005,0,0,,
Global,Policy_NoDAC,grass,2010,0,0,,
Global,Policy_NoDAC,grass,2015,0,0,,
Global,Policy_NoDAC,grass,2020,0.00057105,2.90E-06,,
Global,Policy_NoDAC,grass,2025,-11.48425288,-0.0584961,,
Global,Policy_NoDAC,grass,2030,-42.87594419,-0.218740999,,
Global,Policy_NoDAC,grass,2035,-13.32844174,-0.068166362,,
Global,Policy_NoDAC,grass,2040,-30.24826184,-0.155064723,,
Global,Policy_NoDAC,grass,2045,-50.17239455,-0.257850645,,
Global,Policy_NoDAC,grass,2050,-73.33597988,-0.377719586,,
Global,Policy_NoDAC,grass,2055,-78.3494001,-0.404604651,,
Global,Policy_NoDAC,grass,2060,-88.51353359,-0.458120034,,
Global,Policy_NoDAC,grass,2065,-78.15889085,-0.405298495,,
Global,Policy_NoDAC,grass,2070,-83.01481331,-0.431133041,,
Global,Policy_NoDAC,grass,2075,-88.67018853,-0.461162388,,
Global,Policy_NoDAC,grass,2080,-92.12752794,-0.479735399,,
Global,Policy_NoDAC,grass,2085,-92.75644158,-0.483523524,,
Global,Policy_NoDAC,grass,2090,-93.69216441,-0.488774894,,
Global,Policy_NoDAC,grass,2095,-92.81659018,-0.484484799,,
Global,Policy_NoDAC,grass,2100,-92.14025135,-0.481120647,,
Global,Policy_NoDAC,naturalOther,1990,0,0,,
Global,Policy_NoDAC,naturalOther,2005,0,0,,
Global,Policy_NoDAC,naturalOther,2010,0,0,,
Global,Policy_NoDAC,naturalOther,2015,0,0,,
Global,Policy_NoDAC,naturalOther,2020,-0.003367342,-1.36E-05,,
Global,Policy_NoDAC,naturalOther,2025,42.41870692,0.17295162,,
Global,Policy_NoDAC,naturalOther,2030,-35.54019439,-0.145628336,,
Global,Policy_NoDAC,naturalOther,2035,-134.3073362,-0.554559133,,
Global,Policy_NoDAC,naturalOther,2040,-205.7329128,-0.855571015,,
Global,Policy_NoDAC,naturalOther,2045,-268.580484,-1.125142066,,
Global,Policy_NoDAC,naturalOther,2050,-332.4063188,-1.401179792,,
Global,Policy_NoDAC,naturalOther,2055,-333.935261,-1.417579647,,
Global,Policy_NoDAC,naturalOther,2060,-352.23791,-1.503794883,,
Global,Policy_NoDAC,naturalOther,2065,-305.2781896,-1.309363079,,
Global,Policy_NoDAC,naturalOther,2070,-308.6733052,-1.328625092,,
Global,Policy_NoDAC,naturalOther,2075,-311.3870539,-1.344895342,,
Global,Policy_NoDAC,naturalOther,2080,-308.1877183,-1.335180936,,
Global,Policy_NoDAC,naturalOther,2085,-302.3308613,-1.313146773,,
Global,Policy_NoDAC,naturalOther,2090,-299.0173539,-1.301142491,,
Global,Policy_NoDAC,naturalOther,2095,-293.4648244,-1.278681745,,
Global,Policy_NoDAC,naturalOther,2100,-285.729889,-1.246236565,,
Global,Policy_NoDAC,pasture,1990,0,0,,
Global,Policy_NoDAC,pasture,2005,0,0,,
Global,Policy_NoDAC,pasture,2010,0,0,,
Global,Policy_NoDAC,pasture,2015,0,0,,
Global,Policy_NoDAC,pasture,2020,0.000218702,6.68E-07,,
Global,Policy_NoDAC,pasture,2025,-21.64881396,-0.066157164,,
Global,Policy_NoDAC,pasture,2030,-60.8476636,-0.185757708,,
Global,Policy_NoDAC,pasture,2035,-77.13377626,-0.235326882,,
Global,Policy_NoDAC,pasture,2040,-178.3222429,-0.5437116,,
Global,Policy_NoDAC,pasture,2045,-288.6970813,-0.880883158,,
Global,Policy_NoDAC,pasture,2050,-395.4135318,-1.207633889,,
Global,Policy_NoDAC,pasture,2055,-452.4812878,-1.384671159,,
Global,Policy_NoDAC,pasture,2060,-554.5227542,-1.699416951,,
Global,Policy_NoDAC,pasture,2065,-549.7774391,-1.687024433,,
Global,Policy_NoDAC,pasture,2070,-554.7888336,-1.704713427,,
Global,Policy_NoDAC,pasture,2075,-565.956667,-1.741860166,,
Global,Policy_NoDAC,pasture,2080,-561.8228751,-1.732274263,,
Global,Policy_NoDAC,pasture,2085,-567.3735129,-1.751533164,,
Global,Policy_NoDAC,pasture,2090,-567.2231219,-1.752936235,,
Global,Policy_NoDAC,pasture,2095,-562.1504513,-1.738863783,,
Global,Policy_NoDAC,pasture,2100,-555.8806185,-1.720890952,,
Global,Policy_NoDAC,shrubs,1990,0,0,,
Global,Policy_NoDAC,shrubs,2005,0,0,,
Global,Policy_NoDAC,shrubs,2010,0,0,,
Global,Policy_NoDAC,shrubs,2015,0,0,,
Global,Policy_NoDAC,shrubs,2020,-0.00032423,-2.75E-06,,
Global,Policy_NoDAC,shrubs,2025,27.91654042,0.238194121,,
Global,Policy_NoDAC,shrubs,2030,18.01562739,0.154018072,,
Global,Policy_NoDAC,shrubs,2035,-32.93945906,-0.282384462,,
Global,Policy_NoDAC,shrubs,2040,-43.06750184,-0.370253089,,
Global,Policy_NoDAC,shrubs,2045,-52.94761244,-0.456453467,,
Global,Policy_NoDAC,shrubs,2050,-64.20344459,-0.554813395,,
Global,Policy_NoDAC,shrubs,2055,-66.82527429,-0.578942101,,
Global,Policy_NoDAC,shrubs,2060,-73.26357658,-0.636092388,,
Global,Policy_NoDAC,shrubs,2065,-68.29387907,-0.593971326,,
Global,Policy_NoDAC,shrubs,2070,-71.08969522,-0.619124665,,
Global,Policy_NoDAC,shrubs,2075,-74.37675075,-0.648559512,,
Global,Policy_NoDAC,shrubs,2080,-76.88438095,-0.671122079,,
Global,Policy_NoDAC,shrubs,2085,-77.66464818,-0.678535786,,
Global,Policy_NoDAC,shrubs,2090,-77.85002079,-0.680609288,,
Global,Policy_NoDAC,shrubs,2095,-77.34693437,-0.676531972,,
Global,Policy_NoDAC,shrubs,2100,-76.24105458,-0.667085948,,
Global,Policy_NoDAC,urban,1990,0,0,,
Global,Policy_NoDAC,urban,2005,0,0,,
Global,Policy_NoDAC,urban,2010,0,0,,
Global,Policy_NoDAC,urban,2015,0,0,,
Global,Policy_NoDAC,urban,2020,0,0,,
Global,Policy_NoDAC,urban,2025,0,0,,
Global,Policy_NoDAC,urban,2030,0,0,,
Global,Policy_NoDAC,urban,2035,0,0,,
Global,Policy_NoDAC,urban,2040,0,0,,
Global,Policy_NoDAC,urban,2045,0,0,,
Global,Policy_NoDAC,urban,2050,0,0,,
Global,Policy_NoDAC,urban,2055,0,0,,
Global,Policy_NoDAC,urban,2060,0,0,,
Global,Policy_NoDAC,urban,2065,0,0,,
Global,Policy_NoDAC,urban,2070,0,0,,
Global,Policy_NoDAC,urban,2075,0,0,,
Global,Policy_NoDAC,urban,2080,0,0,,
Global,Policy_NoDAC,urban,2085,0,0,,
Global,Policy_NoDAC,urban,2090,0,0,,
Global,Policy_NoDAC,urban,2095,0,0,,
Global,Policy_NoDAC,urban,2100,0,0,,
Taiwan,Policy_NoDAC,biomass,1990,0,NA,,
Taiwan,Policy_NoDAC,biomass,2005,0,NA,,
Taiwan,Policy_NoDAC,biomass,2010,0,NA,,
Taiwan,Policy_NoDAC,biomass,2015,0,NA,,
Taiwan,Policy_NoDAC,biomass,2020,-1.40E-08,-0.000544739,,
Taiwan,Policy_NoDAC,biomass,2025,0.000406001,18.24065348,,
Taiwan,Policy_NoDAC,biomass,2030,0.00141398,43.46105208,,
Taiwan,Policy_NoDAC,biomass,2035,-0.000527677,-70.28275352,,
Taiwan,Policy_NoDAC,biomass,2040,-0.000268938,-43.17560903,,
Taiwan,Policy_NoDAC,biomass,2045,-0.000310887,-38.74331175,,
Taiwan,Policy_NoDAC,biomass,2050,-0.000369562,-39.33234036,,
Taiwan,Policy_NoDAC,biomass,2055,-0.000113263,-11.99500644,,
Taiwan,Policy_NoDAC,biomass,2060,0.000526469,58.17085186,,
Taiwan,Policy_NoDAC,biomass,2065,0.000679095,75.78590041,,
Taiwan,Policy_NoDAC,biomass,2070,0.000928273,107.7085188,,
Taiwan,Policy_NoDAC,biomass,2075,0.001003598,116.6389021,,
Taiwan,Policy_NoDAC,biomass,2080,0.00095517,109.6207169,,
Taiwan,Policy_NoDAC,biomass,2085,0.000971655,111.0182325,,
Taiwan,Policy_NoDAC,biomass,2090,0.000896334,101.628569,,
Taiwan,Policy_NoDAC,biomass,2095,0.000776709,86.59232681,,
Taiwan,Policy_NoDAC,biomass,2100,0.000695569,74.69778737,,
Taiwan,Policy_NoDAC,crops,1990,0,0,,
Taiwan,Policy_NoDAC,crops,2005,0,0,,
Taiwan,Policy_NoDAC,crops,2010,0,0,,
Taiwan,Policy_NoDAC,crops,2015,0,0,,
Taiwan,Policy_NoDAC,crops,2020,-1.41E-06,-2.91E-05,,
Taiwan,Policy_NoDAC,crops,2025,-0.051390484,-1.08815506,,
Taiwan,Policy_NoDAC,crops,2030,-0.042472939,-0.910859865,,
Taiwan,Policy_NoDAC,crops,2035,-1.596328744,-50.32356134,,
Taiwan,Policy_NoDAC,crops,2040,-1.118537975,-44.63599395,,
Taiwan,Policy_NoDAC,crops,2045,-0.903664106,-42.26415973,,
Taiwan,Policy_NoDAC,crops,2050,-0.92003355,-48.51232414,,
Taiwan,Policy_NoDAC,crops,2055,-0.997509661,-57.06517606,,
Taiwan,Policy_NoDAC,crops,2060,-0.978196971,-59.956383,,
Taiwan,Policy_NoDAC,crops,2065,-0.871713128,-56.65114924,,
Taiwan,Policy_NoDAC,crops,2070,-0.764546331,-52.35981211,,
Taiwan,Policy_NoDAC,crops,2075,-0.666844292,-47.794816,,
Taiwan,Policy_NoDAC,crops,2080,-0.609137746,-45.43928687,,
Taiwan,Policy_NoDAC,crops,2085,-0.577907622,-45.10176782,,
Taiwan,Policy_NoDAC,crops,2090,-0.539990535,-44.49353723,,
Taiwan,Policy_NoDAC,crops,2095,-0.476887577,-41.93458079,,
Taiwan,Policy_NoDAC,crops,2100,-0.414086968,-38.77918869,,
Taiwan,Policy_NoDAC,forest,1990,0,0,,
Taiwan,Policy_NoDAC,forest,2005,0,0,,
Taiwan,Policy_NoDAC,forest,2010,0,0,,
Taiwan,Policy_NoDAC,forest,2015,0,0,,
Taiwan,Policy_NoDAC,forest,2020,0,0,,
Taiwan,Policy_NoDAC,forest,2025,0.06186687,0.327261288,,
Taiwan,Policy_NoDAC,forest,2030,0.05707431,0.301725923,,
Taiwan,Policy_NoDAC,forest,2035,1.27899703,6.22808594,,
Taiwan,Policy_NoDAC,forest,2040,0.83720143,3.965900773,,
Taiwan,Policy_NoDAC,forest,2045,0.65147813,3.044163145,,
Taiwan,Policy_NoDAC,forest,2050,0.64304514,2.979457757,,
Taiwan,Policy_NoDAC,forest,2055,0.68143852,3.141358096,,
Taiwan,Policy_NoDAC,forest,2060,0.6599774,3.03071663,,
Taiwan,Policy_NoDAC,forest,2065,0.5854459,2.680400615,,
Taiwan,Policy_NoDAC,forest,2070,0.5121667,2.339047763,,
Taiwan,Policy_NoDAC,forest,2075,0.445955,2.032500362,,
Taiwan,Policy_NoDAC,forest,2080,0.406325,1.848723929,,
Taiwan,Policy_NoDAC,forest,2085,0.3839064,1.743521349,,
Taiwan,Policy_NoDAC,forest,2090,0.3571942,1.618834835,,
Taiwan,Policy_NoDAC,forest,2095,0.3141546,1.420458357,,
Taiwan,Policy_NoDAC,forest,2100,0.2718051,1.226395754,,
Taiwan,Policy_NoDAC,grass,1990,0,0,,
Taiwan,Policy_NoDAC,grass,2005,0,0,,
Taiwan,Policy_NoDAC,grass,2010,0,0,,
Taiwan,Policy_NoDAC,grass,2015,0,0,,
Taiwan,Policy_NoDAC,grass,2020,0,0,,
Taiwan,Policy_NoDAC,grass,2025,0.00507,0.296140189,,
Taiwan,Policy_NoDAC,grass,2030,0.004677,0.273034554,,
Taiwan,Policy_NoDAC,grass,2035,0.047193,2.702518525,,
Taiwan,Policy_NoDAC,grass,2040,0.033818,1.915726827,,
Taiwan,Policy_NoDAC,grass,2045,0.0275,1.548258659,,
Taiwan,Policy_NoDAC,grass,2050,0.028058,1.573220819,,
Taiwan,Policy_NoDAC,grass,2055,0.030459,1.703594949,,
Taiwan,Policy_NoDAC,grass,2060,0.029827,1.66497157,,
Taiwan,Policy_NoDAC,grass,2065,0.026582,1.481520289,,
Taiwan,Policy_NoDAC,grass,2070,0.023316,1.297782537,,
Taiwan,Policy_NoDAC,grass,2075,0.02032,1.129789582,,
Taiwan,Policy_NoDAC,grass,2080,0.018546,1.030206847,,
Taiwan,Policy_NoDAC,grass,2085,0.017576,0.975343931,,
Taiwan,Policy_NoDAC,grass,2090,0.016399,0.908979547,,
Taiwan,Policy_NoDAC,grass,2095,0.014446,0.799684245,,
Taiwan,Policy_NoDAC,grass,2100,0.012507,0.691530889,,
Taiwan,Policy_NoDAC,naturalOther,1990,0,NA,,
Taiwan,Policy_NoDAC,naturalOther,2005,0,NA,,
Taiwan,Policy_NoDAC,naturalOther,2010,0,NA,,
Taiwan,Policy_NoDAC,naturalOther,2015,0,NA,,
Taiwan,Policy_NoDAC,naturalOther,2020,0,NA,,
Taiwan,Policy_NoDAC,naturalOther,2025,0,NA,,
Taiwan,Policy_NoDAC,naturalOther,2030,0,NA,,
Taiwan,Policy_NoDAC,naturalOther,2035,0,NA,,
Taiwan,Policy_NoDAC,naturalOther,2040,0,NA,,
Taiwan,Policy_NoDAC,naturalOther,2045,0,NA,,
Taiwan,Policy_NoDAC,naturalOther,2050,0,NA,,
Taiwan,Policy_NoDAC,naturalOther,2055,0,NA,,
Taiwan,Policy_NoDAC,naturalOther,2060,0,NA,,
Taiwan,Policy_NoDAC,naturalOther,2065,0,NA,,
Taiwan,Policy_NoDAC,naturalOther,2070,0,NA,,
Taiwan,Policy_NoDAC,naturalOther,2075,0,NA,,
Taiwan,Policy_NoDAC,naturalOther,2080,0,NA,,
Taiwan,Policy_NoDAC,naturalOther,2085,0,NA,,
Taiwan,Policy_NoDAC,naturalOther,2090,0,NA,,
Taiwan,Policy_NoDAC,naturalOther,2095,0,NA,,
Taiwan,Policy_NoDAC,naturalOther,2100,0,NA,,
Taiwan,Policy_NoDAC,pasture,1990,0,0,,
Taiwan,Policy_NoDAC,pasture,2005,0,0,,
Taiwan,Policy_NoDAC,pasture,2010,0,0,,
Taiwan,Policy_NoDAC,pasture,2015,0,0,,
Taiwan,Policy_NoDAC,pasture,2020,-1.00E-06,-1.29E-05,,
Taiwan,Policy_NoDAC,pasture,2025,-0.016078591,-0.207577777,,
Taiwan,Policy_NoDAC,pasture,2030,-0.020793591,-0.266856049,,
Taiwan,Policy_NoDAC,pasture,2035,0.26964182,3.533322808,,
Taiwan,Policy_NoDAC,pasture,2040,0.247036172,3.206478735,,
Taiwan,Policy_NoDAC,pasture,2045,0.224386443,2.887917531,,
Taiwan,Policy_NoDAC,pasture,2050,0.248679747,3.179171049,,
Taiwan,Policy_NoDAC,pasture,2055,0.285047207,3.628296055,,
Taiwan,Policy_NoDAC,pasture,2060,0.287192766,3.642090593,,
Taiwan,Policy_NoDAC,pasture,2065,0.258425524,3.267137806,,
Taiwan,Policy_NoDAC,pasture,2070,0.227613913,2.869790188,,
Taiwan,Policy_NoDAC,pasture,2075,0.199119835,2.504808625,,
Taiwan,Policy_NoDAC,pasture,2080,0.182895909,2.296243361,,
Taiwan,Policy_NoDAC,pasture,2085,0.175053425,2.193099371,,
Taiwan,Policy_NoDAC,pasture,2090,0.165141694,2.063830455,,
Taiwan,Policy_NoDAC,pasture,2095,0.147182599,1.834236436,,
Taiwan,Policy_NoDAC,pasture,2100,0.128795935,1.600967286,,
Taiwan,Policy_NoDAC,shrubs,1990,0,0,,
Taiwan,Policy_NoDAC,shrubs,2005,0,0,,
Taiwan,Policy_NoDAC,shrubs,2010,0,0,,
Taiwan,Policy_NoDAC,shrubs,2015,0,0,,
Taiwan,Policy_NoDAC,shrubs,2020,0,0,,
Taiwan,Policy_NoDAC,shrubs,2025,0.00011617,0.295296056,,
Taiwan,Policy_NoDAC,shrubs,2030,0.00010715,0.272218311,,
Taiwan,Policy_NoDAC,shrubs,2035,0.00103075,2.573955491,,
Taiwan,Policy_NoDAC,shrubs,2040,0.00074436,1.839894841,,
Taiwan,Policy_NoDAC,shrubs,2045,0.00060754,1.492906642,,
Taiwan,Policy_NoDAC,shrubs,2050,0.00062153,1.521292912,,
Taiwan,Policy_NoDAC,shrubs,2055,0.00067605,1.650781512,,
Taiwan,Policy_NoDAC,shrubs,2060,0.00066261,1.614901716,,
Taiwan,Policy_NoDAC,shrubs,2065,0.00059071,1.437501734,,
Taiwan,Policy_NoDAC,shrubs,2070,0.00051823,1.259515695,,
Taiwan,Policy_NoDAC,shrubs,2075,0.00045171,1.096686149,,
Taiwan,Policy_NoDAC,shrubs,2080,0.00041229,1.000088053,,
Taiwan,Policy_NoDAC,shrubs,2085,0.00039084,0.947133868,,
Taiwan,Policy_NoDAC,shrubs,2090,0.00036474,0.882896085,,
Taiwan,Policy_NoDAC,shrubs,2095,0.00032133,0.776833614,,
Taiwan,Policy_NoDAC,shrubs,2100,0.00027823,0.671866511,,
Taiwan,Policy_NoDAC,urban,1990,0,0,,
Taiwan,Policy_NoDAC,urban,2005,0,0,,
Taiwan,Policy_NoDAC,urban,2010,0,0,,
Taiwan,Policy_NoDAC,urban,2015,0,0,,
Taiwan,Policy_NoDAC,urban,2020,0,0,,
Taiwan,Policy_NoDAC,urban,2025,0,0,,
Taiwan,Policy_NoDAC,urban,2030,0,0,,
Taiwan,Policy_NoDAC,urban,2035,0,0,,
Taiwan,Policy_NoDAC,urban,2040,0,0,,
Taiwan,Policy_NoDAC,urban,2045,0,0,,
Taiwan,Policy_NoDAC,urban,2050,0,0,,
Taiwan,Policy_NoDAC,urban,2055,0,0,,
Taiwan,Policy_NoDAC,urban,2060,0,0,,
Taiwan,Policy_NoDAC,urban,2065,0,0,,
Taiwan,Policy_NoDAC,urban,2070,0,0,,
Taiwan,Policy_NoDAC,urban,2075,0,0,,
Taiwan,Policy_NoDAC,urban,2080,0,0,,
Taiwan,Policy_NoDAC,urban,2085,0,0,,
Taiwan,Policy_NoDAC,urban,2090,0,0,,
Taiwan,Policy_NoDAC,urban,2095,0,0,,
Taiwan,Policy_NoDAC,urban,2100,0,0,,
China,NoDAC,biomass,1990,0,NA,,
China,NoDAC,biomass,2005,0,NA,,
China,NoDAC,biomass,2010,0,NA,,
China,NoDAC,biomass,2015,0,NA,,
China,NoDAC,biomass,2020,7.11E-06,0.00045296,,
China,NoDAC,biomass,2025,0.000109689,0.005670554,,
China,NoDAC,biomass,2030,0.001843109,0.060141224,,
China,NoDAC,biomass,2035,0.091199697,1.092285806,,
China,NoDAC,biomass,2040,1.21758991,7.807751075,,
China,NoDAC,biomass,2045,5.144268382,21.85447693,,
China,NoDAC,biomass,2050,12.37972107,38.37423106,,
China,NoDAC,biomass,2055,33.90618356,82.80794917,,
China,NoDAC,biomass,2060,73.21309709,145.2859446,,
China,NoDAC,biomass,2065,74.44697899,137.4977387,,
China,NoDAC,biomass,2070,78.44529305,139.2206474,,
China,NoDAC,biomass,2075,85.85731723,146.3125502,,
China,NoDAC,biomass,2080,90.18577241,147.3274684,,
China,NoDAC,biomass,2085,91.90717726,144.8462552,,
China,NoDAC,biomass,2090,94.21205327,144.0858837,,
China,NoDAC,biomass,2095,97.32607067,141.7915345,,
China,NoDAC,biomass,2100,101.5196014,138.7878569,,
China,NoDAC,crops,1990,0,0,,
China,NoDAC,crops,2005,0,0,,
China,NoDAC,crops,2010,0,0,,
China,NoDAC,crops,2015,0,0,,
China,NoDAC,crops,2020,-2.61E-05,-2.22E-06,,
China,NoDAC,crops,2025,0.000333278,2.82E-05,,
China,NoDAC,crops,2030,0.003712666,0.00031565,,
China,NoDAC,crops,2035,0.066765752,0.005821422,,
China,NoDAC,crops,2040,0.02475605,0.002201186,,
China,NoDAC,crops,2045,-1.954006865,-0.177909854,,
China,NoDAC,crops,2050,-12.2014596,-1.142295262,,
China,NoDAC,crops,2055,-28.64209195,-2.75197615,,
China,NoDAC,crops,2060,-42.87892907,-4.234233697,,
China,NoDAC,crops,2065,-47.37454763,-4.772275702,,
China,NoDAC,crops,2070,-42.75895888,-4.413907475,,
China,NoDAC,crops,2075,-36.37441743,-3.85330119,,
China,NoDAC,crops,2080,-24.30141739,-2.641733868,,
China,NoDAC,crops,2085,-10.8887969,-1.214373002,,
China,NoDAC,crops,2090,1.173434567,0.134054266,,
China,NoDAC,crops,2095,10.23363028,1.195611308,,
China,NoDAC,crops,2100,15.04497504,1.794865696,,
China,NoDAC,forest,1990,0,0,,
China,NoDAC,forest,2005,0,0,,
China,NoDAC,forest,2010,0,0,,
China,NoDAC,forest,2015,0,0,,
China,NoDAC,forest,2020,2.01E-05,1.43E-06,,
China,NoDAC,forest,2025,0.00107638,7.62E-05,,
China,NoDAC,forest,2030,0.00474699,0.000333665,,
China,NoDAC,forest,2035,0.33954321,0.022470128,,
China,NoDAC,forest,2040,3.47366793,0.224898053,,
China,NoDAC,forest,2045,16.86067953,1.073211076,,
China,NoDAC,forest,2050,40.65165809,2.559966808,,
China,NoDAC,forest,2055,46.5569231,2.90236889,,
China,NoDAC,forest,2060,46.6862717,2.875002019,,
China,NoDAC,forest,2065,46.14897929,2.794970173,,
China,NoDAC,forest,2070,42.44986458,2.531692572,,
China,NoDAC,forest,2075,43.30807387,2.548349877,,
China,NoDAC,forest,2080,39.64259803,2.305093149,,
China,NoDAC,forest,2085,33.56992053,1.933024117,,
China,NoDAC,forest,2090,26.6321139,1.520919229,,
China,NoDAC,forest,2095,22.6348444,1.284544701,,
China,NoDAC,forest,2100,20.8645165,1.178626014,,
China,NoDAC,grass,1990,0,0,,
China,NoDAC,grass,2005,0,0,,
China,NoDAC,grass,2010,0,0,,
China,NoDAC,grass,2015,0,0,,
China,NoDAC,grass,2020,1.00E-06,1.00E-07,,
China,NoDAC,grass,2025,-2.50E-05,-2.52E-06,,
China,NoDAC,grass,2030,-0.001581,-0.000160016,,
China,NoDAC,grass,2035,-0.081233,-0.008339949,,
China,NoDAC,grass,2040,-0.7605032,-0.078407686,,
China,NoDAC,grass,2045,-3.2799567,-0.338809609,,
China,NoDAC,grass,2050,-6.5875929,-0.679998995,,
China,NoDAC,grass,2055,-7.3451909,-0.757839695,,
China,NoDAC,grass,2060,-10.0876763,-1.040734786,,
China,NoDAC,grass,2065,-9.5404919,-0.985845917,,
China,NoDAC,grass,2070,-10.5163349,-1.086913086,,
China,NoDAC,grass,2075,-13.053552,-1.348435276,,
China,NoDAC,grass,2080,-15.0575074,-1.55415125,,
China,NoDAC,grass,2085,-16.3088207,-1.681034235,,
China,NoDAC,grass,2090,-17.2706555,-1.777545082,,
China,NoDAC,grass,2095,-18.484327,-1.899614529,,
China,NoDAC,grass,2100,-19.6070519,-2.012080326,,
China,NoDAC,naturalOther,1990,0,0,,
China,NoDAC,naturalOther,2005,0,0,,
China,NoDAC,naturalOther,2010,0,0,,
China,NoDAC,naturalOther,2015,0,0,,
China,NoDAC,naturalOther,2020,2.00E-05,1.73E-06,,
China,NoDAC,naturalOther,2025,-0.000123001,-1.07E-05,,
China,NoDAC,naturalOther,2030,-0.00108101,-9.42E-05,,
China,NoDAC,naturalOther,2035,-0.053695393,-0.004716043,,
China,NoDAC,naturalOther,2040,-0.497909595,-0.043822582,,
China,NoDAC,naturalOther,2045,-2.123543843,-0.187053917,,
China,NoDAC,naturalOther,2050,-4.203314256,-0.370021221,,
China,NoDAC,naturalOther,2055,-4.732581473,-0.416436421,,
China,NoDAC,naturalOther,2060,-6.757683195,-0.594517838,,
China,NoDAC,naturalOther,2065,-6.388068087,-0.562420614,,
China,NoDAC,naturalOther,2070,-7.173359637,-0.63150543,,
China,NoDAC,naturalOther,2075,-9.027805484,-0.794355982,,
China,NoDAC,naturalOther,2080,-10.61833535,-0.933673817,,
China,NoDAC,naturalOther,2085,-11.75736612,-1.032826892,,
China,NoDAC,naturalOther,2090,-12.71274689,-1.115598379,,
China,NoDAC,naturalOther,2095,-13.75996258,-1.206285887,,
China,NoDAC,naturalOther,2100,-14.65994749,-1.28398134,,
China,NoDAC,pasture,1990,0,0,,
China,NoDAC,pasture,2005,0,0,,
China,NoDAC,pasture,2010,0,0,,
China,NoDAC,pasture,2015,0,0,,
China,NoDAC,pasture,2020,7.00E-05,1.78E-06,,
China,NoDAC,pasture,2025,-0.0007553,-1.93E-05,,
China,NoDAC,pasture,2030,-0.0070086,-0.000178672,,
China,NoDAC,pasture,2035,-0.324687907,-0.008352277,,
China,NoDAC,pasture,2040,-3.095941148,-0.079845099,,
China,NoDAC,pasture,2045,-13.06081261,-0.337226827,,
China,NoDAC,pasture,2050,-26.97379643,-0.695979595,,
China,NoDAC,pasture,2055,-36.75239146,-0.947975265,,
China,NoDAC,pasture,2060,-56.23472837,-1.451065907,,
China,NoDAC,pasture,2065,-53.69288669,-1.388306464,,
China,NoDAC,pasture,2070,-56.31465242,-1.45749035,,
China,NoDAC,pasture,2075,-65.21278475,-1.688565234,,
China,NoDAC,pasture,2080,-73.34251963,-1.899529751,,
China,NoDAC,pasture,2085,-79.48994347,-2.058272536,,
China,NoDAC,pasture,2090,-84.65979322,-2.19129665,,
China,NoDAC,pasture,2095,-90.04328292,-2.329657685,,
China,NoDAC,pasture,2100,-94.74420987,-2.450188476,,
China,NoDAC,shrubs,1990,0,0,,
China,NoDAC,shrubs,2005,0,0,,
China,NoDAC,shrubs,2010,0,0,,
China,NoDAC,shrubs,2015,0,0,,
China,NoDAC,shrubs,2020,1.11E-05,1.92E-06,,
China,NoDAC,shrubs,2025,-2.32E-05,-4.03E-06,,
China,NoDAC,shrubs,2030,-0.00068245,-0.000118975,,
China,NoDAC,shrubs,2035,-0.03818636,-0.006736069,,
China,NoDAC,shrubs,2040,-0.36186924,-0.064063689,,
China,NoDAC,shrubs,2045,-1.58648316,-0.281296093,,
China,NoDAC,shrubs,2050,-3.06518975,-0.543032098,,
China,NoDAC,shrubs,2055,-2.99121436,-0.529608249,,
China,NoDAC,shrubs,2060,-3.94080799,-0.697556859,,
China,NoDAC,shrubs,2065,-3.60005687,-0.638111944,,
China,NoDAC,shrubs,2070,-4.13167589,-0.732365807,,
China,NoDAC,shrubs,2075,-5.49714896,-0.973718637,,
China,NoDAC,shrubs,2080,-6.50896723,-1.151770314,,
China,NoDAC,shrubs,2085,-7.03201957,-1.242481601,,
China,NoDAC,shrubs,2090,-7.37422035,-1.300908577,,
China,NoDAC,shrubs,2095,-7.90677198,-1.392670734,,
China,NoDAC,shrubs,2100,-8.41747157,-1.480413134,,
China,NoDAC,urban,1990,0,0,,
China,NoDAC,urban,2005,0,0,,
China,NoDAC,urban,2010,0,0,,
China,NoDAC,urban,2015,0,0,,
China,NoDAC,urban,2020,0,0,,
China,NoDAC,urban,2025,0,0,,
China,NoDAC,urban,2030,0,0,,
China,NoDAC,urban,2035,0,0,,
China,NoDAC,urban,2040,0,0,,
China,NoDAC,urban,2045,0,0,,
China,NoDAC,urban,2050,0,0,,
China,NoDAC,urban,2055,0,0,,
China,NoDAC,urban,2060,0,0,,
China,NoDAC,urban,2065,0,0,,
China,NoDAC,urban,2070,0,0,,
China,NoDAC,urban,2075,0,0,,
China,NoDAC,urban,2080,0,0,,
China,NoDAC,urban,2085,0,0,,
China,NoDAC,urban,2090,0,0,,
China,NoDAC,urban,2095,0,0,,
China,NoDAC,urban,2100,0,0,,
Global,NoDAC,biomass,1990,0,NA,,
Global,NoDAC,biomass,2005,0,NA,,
Global,NoDAC,biomass,2010,0,NA,,
Global,NoDAC,biomass,2015,0,NA,,
Global,NoDAC,biomass,2020,0.001002301,0.000638726,,
Global,NoDAC,biomass,2025,0.012334322,0.006349939,,
Global,NoDAC,biomass,2030,0.221550134,0.071964704,,
Global,NoDAC,biomass,2035,4.685379017,0.926290557,,
Global,NoDAC,biomass,2040,53.95711413,6.849148224,,
Global,NoDAC,biomass,2045,208.1260932,20.18198781,,
Global,NoDAC,biomass,2050,440.0181447,36.02043308,,
Global,NoDAC,biomass,2055,695.7538927,54.741016,,
Global,NoDAC,biomass,2060,1041.203804,78.73681619,,
Global,NoDAC,biomass,2065,1044.735948,79.36536779,,
Global,NoDAC,biomass,2070,1078.294993,81.60102943,,
Global,NoDAC,biomass,2075,1141.052282,84.78809993,,
Global,NoDAC,biomass,2080,1193.469956,85.74283866,,
Global,NoDAC,biomass,2085,1237.820525,85.8581107,,
Global,NoDAC,biomass,2090,1289.939353,86.45669343,,
Global,NoDAC,biomass,2095,1344.555787,87.00817158,,
Global,NoDAC,biomass,2100,1400.109174,86.94417949,,
Global,NoDAC,crops,1990,0,0,,
Global,NoDAC,crops,2005,0,0,,
Global,NoDAC,crops,2010,0,0,,
Global,NoDAC,crops,2015,0,0,,
Global,NoDAC,crops,2020,-0.000456236,-3.79E-06,,
Global,NoDAC,crops,2025,0.006627821,5.39E-05,,
Global,NoDAC,crops,2030,0.048816621,0.00039208,,
Global,NoDAC,crops,2035,-2.272213097,-0.019022421,,
Global,NoDAC,crops,2040,-15.84542036,-0.132204192,,
Global,NoDAC,crops,2045,-88.4027672,-0.729320211,,
Global,NoDAC,crops,2050,-260.9457015,-2.120171564,,
Global,NoDAC,crops,2055,-460.6417242,-3.660146919,,
Global,NoDAC,crops,2060,-627.7253041,-4.921181145,,
Global,NoDAC,crops,2065,-619.7743448,-4.808864558,,
Global,NoDAC,crops,2070,-501.3961624,-3.870280397,,
Global,NoDAC,crops,2075,-413.2447432,-3.178202466,,
Global,NoDAC,crops,2080,-359.6341479,-2.756452339,,
Global,NoDAC,crops,2085,-328.9260544,-2.513383283,,
Global,NoDAC,crops,2090,-321.6457686,-2.453501498,,
Global,NoDAC,crops,2095,-331.4980137,-2.528737432,,
Global,NoDAC,crops,2100,-350.9334369,-2.682167672,,
Global,NoDAC,forest,1990,0,0,,
Global,NoDAC,forest,2005,0,0,,
Global,NoDAC,forest,2010,0,0,,
Global,NoDAC,forest,2015,0,0,,
Global,NoDAC,forest,2020,-0.0001248,-4.17E-07,,
Global,NoDAC,forest,2025,-0.001028916,-3.43E-06,,
Global,NoDAC,forest,2030,-0.033794663,-0.000112597,,
Global,NoDAC,forest,2035,0.697324729,0.002271342,,
Global,NoDAC,forest,2040,3.21815132,0.010458326,,
Global,NoDAC,forest,2045,25.69450402,0.083502014,,
Global,NoDAC,forest,2050,90.27026589,0.293812663,,
Global,NoDAC,forest,2055,139.0475182,0.453364076,,
Global,NoDAC,forest,2060,142.7486719,0.465694417,,
Global,NoDAC,forest,2065,135.9305528,0.443331885,,
Global,NoDAC,forest,2070,81.72225343,0.266378654,,
Global,NoDAC,forest,2075,44.9038796,0.14631485,,
Global,NoDAC,forest,2080,11.69811435,0.038116216,,
Global,NoDAC,forest,2085,-10.8787856,-0.035460649,,
Global,NoDAC,forest,2090,-31.18108688,-0.101689277,,
Global,NoDAC,forest,2095,-46.25623265,-0.150940457,,
Global,NoDAC,forest,2100,-56.66222944,-0.185022774,,
Global,NoDAC,grass,1990,0,0,,
Global,NoDAC,grass,2005,0,0,,
Global,NoDAC,grass,2010,0,0,,
Global,NoDAC,grass,2015,0,0,,
Global,NoDAC,grass,2020,-0.00016719,-8.49E-07,,
Global,NoDAC,grass,2025,-0.00226077,-1.15E-05,,
Global,NoDAC,grass,2030,-0.023725581,-0.000121306,,
Global,NoDAC,grass,2035,-0.170701701,-0.000873617,,
Global,NoDAC,grass,2040,-3.562482307,-0.018287731,,
Global,NoDAC,grass,2045,-13.12757469,-0.067595145,,
Global,NoDAC,grass,2050,-20.82489735,-0.107550259,,
Global,NoDAC,grass,2055,-26.13255346,-0.135316175,,
Global,NoDAC,grass,2060,-39.81324743,-0.206582375,,
Global,NoDAC,grass,2065,-38.47394463,-0.199920795,,
Global,NoDAC,grass,2070,-53.11235897,-0.276265257,,
Global,NoDAC,grass,2075,-69.64225177,-0.362559301,,
Global,NoDAC,grass,2080,-79.21332549,-0.412764888,,
Global,NoDAC,grass,2085,-83.35684576,-0.434738048,,
Global,NoDAC,grass,2090,-86.3838571,-0.450820671,,
Global,NoDAC,grass,2095,-88.41165674,-0.461598026,,
Global,NoDAC,grass,2100,-90.07701623,-0.470397912,,
Global,NoDAC,naturalOther,1990,0,0,,
Global,NoDAC,naturalOther,2005,0,0,,
Global,NoDAC,naturalOther,2010,0,0,,
Global,NoDAC,naturalOther,2015,0,0,,
Global,NoDAC,naturalOther,2020,-0.001504911,-6.06E-06,,
Global,NoDAC,naturalOther,2025,-0.006258283,-2.55E-05,,
Global,NoDAC,naturalOther,2030,-0.094066333,-0.000386004,,
Global,NoDAC,naturalOther,2035,-1.355271829,-0.005626849,,
Global,NoDAC,naturalOther,2040,-18.37536224,-0.077016765,,
Global,NoDAC,naturalOther,2045,-58.21983387,-0.246063978,,
Global,NoDAC,naturalOther,2050,-92.700694,-0.394746336,,
Global,NoDAC,naturalOther,2055,-116.3449692,-0.498497472,,
Global,NoDAC,naturalOther,2060,-157.6727237,-0.678784016,,
Global,NoDAC,naturalOther,2065,-150.5330933,-0.649962622,,
Global,NoDAC,naturalOther,2070,-189.8044387,-0.82117838,,
Global,NoDAC,naturalOther,2075,-229.5267403,-0.994854187,,
Global,NoDAC,naturalOther,2080,-252.5785119,-1.096904345,,
Global,NoDAC,naturalOther,2085,-264.1792909,-1.149343428,,
Global,NoDAC,naturalOther,2090,-273.2030237,-1.190151031,,
Global,NoDAC,naturalOther,2095,-279.755427,-1.219675874,,
Global,NoDAC,naturalOther,2100,-285.1940032,-1.243928325,,
Global,NoDAC,pasture,1990,0,0,,
Global,NoDAC,pasture,2005,0,0,,
Global,NoDAC,pasture,2010,0,0,,
Global,NoDAC,pasture,2015,0,0,,
Global,NoDAC,pasture,2020,0.000340693,1.04E-06,,
Global,NoDAC,pasture,2025,-0.008586681,-2.63E-05,,
Global,NoDAC,pasture,2030,-0.105421965,-0.000322433,,
Global,NoDAC,pasture,2035,-1.269504862,-0.003882109,,
Global,NoDAC,pasture,2040,-16.18373028,-0.049589993,,
Global,NoDAC,pasture,2045,-62.07021635,-0.190709671,,
Global,NoDAC,pasture,2050,-133.9968893,-0.412534026,,
Global,NoDAC,pasture,2055,-204.4961676,-0.630579035,,
Global,NoDAC,pasture,2060,-322.5256427,-0.995505447,,
Global,NoDAC,pasture,2065,-336.4097598,-1.039096439,,
Global,NoDAC,pasture,2070,-373.2436329,-1.153308579,,
Global,NoDAC,pasture,2075,-422.555556,-1.306275924,,
Global,NoDAC,pasture,2080,-456.4841352,-1.412068526,,
Global,NoDAC,pasture,2085,-489.3812545,-1.514410266,,
Global,NoDAC,pasture,2090,-513.804031,-1.590476472,,
Global,NoDAC,pasture,2095,-533.1490739,-1.650636445,,
Global,NoDAC,pasture,2100,-550.4028789,-1.704222009,,
Global,NoDAC,shrubs,1990,0,0,,
Global,NoDAC,shrubs,2005,0,0,,
Global,NoDAC,shrubs,2010,0,0,,
Global,NoDAC,shrubs,2015,0,0,,
Global,NoDAC,shrubs,2020,-0.00014045,-1.19E-06,,
Global,NoDAC,shrubs,2025,-0.00112902,-9.61E-06,,
Global,NoDAC,shrubs,2030,-0.01310102,-0.00011183,,
Global,NoDAC,shrubs,2035,-0.3151056,-0.002708924,,
Global,NoDAC,shrubs,2040,-3.20945488,-0.027686687,,
Global,NoDAC,shrubs,2045,-12.00148809,-0.103829546,,
Global,NoDAC,shrubs,2050,-21.81784562,-0.189231793,,
Global,NoDAC,shrubs,2055,-27.18792442,-0.236354767,,
Global,NoDAC,shrubs,2060,-36.21682246,-0.315458026,,
Global,NoDAC,shrubs,2065,-35.47580873,-0.309426407,,
Global,NoDAC,shrubs,2070,-42.45930874,-0.370705144,,
Global,NoDAC,shrubs,2075,-50.99095613,-0.44554576,,
Global,NoDAC,shrubs,2080,-57.25814684,-0.500662831,,
Global,NoDAC,shrubs,2085,-61.09759246,-0.534567483,,
Global,NoDAC,shrubs,2090,-63.72279139,-0.557789908,,
Global,NoDAC,shrubs,2095,-65.48406056,-0.573365668,,
Global,NoDAC,shrubs,2100,-66.83820638,-0.585295432,,
Global,NoDAC,urban,1990,0,0,,
Global,NoDAC,urban,2005,0,0,,
Global,NoDAC,urban,2010,0,0,,
Global,NoDAC,urban,2015,0,0,,
Global,NoDAC,urban,2020,0,0,,
Global,NoDAC,urban,2025,0,0,,
Global,NoDAC,urban,2030,0,0,,
Global,NoDAC,urban,2035,0,0,,
Global,NoDAC,urban,2040,0,0,,
Global,NoDAC,urban,2045,0,0,,
Global,NoDAC,urban,2050,0,0,,
Global,NoDAC,urban,2055,0,0,,
Global,NoDAC,urban,2060,0,0,,
Global,NoDAC,urban,2065,0,0,,
Global,NoDAC,urban,2070,0,0,,
Global,NoDAC,urban,2075,0,0,,
Global,NoDAC,urban,2080,0,0,,
Global,NoDAC,urban,2085,0,0,,
Global,NoDAC,urban,2090,0,0,,
Global,NoDAC,urban,2095,0,0,,
Global,NoDAC,urban,2100,0,0,,
Taiwan,NoDAC,biomass,1990,0,NA,,
Taiwan,NoDAC,biomass,2005,0,NA,,
Taiwan,NoDAC,biomass,2010,0,NA,,
Taiwan,NoDAC,biomass,2015,0,NA,,
Taiwan,NoDAC,biomass,2020,6.02E-09,0.000233906,,
Taiwan,NoDAC,biomass,2025,1.40E-07,0.005326674,,
Taiwan,NoDAC,biomass,2030,2.78E-06,0.059591507,,
Taiwan,NoDAC,biomass,2035,1.64E-06,0.74114627,,
Taiwan,NoDAC,biomass,2040,1.50E-05,4.419885215,,
Taiwan,NoDAC,biomass,2045,1.86E-05,3.925119596,,
Taiwan,NoDAC,biomass,2050,-3.02E-05,-5.025040526,,
Taiwan,NoDAC,biomass,2055,0.000129101,18.3934127,,
Taiwan,NoDAC,biomass,2060,0.000614127,75.13349888,,
Taiwan,NoDAC,biomass,2065,0.000648437,69.97056854,,
Taiwan,NoDAC,biomass,2070,0.000834153,87.25845649,,
Taiwan,NoDAC,biomass,2075,0.00087564,88.5926165,,
Taiwan,NoDAC,biomass,2080,0.000817379,80.99824601,,
Taiwan,NoDAC,biomass,2085,0.000845958,84.51828075,,
Taiwan,NoDAC,biomass,2090,0.000770943,76.53097611,,
Taiwan,NoDAC,biomass,2095,0.000673818,67.390899,,
Taiwan,NoDAC,biomass,2100,0.000579105,55.27703362,,
Taiwan,NoDAC,crops,1990,0,0,,
Taiwan,NoDAC,crops,2005,0,0,,
Taiwan,NoDAC,crops,2010,0,0,,
Taiwan,NoDAC,crops,2015,0,0,,
Taiwan,NoDAC,crops,2020,-1.28E-06,-2.63E-05,,
Taiwan,NoDAC,crops,2025,2.23E-06,4.77E-05,,
Taiwan,NoDAC,crops,2030,-0.000150886,-0.003265487,,
Taiwan,NoDAC,crops,2035,4.41E-05,0.00280033,,
Taiwan,NoDAC,crops,2040,0.001146401,0.082699423,,
Taiwan,NoDAC,crops,2045,-0.002028161,-0.164024663,,
Taiwan,NoDAC,crops,2050,-0.117404547,-10.73299686,,
Taiwan,NoDAC,crops,2055,-0.271143289,-26.53969612,,
Taiwan,NoDAC,crops,2060,-0.33829213,-34.11545967,,
Taiwan,NoDAC,crops,2065,-0.462353016,-40.93871111,,
Taiwan,NoDAC,crops,2070,-0.498029405,-41.72285722,,
Taiwan,NoDAC,crops,2075,-0.484202134,-39.93153242,,
Taiwan,NoDAC,crops,2080,-0.46936073,-39.08811608,,
Taiwan,NoDAC,crops,2085,-0.462503128,-39.66793804,,
Taiwan,NoDAC,crops,2090,-0.463891802,-40.78028436,,
Taiwan,NoDAC,crops,2095,-0.451310053,-40.59856456,,
Taiwan,NoDAC,crops,2100,-0.43812357,-40.12694585,,
Taiwan,NoDAC,forest,1990,0,0,,
Taiwan,NoDAC,forest,2005,0,0,,
Taiwan,NoDAC,forest,2010,0,0,,
Taiwan,NoDAC,forest,2015,0,0,,
Taiwan,NoDAC,forest,2020,0,0,,
Taiwan,NoDAC,forest,2025,-1.00E-05,-5.28E-05,,
Taiwan,NoDAC,forest,2030,-0.00010011,-0.000527641,,
Taiwan,NoDAC,forest,2035,-3.02E-05,-0.000138437,,
Taiwan,NoDAC,forest,2040,-0.0007837,-0.003570716,,
Taiwan,NoDAC,forest,2045,0.0012391,0.005619212,,
Taiwan,NoDAC,forest,2050,0.0778517,0.351509593,,
Taiwan,NoDAC,forest,2055,0.1773976,0.799213488,,
Taiwan,NoDAC,forest,2060,0.2197274,0.98902655,,
Taiwan,NoDAC,forest,2065,0.3025801,1.367618577,,
Taiwan,NoDAC,forest,2070,0.3274375,1.482885447,,
Taiwan,NoDAC,forest,2075,0.3192031,1.446455384,,
Taiwan,NoDAC,forest,2080,0.3094104,1.401595263,,
Taiwan,NoDAC,forest,2085,0.3041473,1.376307855,,
Taiwan,NoDAC,forest,2090,0.3044731,1.376609053,,
Taiwan,NoDAC,forest,2095,0.2957966,1.336342925,,
Taiwan,NoDAC,forest,2100,0.2869182,1.295470074,,
Taiwan,NoDAC,grass,1990,0,0,,
Taiwan,NoDAC,grass,2005,0,0,,
Taiwan,NoDAC,grass,2010,0,0,,
Taiwan,NoDAC,grass,2015,0,0,,
Taiwan,NoDAC,grass,2020,0,0,,
Taiwan,NoDAC,grass,2025,0,0,,
Taiwan,NoDAC,grass,2030,-8.00E-06,-0.000465751,,
Taiwan,NoDAC,grass,2035,-3.00E-06,-0.000167275,,
Taiwan,NoDAC,grass,2040,-5.10E-05,-0.002834669,,
Taiwan,NoDAC,grass,2045,3.00E-06,0.000166326,,
Taiwan,NoDAC,grass,2050,0.003492,0.193137213,,
Taiwan,NoDAC,grass,2055,0.008151,0.450273528,,
Taiwan,NoDAC,grass,2060,0.010141,0.559927294,,
Taiwan,NoDAC,grass,2065,0.013963,0.772778366,,
Taiwan,NoDAC,grass,2070,0.015081,0.83558746,,
Taiwan,NoDAC,grass,2075,0.014662,0.812648991,,
Taiwan,NoDAC,grass,2080,0.014201,0.786948219,,
Taiwan,NoDAC,grass,2085,0.013976,0.774023042,,
Taiwan,NoDAC,grass,2090,0.014009,0.775477013,,
Taiwan,NoDAC,grass,2095,0.013614,0.753280455,,
Taiwan,NoDAC,grass,2100,0.013202,0.7302391,,
Taiwan,NoDAC,naturalOther,1990,0,NA,,
Taiwan,NoDAC,naturalOther,2005,0,NA,,
Taiwan,NoDAC,naturalOther,2010,0,NA,,
Taiwan,NoDAC,naturalOther,2015,0,NA,,
Taiwan,NoDAC,naturalOther,2020,0,NA,,
Taiwan,NoDAC,naturalOther,2025,0,NA,,
Taiwan,NoDAC,naturalOther,2030,0,NA,,
Taiwan,NoDAC,naturalOther,2035,0,NA,,
Taiwan,NoDAC,naturalOther,2040,0,NA,,
Taiwan,NoDAC,naturalOther,2045,0,NA,,
Taiwan,NoDAC,naturalOther,2050,0,NA,,
Taiwan,NoDAC,naturalOther,2055,0,NA,,
Taiwan,NoDAC,naturalOther,2060,0,NA,,
Taiwan,NoDAC,naturalOther,2065,0,NA,,
Taiwan,NoDAC,naturalOther,2070,0,NA,,
Taiwan,NoDAC,naturalOther,2075,0,NA,,
Taiwan,NoDAC,naturalOther,2080,0,NA,,
Taiwan,NoDAC,naturalOther,2085,0,NA,,
Taiwan,NoDAC,naturalOther,2090,0,NA,,
Taiwan,NoDAC,naturalOther,2095,0,NA,,
Taiwan,NoDAC,naturalOther,2100,0,NA,,
Taiwan,NoDAC,pasture,1990,0,0,,
Taiwan,NoDAC,pasture,2005,0,0,,
Taiwan,NoDAC,pasture,2010,0,0,,
Taiwan,NoDAC,pasture,2015,0,0,,
Taiwan,NoDAC,pasture,2020,-2.00E-06,-2.58E-05,,
Taiwan,NoDAC,pasture,2025,-2.00E-06,-2.59E-05,,
Taiwan,NoDAC,pasture,2030,0.000255264,0.003284822,,
Taiwan,NoDAC,pasture,2035,-1.14E-05,-0.000143734,,
Taiwan,NoDAC,pasture,2040,-0.000325739,-0.004096504,,
Taiwan,NoDAC,pasture,2045,0.000763124,0.009546862,,
Taiwan,NoDAC,pasture,2050,0.036013507,0.44821779,,
Taiwan,NoDAC,pasture,2055,0.085290279,1.058719454,,
Taiwan,NoDAC,pasture,2060,0.10758859,1.334020714,,
Taiwan,NoDAC,pasture,2065,0.144854325,1.80539471,,
Taiwan,NoDAC,pasture,2070,0.15432875,1.927985514,,
Taiwan,NoDAC,pasture,2075,0.149137674,1.864340921,,
Taiwan,NoDAC,pasture,2080,0.144613357,1.806924314,,
Taiwan,NoDAC,pasture,2085,0.143217739,1.787128593,,
Taiwan,NoDAC,pasture,2090,0.14433074,1.799070025,,
Taiwan,NoDAC,pasture,2095,0.140918555,1.754802039,,
Taiwan,NoDAC,pasture,2100,0.137130564,1.706336706,,
Taiwan,NoDAC,shrubs,1990,0,0,,
Taiwan,NoDAC,shrubs,2005,0,0,,
Taiwan,NoDAC,shrubs,2010,0,0,,
Taiwan,NoDAC,shrubs,2015,0,0,,
Taiwan,NoDAC,shrubs,2020,0,0,,
Taiwan,NoDAC,shrubs,2025,0,0,,
Taiwan,NoDAC,shrubs,2030,-1.90E-07,-0.000481389,,
Taiwan,NoDAC,shrubs,2035,-7.00E-08,-0.000170415,,
Taiwan,NoDAC,shrubs,2040,-1.15E-06,-0.002791115,,
Taiwan,NoDAC,shrubs,2045,-1.00E-08,-2.42E-05,,
Taiwan,NoDAC,shrubs,2050,7.75E-05,0.187249136,,
Taiwan,NoDAC,shrubs,2055,0.00018131,0.437438945,,
Taiwan,NoDAC,shrubs,2060,0.00022565,0.544155316,,
Taiwan,NoDAC,shrubs,2065,0.00031067,0.750902887,,
Taiwan,NoDAC,shrubs,2070,0.0003355,0.811800064,,
Taiwan,NoDAC,shrubs,2075,0.00032614,0.789413809,,
Taiwan,NoDAC,shrubs,2080,0.00031584,0.764341938,,
Taiwan,NoDAC,shrubs,2085,0.00031087,0.751883154,,
Taiwan,NoDAC,shrubs,2090,0.00031165,0.753417273,,
Taiwan,NoDAC,shrubs,2095,0.00030285,0.731830204,,
Taiwan,NoDAC,shrubs,2100,0.00029369,0.709463997,,
Taiwan,NoDAC,urban,1990,0,0,,
Taiwan,NoDAC,urban,2005,0,0,,
Taiwan,NoDAC,urban,2010,0,0,,
Taiwan,NoDAC,urban,2015,0,0,,
Taiwan,NoDAC,urban,2020,0,0,,
Taiwan,NoDAC,urban,2025,0,0,,
Taiwan,NoDAC,urban,2030,0,0,,
Taiwan,NoDAC,urban,2035,0,0,,
Taiwan,NoDAC,urban,2040,0,0,,
Taiwan,NoDAC,urban,2045,0,0,,
Taiwan,NoDAC,urban,2050,0,0,,
Taiwan,NoDAC,urban,2055,0,0,,
Taiwan,NoDAC,urban,2060,0,0,,
Taiwan,NoDAC,urban,2065,0,0,,
Taiwan,NoDAC,urban,2070,0,0,,
Taiwan,NoDAC,urban,2075,0,0,,
Taiwan,NoDAC,urban,2080,0,0,,
Taiwan,NoDAC,urban,2085,0,0,,
Taiwan,NoDAC,urban,2090,0,0,,
Taiwan,NoDAC,urban,2095,0,0,,
Taiwan,NoDAC,urban,2100,0,0,,
