"region","scenario","Scen_Label","year","primary_consumption"
"China","Policy","Policy",1990,36.623082985445
"China","Policy","Policy",2005,80.1888195506782
"China","Policy","Policy",2010,112.049228742113
"China","Policy","Policy",2015,134.566104486051
"China","Policy","Policy",2020,152.399957117647
"China","Policy","Policy",2025,169.43221143065
"China","Policy","Policy",2030,183.177432484665
"China","Policy","Policy",2035,189.794281068552
"China","Policy","Policy",2040,192.664834120464
"China","Policy","Policy",2045,193.782077560623
"China","Policy","Policy",2050,198.956380001356
"China","Policy","Policy",2055,210.667704252181
"China","Policy","Policy",2060,223.401262027767
"China","Policy","Policy",2065,221.307873163506
"China","Policy","Policy",2070,216.691823962961
"China","Policy","Policy",2075,210.326293615449
"China","Policy","Policy",2080,203.556364839441
"China","Policy","Policy",2085,196.44411795608
"China","Policy","Policy",2090,189.028324506104
"China","Policy","Policy",2095,178.076316384118
"China","Policy","Policy",2100,168.955620687607
"China","Policy_CI_GFDL","Policy_CI",1990,36.623082985445
"China","Policy_CI_GFDL","Policy_CI",2005,80.1888195506782
"China","Policy_CI_GFDL","Policy_CI",2010,112.049228742113
"China","Policy_CI_GFDL","Policy_CI",2015,134.566104486051
"China","Policy_CI_GFDL","Policy_CI",2020,151.965821443953
"China","Policy_CI_GFDL","Policy_CI",2025,169.095708058025
"China","Policy_CI_GFDL","Policy_CI",2030,182.933455294608
"China","Policy_CI_GFDL","Policy_CI",2035,189.590918192545
"China","Policy_CI_GFDL","Policy_CI",2040,192.687646254948
"China","Policy_CI_GFDL","Policy_CI",2045,194.093428411338
"China","Policy_CI_GFDL","Policy_CI",2050,199.410492613223
"China","Policy_CI_GFDL","Policy_CI",2055,211.053727365792
"China","Policy_CI_GFDL","Policy_CI",2060,223.713393321371
"China","Policy_CI_GFDL","Policy_CI",2065,221.705070653027
"China","Policy_CI_GFDL","Policy_CI",2070,216.972403811416
"China","Policy_CI_GFDL","Policy_CI",2075,210.642270229957
"China","Policy_CI_GFDL","Policy_CI",2080,203.752298939757
"China","Policy_CI_GFDL","Policy_CI",2085,196.657101798919
"China","Policy_CI_GFDL","Policy_CI",2090,189.158786797429
"China","Policy_CI_GFDL","Policy_CI",2095,177.987427584611
"China","Policy_CI_GFDL","Policy_CI",2100,168.961982222668
"China","Policy_CI_HadGEM","Policy_CI",1990,36.623082985445
"China","Policy_CI_HadGEM","Policy_CI",2005,80.1888195506782
"China","Policy_CI_HadGEM","Policy_CI",2010,112.049228742113
"China","Policy_CI_HadGEM","Policy_CI",2015,134.566104486051
"China","Policy_CI_HadGEM","Policy_CI",2020,151.968272336978
"China","Policy_CI_HadGEM","Policy_CI",2025,169.104512224018
"China","Policy_CI_HadGEM","Policy_CI",2030,182.948623422922
"China","Policy_CI_HadGEM","Policy_CI",2035,189.615541248786
"China","Policy_CI_HadGEM","Policy_CI",2040,192.737516045205
"China","Policy_CI_HadGEM","Policy_CI",2045,194.210328441295
"China","Policy_CI_HadGEM","Policy_CI",2050,199.651313103093
"China","Policy_CI_HadGEM","Policy_CI",2055,211.333478117813
"China","Policy_CI_HadGEM","Policy_CI",2060,224.048293207099
"China","Policy_CI_HadGEM","Policy_CI",2065,222.005042477682
"China","Policy_CI_HadGEM","Policy_CI",2070,217.444487382125
"China","Policy_CI_HadGEM","Policy_CI",2075,211.079213115565
"China","Policy_CI_HadGEM","Policy_CI",2080,204.185781188466
"China","Policy_CI_HadGEM","Policy_CI",2085,197.151821077925
"China","Policy_CI_HadGEM","Policy_CI",2090,189.821646087538
"China","Policy_CI_HadGEM","Policy_CI",2095,178.528988172903
"China","Policy_CI_HadGEM","Policy_CI",2100,169.106171953638
"China","Policy_CI_IPSL","Policy_CI",1990,36.623082985445
"China","Policy_CI_IPSL","Policy_CI",2005,80.1888195506782
"China","Policy_CI_IPSL","Policy_CI",2010,112.049228742113
"China","Policy_CI_IPSL","Policy_CI",2015,134.566104486051
"China","Policy_CI_IPSL","Policy_CI",2020,151.96395870984
"China","Policy_CI_IPSL","Policy_CI",2025,169.08974756084
"China","Policy_CI_IPSL","Policy_CI",2030,182.909847385112
"China","Policy_CI_IPSL","Policy_CI",2035,189.506007770432
"China","Policy_CI_IPSL","Policy_CI",2040,192.502464655135
"China","Policy_CI_IPSL","Policy_CI",2045,193.850917525261
"China","Policy_CI_IPSL","Policy_CI",2050,199.217539933945
"China","Policy_CI_IPSL","Policy_CI",2055,210.943670217753
"China","Policy_CI_IPSL","Policy_CI",2060,223.72622785809
"China","Policy_CI_IPSL","Policy_CI",2065,221.83197882401
"China","Policy_CI_IPSL","Policy_CI",2070,217.278942806989
"China","Policy_CI_IPSL","Policy_CI",2075,210.921483978237
"China","Policy_CI_IPSL","Policy_CI",2080,204.050633062471
"China","Policy_CI_IPSL","Policy_CI",2085,196.947782044417
"China","Policy_CI_IPSL","Policy_CI",2090,189.55952419921
"China","Policy_CI_IPSL","Policy_CI",2095,178.215411429135
"China","Policy_CI_IPSL","Policy_CI",2100,168.94595360204
"China","Policy_CI_MIROC","Policy_CI",1990,36.623082985445
"China","Policy_CI_MIROC","Policy_CI",2005,80.1888195506782
"China","Policy_CI_MIROC","Policy_CI",2010,112.049228742113
"China","Policy_CI_MIROC","Policy_CI",2015,134.566104486051
"China","Policy_CI_MIROC","Policy_CI",2020,151.96012795238
"China","Policy_CI_MIROC","Policy_CI",2025,169.087354709425
"China","Policy_CI_MIROC","Policy_CI",2030,182.908672622194
"China","Policy_CI_MIROC","Policy_CI",2035,189.526838964305
"China","Policy_CI_MIROC","Policy_CI",2040,192.544788168881
"China","Policy_CI_MIROC","Policy_CI",2045,193.895396948878
"China","Policy_CI_MIROC","Policy_CI",2050,199.27722594327
"China","Policy_CI_MIROC","Policy_CI",2055,210.978479209356
"China","Policy_CI_MIROC","Policy_CI",2060,223.729128663122
"China","Policy_CI_MIROC","Policy_CI",2065,221.767144052953
"China","Policy_CI_MIROC","Policy_CI",2070,217.127646517426
"China","Policy_CI_MIROC","Policy_CI",2075,210.734150879251
"China","Policy_CI_MIROC","Policy_CI",2080,203.934494938848
"China","Policy_CI_MIROC","Policy_CI",2085,196.950574180606
"China","Policy_CI_MIROC","Policy_CI",2090,189.540804206999
"China","Policy_CI_MIROC","Policy_CI",2095,178.398495370447
"China","Policy_CI_MIROC","Policy_CI",2100,168.961185169853
"China","Policy_CI_NorESM","Policy_CI",1990,36.623082985445
"China","Policy_CI_NorESM","Policy_CI",2005,80.1888195506782
"China","Policy_CI_NorESM","Policy_CI",2010,112.049228742113
"China","Policy_CI_NorESM","Policy_CI",2015,134.566104486051
"China","Policy_CI_NorESM","Policy_CI",2020,151.970893350432
"China","Policy_CI_NorESM","Policy_CI",2025,169.104731098694
"China","Policy_CI_NorESM","Policy_CI",2030,182.932037459043
"China","Policy_CI_NorESM","Policy_CI",2035,189.576918522147
"China","Policy_CI_NorESM","Policy_CI",2040,192.636094431057
"China","Policy_CI_NorESM","Policy_CI",2045,194.065166291685
"China","Policy_CI_NorESM","Policy_CI",2050,199.454284220404
"China","Policy_CI_NorESM","Policy_CI",2055,211.161772226612
"China","Policy_CI_NorESM","Policy_CI",2060,223.89684687086
"China","Policy_CI_NorESM","Policy_CI",2065,221.880586330953
"China","Policy_CI_NorESM","Policy_CI",2070,217.296022873495
"China","Policy_CI_NorESM","Policy_CI",2075,210.956966653036
"China","Policy_CI_NorESM","Policy_CI",2080,204.115580248377
"China","Policy_CI_NorESM","Policy_CI",2085,196.945220364635
"China","Policy_CI_NorESM","Policy_CI",2090,189.626318143801
"China","Policy_CI_NorESM","Policy_CI",2095,178.365446782703
"China","Policy_CI_NorESM","Policy_CI",2100,169.067503902398
"China","Policy_NoDAC","Policy_NoDAC",1990,36.623082985445
"China","Policy_NoDAC","Policy_NoDAC",2005,80.1888195506782
"China","Policy_NoDAC","Policy_NoDAC",2010,112.049228742113
"China","Policy_NoDAC","Policy_NoDAC",2015,134.566104486051
"China","Policy_NoDAC","Policy_NoDAC",2020,152.39993722828
"China","Policy_NoDAC","Policy_NoDAC",2025,169.432260119187
"China","Policy_NoDAC","Policy_NoDAC",2030,183.177354212181
"China","Policy_NoDAC","Policy_NoDAC",2035,189.776560359135
"China","Policy_NoDAC","Policy_NoDAC",2040,192.418899603145
"China","Policy_NoDAC","Policy_NoDAC",2045,192.041771325287
"China","Policy_NoDAC","Policy_NoDAC",2050,193.104412814864
"China","Policy_NoDAC","Policy_NoDAC",2055,205.615100036045
"China","Policy_NoDAC","Policy_NoDAC",2060,216.4173863782
"China","Policy_NoDAC","Policy_NoDAC",2065,213.654944093046
"China","Policy_NoDAC","Policy_NoDAC",2070,206.904924380978
"China","Policy_NoDAC","Policy_NoDAC",2075,198.765939028206
"China","Policy_NoDAC","Policy_NoDAC",2080,190.459092578113
"China","Policy_NoDAC","Policy_NoDAC",2085,184.350980825583
"China","Policy_NoDAC","Policy_NoDAC",2090,178.728370776739
"China","Policy_NoDAC","Policy_NoDAC",2095,169.536244682385
"China","Policy_NoDAC","Policy_NoDAC",2100,161.440154221073
"China","Policy_NoDAC_CI_GFDL","Policy_NoDAC_CI",1990,36.623082985445
"China","Policy_NoDAC_CI_GFDL","Policy_NoDAC_CI",2005,80.1888195506782
"China","Policy_NoDAC_CI_GFDL","Policy_NoDAC_CI",2010,112.049228742113
"China","Policy_NoDAC_CI_GFDL","Policy_NoDAC_CI",2015,134.566104486051
"China","Policy_NoDAC_CI_GFDL","Policy_NoDAC_CI",2020,151.965832679775
"China","Policy_NoDAC_CI_GFDL","Policy_NoDAC_CI",2025,169.095663505212
"China","Policy_NoDAC_CI_GFDL","Policy_NoDAC_CI",2030,182.933335234081
"China","Policy_NoDAC_CI_GFDL","Policy_NoDAC_CI",2035,189.572923794678
"China","Policy_NoDAC_CI_GFDL","Policy_NoDAC_CI",2040,192.440380634555
"China","Policy_NoDAC_CI_GFDL","Policy_NoDAC_CI",2045,192.352384484804
"China","Policy_NoDAC_CI_GFDL","Policy_NoDAC_CI",2050,193.513332412972
"China","Policy_NoDAC_CI_GFDL","Policy_NoDAC_CI",2055,205.97481175183
"China","Policy_NoDAC_CI_GFDL","Policy_NoDAC_CI",2060,216.622808904915
"China","Policy_NoDAC_CI_GFDL","Policy_NoDAC_CI",2065,213.924485080948
"China","Policy_NoDAC_CI_GFDL","Policy_NoDAC_CI",2070,207.080392620155
"China","Policy_NoDAC_CI_GFDL","Policy_NoDAC_CI",2075,199.024052980655
"China","Policy_NoDAC_CI_GFDL","Policy_NoDAC_CI",2080,190.554857862418
"China","Policy_NoDAC_CI_GFDL","Policy_NoDAC_CI",2085,184.334933671618
"China","Policy_NoDAC_CI_GFDL","Policy_NoDAC_CI",2090,178.716220664253
"China","Policy_NoDAC_CI_GFDL","Policy_NoDAC_CI",2095,169.262177650432
"China","Policy_NoDAC_CI_GFDL","Policy_NoDAC_CI",2100,161.35929267054
"China","Policy_NoDAC_CI_HadGEM","Policy_NoDAC_CI",1990,36.623082985445
"China","Policy_NoDAC_CI_HadGEM","Policy_NoDAC_CI",2005,80.1888195506782
"China","Policy_NoDAC_CI_HadGEM","Policy_NoDAC_CI",2010,112.049228742113
"China","Policy_NoDAC_CI_HadGEM","Policy_NoDAC_CI",2015,134.566104486051
"China","Policy_NoDAC_CI_HadGEM","Policy_NoDAC_CI",2020,151.968300894397
"China","Policy_NoDAC_CI_HadGEM","Policy_NoDAC_CI",2025,169.104607002428
"China","Policy_NoDAC_CI_HadGEM","Policy_NoDAC_CI",2030,182.94867432527
"China","Policy_NoDAC_CI_HadGEM","Policy_NoDAC_CI",2035,189.595743094298
"China","Policy_NoDAC_CI_HadGEM","Policy_NoDAC_CI",2040,192.47775531776
"China","Policy_NoDAC_CI_HadGEM","Policy_NoDAC_CI",2045,192.469012317167
"China","Policy_NoDAC_CI_HadGEM","Policy_NoDAC_CI",2050,193.779540649931
"China","Policy_NoDAC_CI_HadGEM","Policy_NoDAC_CI",2055,206.418490464444
"China","Policy_NoDAC_CI_HadGEM","Policy_NoDAC_CI",2060,217.43501211966
"China","Policy_NoDAC_CI_HadGEM","Policy_NoDAC_CI",2065,214.572393634026
"China","Policy_NoDAC_CI_HadGEM","Policy_NoDAC_CI",2070,207.841413819098
"China","Policy_NoDAC_CI_HadGEM","Policy_NoDAC_CI",2075,199.837208781745
"China","Policy_NoDAC_CI_HadGEM","Policy_NoDAC_CI",2080,191.594930545585
"China","Policy_NoDAC_CI_HadGEM","Policy_NoDAC_CI",2085,185.620792075702
"China","Policy_NoDAC_CI_HadGEM","Policy_NoDAC_CI",2090,180.015060535899
"China","Policy_NoDAC_CI_HadGEM","Policy_NoDAC_CI",2095,170.583251233512
"China","Policy_NoDAC_CI_HadGEM","Policy_NoDAC_CI",2100,162.012787828217
"China","Policy_NoDAC_CI_IPSL","Policy_NoDAC_CI",1990,36.623082985445
"China","Policy_NoDAC_CI_IPSL","Policy_NoDAC_CI",2005,80.1888195506782
"China","Policy_NoDAC_CI_IPSL","Policy_NoDAC_CI",2010,112.049228742113
"China","Policy_NoDAC_CI_IPSL","Policy_NoDAC_CI",2015,134.566104486051
"China","Policy_NoDAC_CI_IPSL","Policy_NoDAC_CI",2020,151.963958712755
"China","Policy_NoDAC_CI_IPSL","Policy_NoDAC_CI",2025,169.089640904962
"China","Policy_NoDAC_CI_IPSL","Policy_NoDAC_CI",2030,182.9097334062
"China","Policy_NoDAC_CI_IPSL","Policy_NoDAC_CI",2035,189.48584901426
"China","Policy_NoDAC_CI_IPSL","Policy_NoDAC_CI",2040,192.239552159366
"China","Policy_NoDAC_CI_IPSL","Policy_NoDAC_CI",2045,192.041899145203
"China","Policy_NoDAC_CI_IPSL","Policy_NoDAC_CI",2050,193.215804856028
"China","Policy_NoDAC_CI_IPSL","Policy_NoDAC_CI",2055,205.748778654564
"China","Policy_NoDAC_CI_IPSL","Policy_NoDAC_CI",2060,216.504220674643
"China","Policy_NoDAC_CI_IPSL","Policy_NoDAC_CI",2065,214.122700471476
"China","Policy_NoDAC_CI_IPSL","Policy_NoDAC_CI",2070,207.388977554583
"China","Policy_NoDAC_CI_IPSL","Policy_NoDAC_CI",2075,199.388741344853
"China","Policy_NoDAC_CI_IPSL","Policy_NoDAC_CI",2080,191.102646323188
"China","Policy_NoDAC_CI_IPSL","Policy_NoDAC_CI",2085,184.966414887636
"China","Policy_NoDAC_CI_IPSL","Policy_NoDAC_CI",2090,179.390888351467
"China","Policy_NoDAC_CI_IPSL","Policy_NoDAC_CI",2095,169.856622234936
"China","Policy_NoDAC_CI_IPSL","Policy_NoDAC_CI",2100,161.576881990781
"China","Policy_NoDAC_CI_MIROC","Policy_NoDAC_CI",1990,36.623082985445
"China","Policy_NoDAC_CI_MIROC","Policy_NoDAC_CI",2005,80.1888195506782
"China","Policy_NoDAC_CI_MIROC","Policy_NoDAC_CI",2010,112.049228742113
"China","Policy_NoDAC_CI_MIROC","Policy_NoDAC_CI",2015,134.566104486051
"China","Policy_NoDAC_CI_MIROC","Policy_NoDAC_CI",2020,151.96001539242
"China","Policy_NoDAC_CI_MIROC","Policy_NoDAC_CI",2025,169.087428654219
"China","Policy_NoDAC_CI_MIROC","Policy_NoDAC_CI",2030,182.908588587992
"China","Policy_NoDAC_CI_MIROC","Policy_NoDAC_CI",2035,189.507361097684
"China","Policy_NoDAC_CI_MIROC","Policy_NoDAC_CI",2040,192.290527531946
"China","Policy_NoDAC_CI_MIROC","Policy_NoDAC_CI",2045,192.112369005232
"China","Policy_NoDAC_CI_MIROC","Policy_NoDAC_CI",2050,193.303971716382
"China","Policy_NoDAC_CI_MIROC","Policy_NoDAC_CI",2055,205.76903181372
"China","Policy_NoDAC_CI_MIROC","Policy_NoDAC_CI",2060,216.472447806797
"China","Policy_NoDAC_CI_MIROC","Policy_NoDAC_CI",2065,213.829255158171
"China","Policy_NoDAC_CI_MIROC","Policy_NoDAC_CI",2070,207.098052598202
"China","Policy_NoDAC_CI_MIROC","Policy_NoDAC_CI",2075,198.8724509921
"China","Policy_NoDAC_CI_MIROC","Policy_NoDAC_CI",2080,190.259258174387
"China","Policy_NoDAC_CI_MIROC","Policy_NoDAC_CI",2085,184.19167973627
"China","Policy_NoDAC_CI_MIROC","Policy_NoDAC_CI",2090,178.846924137252
"China","Policy_NoDAC_CI_MIROC","Policy_NoDAC_CI",2095,169.623028782949
"China","Policy_NoDAC_CI_MIROC","Policy_NoDAC_CI",2100,161.081988401515
"China","Policy_NoDAC_CI_NorESM","Policy_NoDAC_CI",1990,36.623082985445
"China","Policy_NoDAC_CI_NorESM","Policy_NoDAC_CI",2005,80.1888195506782
"China","Policy_NoDAC_CI_NorESM","Policy_NoDAC_CI",2010,112.049228742113
"China","Policy_NoDAC_CI_NorESM","Policy_NoDAC_CI",2015,134.566104486051
"China","Policy_NoDAC_CI_NorESM","Policy_NoDAC_CI",2020,151.970899352699
"China","Policy_NoDAC_CI_NorESM","Policy_NoDAC_CI",2025,169.10471260317
"China","Policy_NoDAC_CI_NorESM","Policy_NoDAC_CI",2030,182.937885263358
"China","Policy_NoDAC_CI_NorESM","Policy_NoDAC_CI",2035,189.556358236966
"China","Policy_NoDAC_CI_NorESM","Policy_NoDAC_CI",2040,192.379482991358
"China","Policy_NoDAC_CI_NorESM","Policy_NoDAC_CI",2045,192.2866764073
"China","Policy_NoDAC_CI_NorESM","Policy_NoDAC_CI",2050,193.502619922994
"China","Policy_NoDAC_CI_NorESM","Policy_NoDAC_CI",2055,206.04844010477
"China","Policy_NoDAC_CI_NorESM","Policy_NoDAC_CI",2060,216.910827700007
"China","Policy_NoDAC_CI_NorESM","Policy_NoDAC_CI",2065,214.203747373833
"China","Policy_NoDAC_CI_NorESM","Policy_NoDAC_CI",2070,207.478455072128
"China","Policy_NoDAC_CI_NorESM","Policy_NoDAC_CI",2075,199.444966813017
"China","Policy_NoDAC_CI_NorESM","Policy_NoDAC_CI",2080,191.146003252873
"China","Policy_NoDAC_CI_NorESM","Policy_NoDAC_CI",2085,184.752892730806
"China","Policy_NoDAC_CI_NorESM","Policy_NoDAC_CI",2090,179.409862084874
"China","Policy_NoDAC_CI_NorESM","Policy_NoDAC_CI",2095,169.995006811988
"China","Policy_NoDAC_CI_NorESM","Policy_NoDAC_CI",2100,161.6321515202
"China","Reference","Reference",1990,36.623082985445
"China","Reference","Reference",2005,80.1888195506782
"China","Reference","Reference",2010,112.049228742113
"China","Reference","Reference",2015,134.566104486051
"China","Reference","Reference",2020,152.400028771469
"China","Reference","Reference",2025,169.420967180661
"China","Reference","Reference",2030,183.250970764271
"China","Reference","Reference",2035,190.878157479227
"China","Reference","Reference",2040,195.145882766022
"China","Reference","Reference",2045,196.755821543063
"China","Reference","Reference",2050,195.42547054551
"China","Reference","Reference",2055,192.253543646325
"China","Reference","Reference",2060,187.547802587117
"China","Reference","Reference",2065,182.06829492436
"China","Reference","Reference",2070,176.174486902443
"China","Reference","Reference",2075,169.600442797621
"China","Reference","Reference",2080,162.408482840993
"China","Reference","Reference",2085,155.739185302348
"China","Reference","Reference",2090,149.879392526679
"China","Reference","Reference",2095,144.830611536568
"China","Reference","Reference",2100,140.64041642053
"China","Reference_CI_GFDL","Reference_CI",1990,36.623082985445
"China","Reference_CI_GFDL","Reference_CI",2005,80.1888195506782
"China","Reference_CI_GFDL","Reference_CI",2010,112.049228742113
"China","Reference_CI_GFDL","Reference_CI",2015,134.566104486051
"China","Reference_CI_GFDL","Reference_CI",2020,151.94692003685
"China","Reference_CI_GFDL","Reference_CI",2025,169.068306260663
"China","Reference_CI_GFDL","Reference_CI",2030,182.99424529827
"China","Reference_CI_GFDL","Reference_CI",2035,190.423534779895
"China","Reference_CI_GFDL","Reference_CI",2040,195.121179851665
"China","Reference_CI_GFDL","Reference_CI",2045,197.043102847421
"China","Reference_CI_GFDL","Reference_CI",2050,195.960934556369
"China","Reference_CI_GFDL","Reference_CI",2055,192.943147851656
"China","Reference_CI_GFDL","Reference_CI",2060,188.42545806199
"China","Reference_CI_GFDL","Reference_CI",2065,183.132225289183
"China","Reference_CI_GFDL","Reference_CI",2070,177.277723083603
"China","Reference_CI_GFDL","Reference_CI",2075,170.753153597378
"China","Reference_CI_GFDL","Reference_CI",2080,163.326902541308
"China","Reference_CI_GFDL","Reference_CI",2085,156.663983804126
"China","Reference_CI_GFDL","Reference_CI",2090,150.773119458835
"China","Reference_CI_GFDL","Reference_CI",2095,145.607972238927
"China","Reference_CI_GFDL","Reference_CI",2100,141.059906867403
"China","Reference_CI_HadGEM","Reference_CI",1990,36.623082985445
"China","Reference_CI_HadGEM","Reference_CI",2005,80.1888195506782
"China","Reference_CI_HadGEM","Reference_CI",2010,112.049228742113
"China","Reference_CI_HadGEM","Reference_CI",2015,134.566104486051
"China","Reference_CI_HadGEM","Reference_CI",2020,151.966210233111
"China","Reference_CI_HadGEM","Reference_CI",2025,169.083382750232
"China","Reference_CI_HadGEM","Reference_CI",2030,182.991407980071
"China","Reference_CI_HadGEM","Reference_CI",2035,190.413448078614
"China","Reference_CI_HadGEM","Reference_CI",2040,195.082809994815
"China","Reference_CI_HadGEM","Reference_CI",2045,196.960376118837
"China","Reference_CI_HadGEM","Reference_CI",2050,195.808801475077
"China","Reference_CI_HadGEM","Reference_CI",2055,192.72735194616
"China","Reference_CI_HadGEM","Reference_CI",2060,188.137593473399
"China","Reference_CI_HadGEM","Reference_CI",2065,182.765292929779
"China","Reference_CI_HadGEM","Reference_CI",2070,176.829175544506
"China","Reference_CI_HadGEM","Reference_CI",2075,170.233051273515
"China","Reference_CI_HadGEM","Reference_CI",2080,162.675021627652
"China","Reference_CI_HadGEM","Reference_CI",2085,156.01256132708
"China","Reference_CI_HadGEM","Reference_CI",2090,150.167374621662
"China","Reference_CI_HadGEM","Reference_CI",2095,145.114256753952
"China","Reference_CI_HadGEM","Reference_CI",2100,140.589924601989
"China","Reference_CI_IPSL","Reference_CI",1990,36.623082985445
"China","Reference_CI_IPSL","Reference_CI",2005,80.1888195506782
"China","Reference_CI_IPSL","Reference_CI",2010,112.049228742113
"China","Reference_CI_IPSL","Reference_CI",2015,134.566104486051
"China","Reference_CI_IPSL","Reference_CI",2020,151.972738390312
"China","Reference_CI_IPSL","Reference_CI",2025,169.088537735354
"China","Reference_CI_IPSL","Reference_CI",2030,183.010200554268
"China","Reference_CI_IPSL","Reference_CI",2035,190.455888897024
"China","Reference_CI_IPSL","Reference_CI",2040,195.133123044041
"China","Reference_CI_IPSL","Reference_CI",2045,197.020576325932
"China","Reference_CI_IPSL","Reference_CI",2050,195.865204936016
"China","Reference_CI_IPSL","Reference_CI",2055,192.775639458885
"China","Reference_CI_IPSL","Reference_CI",2060,188.156324186277
"China","Reference_CI_IPSL","Reference_CI",2065,182.752067119612
"China","Reference_CI_IPSL","Reference_CI",2070,176.812991238424
"China","Reference_CI_IPSL","Reference_CI",2075,170.163901863456
"China","Reference_CI_IPSL","Reference_CI",2080,162.585837145206
"China","Reference_CI_IPSL","Reference_CI",2085,155.872800962245
"China","Reference_CI_IPSL","Reference_CI",2090,150.035747372139
"China","Reference_CI_IPSL","Reference_CI",2095,144.959858626187
"China","Reference_CI_IPSL","Reference_CI",2100,140.382370435049
"China","Reference_CI_MIROC","Reference_CI",1990,36.623082985445
"China","Reference_CI_MIROC","Reference_CI",2005,80.1888195506782
"China","Reference_CI_MIROC","Reference_CI",2010,112.049228742113
"China","Reference_CI_MIROC","Reference_CI",2015,134.566104486051
"China","Reference_CI_MIROC","Reference_CI",2020,151.981201086441
"China","Reference_CI_MIROC","Reference_CI",2025,169.104684963416
"China","Reference_CI_MIROC","Reference_CI",2030,183.032747212436
"China","Reference_CI_MIROC","Reference_CI",2035,190.513679288351
"China","Reference_CI_MIROC","Reference_CI",2040,195.184199850324
"China","Reference_CI_MIROC","Reference_CI",2045,197.037736100875
"China","Reference_CI_MIROC","Reference_CI",2050,195.876608152504
"China","Reference_CI_MIROC","Reference_CI",2055,192.77732265786
"China","Reference_CI_MIROC","Reference_CI",2060,188.124224015361
"China","Reference_CI_MIROC","Reference_CI",2065,182.698706647473
"China","Reference_CI_MIROC","Reference_CI",2070,176.758299216778
"China","Reference_CI_MIROC","Reference_CI",2075,170.079681835204
"China","Reference_CI_MIROC","Reference_CI",2080,162.511739642034
"China","Reference_CI_MIROC","Reference_CI",2085,155.814324790884
"China","Reference_CI_MIROC","Reference_CI",2090,149.998771677781
"China","Reference_CI_MIROC","Reference_CI",2095,144.937346471906
"China","Reference_CI_MIROC","Reference_CI",2100,140.338379673466
"China","Reference_CI_NorESM","Reference_CI",1990,36.623082985445
"China","Reference_CI_NorESM","Reference_CI",2005,80.1888195506782
"China","Reference_CI_NorESM","Reference_CI",2010,112.049228742113
"China","Reference_CI_NorESM","Reference_CI",2015,134.566104486051
"China","Reference_CI_NorESM","Reference_CI",2020,151.966083829213
"China","Reference_CI_NorESM","Reference_CI",2025,169.08048425757
"China","Reference_CI_NorESM","Reference_CI",2030,182.995182729999
"China","Reference_CI_NorESM","Reference_CI",2035,190.434009853294
"China","Reference_CI_NorESM","Reference_CI",2040,195.113059971624
"China","Reference_CI_NorESM","Reference_CI",2045,196.999436895638
"China","Reference_CI_NorESM","Reference_CI",2050,195.902312629401
"China","Reference_CI_NorESM","Reference_CI",2055,192.868142767995
"China","Reference_CI_NorESM","Reference_CI",2060,188.280743021465
"China","Reference_CI_NorESM","Reference_CI",2065,182.983387688757
"China","Reference_CI_NorESM","Reference_CI",2070,177.108087366754
"China","Reference_CI_NorESM","Reference_CI",2075,170.559184522456
"China","Reference_CI_NorESM","Reference_CI",2080,163.023873684845
"China","Reference_CI_NorESM","Reference_CI",2085,156.410815446049
"China","Reference_CI_NorESM","Reference_CI",2090,150.546868292341
"China","Reference_CI_NorESM","Reference_CI",2095,145.469867977528
"China","Reference_CI_NorESM","Reference_CI",2100,140.998949115144
"Global","Policy","Policy",1990,382.192453438893
"Global","Policy","Policy",2005,497.562874960291
"Global","Policy","Policy",2010,555.187658105917
"Global","Policy","Policy",2015,597.357312778762
"Global","Policy","Policy",2020,618.724726266361
"Global","Policy","Policy",2025,684.803284453451
"Global","Policy","Policy",2030,744.20759402798
"Global","Policy","Policy",2035,790.365694584423
"Global","Policy","Policy",2040,842.571894221756
"Global","Policy","Policy",2045,901.44585458223
"Global","Policy","Policy",2050,969.427453994391
"Global","Policy","Policy",2055,1027.46574838489
"Global","Policy","Policy",2060,1086.96280768798
"Global","Policy","Policy",2065,1133.27936202132
"Global","Policy","Policy",2070,1180.36570451241
"Global","Policy","Policy",2075,1222.3149842882
"Global","Policy","Policy",2080,1258.46201848359
"Global","Policy","Policy",2085,1286.59302021882
"Global","Policy","Policy",2090,1309.81132522556
"Global","Policy","Policy",2095,1320.87989172855
"Global","Policy","Policy",2100,1331.50892132325
"Global","Policy_CI_GFDL","Policy_CI",1990,382.192453438893
"Global","Policy_CI_GFDL","Policy_CI",2005,497.562874960291
"Global","Policy_CI_GFDL","Policy_CI",2010,555.187658105917
"Global","Policy_CI_GFDL","Policy_CI",2015,597.357312778762
"Global","Policy_CI_GFDL","Policy_CI",2020,618.44645711752
"Global","Policy_CI_GFDL","Policy_CI",2025,684.559288042978
"Global","Policy_CI_GFDL","Policy_CI",2030,743.842706344423
"Global","Policy_CI_GFDL","Policy_CI",2035,790.259432896637
"Global","Policy_CI_GFDL","Policy_CI",2040,842.996407488476
"Global","Policy_CI_GFDL","Policy_CI",2045,902.322603554736
"Global","Policy_CI_GFDL","Policy_CI",2050,970.581151110509
"Global","Policy_CI_GFDL","Policy_CI",2055,1028.62035916222
"Global","Policy_CI_GFDL","Policy_CI",2060,1087.47955727478
"Global","Policy_CI_GFDL","Policy_CI",2065,1133.84041737356
"Global","Policy_CI_GFDL","Policy_CI",2070,1180.68578531756
"Global","Policy_CI_GFDL","Policy_CI",2075,1222.87302745468
"Global","Policy_CI_GFDL","Policy_CI",2080,1258.59445549198
"Global","Policy_CI_GFDL","Policy_CI",2085,1286.75564352635
"Global","Policy_CI_GFDL","Policy_CI",2090,1310.05468885282
"Global","Policy_CI_GFDL","Policy_CI",2095,1320.66722406006
"Global","Policy_CI_GFDL","Policy_CI",2100,1331.03157752038
"Global","Policy_CI_HadGEM","Policy_CI",1990,382.192453438893
"Global","Policy_CI_HadGEM","Policy_CI",2005,497.562874960291
"Global","Policy_CI_HadGEM","Policy_CI",2010,555.187658105917
"Global","Policy_CI_HadGEM","Policy_CI",2015,597.357312778762
"Global","Policy_CI_HadGEM","Policy_CI",2020,618.530987881165
"Global","Policy_CI_HadGEM","Policy_CI",2025,684.422710686649
"Global","Policy_CI_HadGEM","Policy_CI",2030,743.764825239068
"Global","Policy_CI_HadGEM","Policy_CI",2035,790.331687373986
"Global","Policy_CI_HadGEM","Policy_CI",2040,843.078539130921
"Global","Policy_CI_HadGEM","Policy_CI",2045,902.643473353689
"Global","Policy_CI_HadGEM","Policy_CI",2050,971.127166346371
"Global","Policy_CI_HadGEM","Policy_CI",2055,1029.47811791184
"Global","Policy_CI_HadGEM","Policy_CI",2060,1088.91859795774
"Global","Policy_CI_HadGEM","Policy_CI",2065,1135.12992844617
"Global","Policy_CI_HadGEM","Policy_CI",2070,1182.29660918078
"Global","Policy_CI_HadGEM","Policy_CI",2075,1223.94523423172
"Global","Policy_CI_HadGEM","Policy_CI",2080,1259.88118038182
"Global","Policy_CI_HadGEM","Policy_CI",2085,1288.32691792851
"Global","Policy_CI_HadGEM","Policy_CI",2090,1311.51257526037
"Global","Policy_CI_HadGEM","Policy_CI",2095,1321.93219214773
"Global","Policy_CI_HadGEM","Policy_CI",2100,1331.2256694289
"Global","Policy_CI_IPSL","Policy_CI",1990,382.192453438893
"Global","Policy_CI_IPSL","Policy_CI",2005,497.562874960291
"Global","Policy_CI_IPSL","Policy_CI",2010,555.187658105917
"Global","Policy_CI_IPSL","Policy_CI",2015,597.357312778762
"Global","Policy_CI_IPSL","Policy_CI",2020,618.486227391881
"Global","Policy_CI_IPSL","Policy_CI",2025,684.514417339465
"Global","Policy_CI_IPSL","Policy_CI",2030,743.899799855965
"Global","Policy_CI_IPSL","Policy_CI",2035,789.647300985107
"Global","Policy_CI_IPSL","Policy_CI",2040,842.243596586223
"Global","Policy_CI_IPSL","Policy_CI",2045,901.326930150858
"Global","Policy_CI_IPSL","Policy_CI",2050,970.098843894159
"Global","Policy_CI_IPSL","Policy_CI",2055,1028.57242685532
"Global","Policy_CI_IPSL","Policy_CI",2060,1088.03586808561
"Global","Policy_CI_IPSL","Policy_CI",2065,1135.32862184995
"Global","Policy_CI_IPSL","Policy_CI",2070,1182.4920965325
"Global","Policy_CI_IPSL","Policy_CI",2075,1224.49732133906
"Global","Policy_CI_IPSL","Policy_CI",2080,1260.5601674906
"Global","Policy_CI_IPSL","Policy_CI",2085,1288.52421843861
"Global","Policy_CI_IPSL","Policy_CI",2090,1311.92720688322
"Global","Policy_CI_IPSL","Policy_CI",2095,1322.0002715295
"Global","Policy_CI_IPSL","Policy_CI",2100,1331.79284768459
"Global","Policy_CI_MIROC","Policy_CI",1990,382.192453438893
"Global","Policy_CI_MIROC","Policy_CI",2005,497.562874960291
"Global","Policy_CI_MIROC","Policy_CI",2010,555.187658105917
"Global","Policy_CI_MIROC","Policy_CI",2015,597.357312778762
"Global","Policy_CI_MIROC","Policy_CI",2020,618.477504922113
"Global","Policy_CI_MIROC","Policy_CI",2025,684.284380801304
"Global","Policy_CI_MIROC","Policy_CI",2030,743.489315132724
"Global","Policy_CI_MIROC","Policy_CI",2035,789.554039276904
"Global","Policy_CI_MIROC","Policy_CI",2040,841.979883886505
"Global","Policy_CI_MIROC","Policy_CI",2045,901.189175907099
"Global","Policy_CI_MIROC","Policy_CI",2050,969.661942448041
"Global","Policy_CI_MIROC","Policy_CI",2055,1027.80152665286
"Global","Policy_CI_MIROC","Policy_CI",2060,1087.35121718561
"Global","Policy_CI_MIROC","Policy_CI",2065,1133.75558092018
"Global","Policy_CI_MIROC","Policy_CI",2070,1180.77333080783
"Global","Policy_CI_MIROC","Policy_CI",2075,1222.29577827525
"Global","Policy_CI_MIROC","Policy_CI",2080,1258.64948139631
"Global","Policy_CI_MIROC","Policy_CI",2085,1286.8652380973
"Global","Policy_CI_MIROC","Policy_CI",2090,1310.41718483385
"Global","Policy_CI_MIROC","Policy_CI",2095,1321.61584497357
"Global","Policy_CI_MIROC","Policy_CI",2100,1331.40356308425
"Global","Policy_CI_NorESM","Policy_CI",1990,382.192453438893
"Global","Policy_CI_NorESM","Policy_CI",2005,497.562874960291
"Global","Policy_CI_NorESM","Policy_CI",2010,555.187658105917
"Global","Policy_CI_NorESM","Policy_CI",2015,597.357312778762
"Global","Policy_CI_NorESM","Policy_CI",2020,618.532001807802
"Global","Policy_CI_NorESM","Policy_CI",2025,684.273818254848
"Global","Policy_CI_NorESM","Policy_CI",2030,743.708024157715
"Global","Policy_CI_NorESM","Policy_CI",2035,789.977936437212
"Global","Policy_CI_NorESM","Policy_CI",2040,842.690552624407
"Global","Policy_CI_NorESM","Policy_CI",2045,902.17729832165
"Global","Policy_CI_NorESM","Policy_CI",2050,970.742883914619
"Global","Policy_CI_NorESM","Policy_CI",2055,1029.16941114262
"Global","Policy_CI_NorESM","Policy_CI",2060,1088.79526805012
"Global","Policy_CI_NorESM","Policy_CI",2065,1135.22058717772
"Global","Policy_CI_NorESM","Policy_CI",2070,1182.27112159343
"Global","Policy_CI_NorESM","Policy_CI",2075,1224.09083193404
"Global","Policy_CI_NorESM","Policy_CI",2080,1260.14477820746
"Global","Policy_CI_NorESM","Policy_CI",2085,1287.54085265293
"Global","Policy_CI_NorESM","Policy_CI",2090,1311.30870351406
"Global","Policy_CI_NorESM","Policy_CI",2095,1321.93700133329
"Global","Policy_CI_NorESM","Policy_CI",2100,1331.40099745976
"Global","Policy_NoDAC","Policy_NoDAC",1990,382.192453438893
"Global","Policy_NoDAC","Policy_NoDAC",2005,497.562874960291
"Global","Policy_NoDAC","Policy_NoDAC",2010,555.187658105917
"Global","Policy_NoDAC","Policy_NoDAC",2015,597.357312778762
"Global","Policy_NoDAC","Policy_NoDAC",2020,618.724641113116
"Global","Policy_NoDAC","Policy_NoDAC",2025,684.799803225953
"Global","Policy_NoDAC","Policy_NoDAC",2030,744.184548000489
"Global","Policy_NoDAC","Policy_NoDAC",2035,790.03214833699
"Global","Policy_NoDAC","Policy_NoDAC",2040,839.894829513893
"Global","Policy_NoDAC","Policy_NoDAC",2045,890.48468773389
"Global","Policy_NoDAC","Policy_NoDAC",2050,942.145785661035
"Global","Policy_NoDAC","Policy_NoDAC",2055,994.779189857462
"Global","Policy_NoDAC","Policy_NoDAC",2060,1041.54251776534
"Global","Policy_NoDAC","Policy_NoDAC",2065,1080.61716443243
"Global","Policy_NoDAC","Policy_NoDAC",2070,1113.92814037396
"Global","Policy_NoDAC","Policy_NoDAC",2075,1145.40364263266
"Global","Policy_NoDAC","Policy_NoDAC",2080,1171.56694862658
"Global","Policy_NoDAC","Policy_NoDAC",2085,1193.4596490669
"Global","Policy_NoDAC","Policy_NoDAC",2090,1210.87452595013
"Global","Policy_NoDAC","Policy_NoDAC",2095,1219.14609865336
"Global","Policy_NoDAC","Policy_NoDAC",2100,1227.65835503829
"Global","Policy_NoDAC_CI_GFDL","Policy_NoDAC_CI",1990,382.192453438893
"Global","Policy_NoDAC_CI_GFDL","Policy_NoDAC_CI",2005,497.562874960291
"Global","Policy_NoDAC_CI_GFDL","Policy_NoDAC_CI",2010,555.187658105917
"Global","Policy_NoDAC_CI_GFDL","Policy_NoDAC_CI",2015,597.357312778762
"Global","Policy_NoDAC_CI_GFDL","Policy_NoDAC_CI",2020,618.442688963444
"Global","Policy_NoDAC_CI_GFDL","Policy_NoDAC_CI",2025,684.552015209575
"Global","Policy_NoDAC_CI_GFDL","Policy_NoDAC_CI",2030,743.812663818767
"Global","Policy_NoDAC_CI_GFDL","Policy_NoDAC_CI",2035,789.910449857251
"Global","Policy_NoDAC_CI_GFDL","Policy_NoDAC_CI",2040,840.35402851963
"Global","Policy_NoDAC_CI_GFDL","Policy_NoDAC_CI",2045,891.301704045412
"Global","Policy_NoDAC_CI_GFDL","Policy_NoDAC_CI",2050,943.289240166313
"Global","Policy_NoDAC_CI_GFDL","Policy_NoDAC_CI",2055,996.143766562227
"Global","Policy_NoDAC_CI_GFDL","Policy_NoDAC_CI",2060,1042.2278110373
"Global","Policy_NoDAC_CI_GFDL","Policy_NoDAC_CI",2065,1081.58180681023
"Global","Policy_NoDAC_CI_GFDL","Policy_NoDAC_CI",2070,1114.37897850974
"Global","Policy_NoDAC_CI_GFDL","Policy_NoDAC_CI",2075,1146.25349136805
"Global","Policy_NoDAC_CI_GFDL","Policy_NoDAC_CI",2080,1171.45177635314
"Global","Policy_NoDAC_CI_GFDL","Policy_NoDAC_CI",2085,1192.67683249366
"Global","Policy_NoDAC_CI_GFDL","Policy_NoDAC_CI",2090,1209.68161254219
"Global","Policy_NoDAC_CI_GFDL","Policy_NoDAC_CI",2095,1216.63458604608
"Global","Policy_NoDAC_CI_GFDL","Policy_NoDAC_CI",2100,1224.99930738111
"Global","Policy_NoDAC_CI_HadGEM","Policy_NoDAC_CI",1990,382.192453438893
"Global","Policy_NoDAC_CI_HadGEM","Policy_NoDAC_CI",2005,497.562874960291
"Global","Policy_NoDAC_CI_HadGEM","Policy_NoDAC_CI",2010,555.187658105917
"Global","Policy_NoDAC_CI_HadGEM","Policy_NoDAC_CI",2015,597.357312778762
"Global","Policy_NoDAC_CI_HadGEM","Policy_NoDAC_CI",2020,618.53141073692
"Global","Policy_NoDAC_CI_HadGEM","Policy_NoDAC_CI",2025,684.419897333786
"Global","Policy_NoDAC_CI_HadGEM","Policy_NoDAC_CI",2030,743.742993220213
"Global","Policy_NoDAC_CI_HadGEM","Policy_NoDAC_CI",2035,789.979933282645
"Global","Policy_NoDAC_CI_HadGEM","Policy_NoDAC_CI",2040,840.373433817861
"Global","Policy_NoDAC_CI_HadGEM","Policy_NoDAC_CI",2045,891.578644952626
"Global","Policy_NoDAC_CI_HadGEM","Policy_NoDAC_CI",2050,943.842312746145
"Global","Policy_NoDAC_CI_HadGEM","Policy_NoDAC_CI",2055,997.16061203523
"Global","Policy_NoDAC_CI_HadGEM","Policy_NoDAC_CI",2060,1044.76937976758
"Global","Policy_NoDAC_CI_HadGEM","Policy_NoDAC_CI",2065,1083.94528927025
"Global","Policy_NoDAC_CI_HadGEM","Policy_NoDAC_CI",2070,1117.72951236324
"Global","Policy_NoDAC_CI_HadGEM","Policy_NoDAC_CI",2075,1149.42370313995
"Global","Policy_NoDAC_CI_HadGEM","Policy_NoDAC_CI",2080,1175.8559394467
"Global","Policy_NoDAC_CI_HadGEM","Policy_NoDAC_CI",2085,1198.67201870197
"Global","Policy_NoDAC_CI_HadGEM","Policy_NoDAC_CI",2090,1216.7008729953
"Global","Policy_NoDAC_CI_HadGEM","Policy_NoDAC_CI",2095,1224.43455776698
"Global","Policy_NoDAC_CI_HadGEM","Policy_NoDAC_CI",2100,1230.43098948486
"Global","Policy_NoDAC_CI_IPSL","Policy_NoDAC_CI",1990,382.192453438893
"Global","Policy_NoDAC_CI_IPSL","Policy_NoDAC_CI",2005,497.562874960291
"Global","Policy_NoDAC_CI_IPSL","Policy_NoDAC_CI",2010,555.187658105917
"Global","Policy_NoDAC_CI_IPSL","Policy_NoDAC_CI",2015,597.357312778762
"Global","Policy_NoDAC_CI_IPSL","Policy_NoDAC_CI",2020,618.486030762312
"Global","Policy_NoDAC_CI_IPSL","Policy_NoDAC_CI",2025,684.510122286086
"Global","Policy_NoDAC_CI_IPSL","Policy_NoDAC_CI",2030,743.873489141882
"Global","Policy_NoDAC_CI_IPSL","Policy_NoDAC_CI",2035,789.293241905725
"Global","Policy_NoDAC_CI_IPSL","Policy_NoDAC_CI",2040,839.473727315466
"Global","Policy_NoDAC_CI_IPSL","Policy_NoDAC_CI",2045,890.11889914784
"Global","Policy_NoDAC_CI_IPSL","Policy_NoDAC_CI",2050,942.242754039898
"Global","Policy_NoDAC_CI_IPSL","Policy_NoDAC_CI",2055,995.583525541106
"Global","Policy_NoDAC_CI_IPSL","Policy_NoDAC_CI",2060,1042.02352203937
"Global","Policy_NoDAC_CI_IPSL","Policy_NoDAC_CI",2065,1082.79228930783
"Global","Policy_NoDAC_CI_IPSL","Policy_NoDAC_CI",2070,1116.18149156656
"Global","Policy_NoDAC_CI_IPSL","Policy_NoDAC_CI",2075,1148.02461446533
"Global","Policy_NoDAC_CI_IPSL","Policy_NoDAC_CI",2080,1174.03853542757
"Global","Policy_NoDAC_CI_IPSL","Policy_NoDAC_CI",2085,1195.80610678995
"Global","Policy_NoDAC_CI_IPSL","Policy_NoDAC_CI",2090,1214.03403116189
"Global","Policy_NoDAC_CI_IPSL","Policy_NoDAC_CI",2095,1220.85787533754
"Global","Policy_NoDAC_CI_IPSL","Policy_NoDAC_CI",2100,1228.63362437364
"Global","Policy_NoDAC_CI_MIROC","Policy_NoDAC_CI",1990,382.192453438893
"Global","Policy_NoDAC_CI_MIROC","Policy_NoDAC_CI",2005,497.562874960291
"Global","Policy_NoDAC_CI_MIROC","Policy_NoDAC_CI",2010,555.187658105917
"Global","Policy_NoDAC_CI_MIROC","Policy_NoDAC_CI",2015,597.357312778762
"Global","Policy_NoDAC_CI_MIROC","Policy_NoDAC_CI",2020,618.476853659935
"Global","Policy_NoDAC_CI_MIROC","Policy_NoDAC_CI",2025,684.28038736453
"Global","Policy_NoDAC_CI_MIROC","Policy_NoDAC_CI",2030,743.462067100423
"Global","Policy_NoDAC_CI_MIROC","Policy_NoDAC_CI",2035,789.207858238645
"Global","Policy_NoDAC_CI_MIROC","Policy_NoDAC_CI",2040,839.241148856416
"Global","Policy_NoDAC_CI_MIROC","Policy_NoDAC_CI",2045,890.08659208461
"Global","Policy_NoDAC_CI_MIROC","Policy_NoDAC_CI",2050,942.129002057417
"Global","Policy_NoDAC_CI_MIROC","Policy_NoDAC_CI",2055,995.000958448359
"Global","Policy_NoDAC_CI_MIROC","Policy_NoDAC_CI",2060,1041.39762884398
"Global","Policy_NoDAC_CI_MIROC","Policy_NoDAC_CI",2065,1080.20709496641
"Global","Policy_NoDAC_CI_MIROC","Policy_NoDAC_CI",2070,1113.06598757954
"Global","Policy_NoDAC_CI_MIROC","Policy_NoDAC_CI",2075,1143.23086087378
"Global","Policy_NoDAC_CI_MIROC","Policy_NoDAC_CI",2080,1168.38183893551
"Global","Policy_NoDAC_CI_MIROC","Policy_NoDAC_CI",2085,1189.16678837629
"Global","Policy_NoDAC_CI_MIROC","Policy_NoDAC_CI",2090,1206.54645488673
"Global","Policy_NoDAC_CI_MIROC","Policy_NoDAC_CI",2095,1215.18473786362
"Global","Policy_NoDAC_CI_MIROC","Policy_NoDAC_CI",2100,1221.91443137794
"Global","Policy_NoDAC_CI_NorESM","Policy_NoDAC_CI",1990,382.192453438893
"Global","Policy_NoDAC_CI_NorESM","Policy_NoDAC_CI",2005,497.562874960291
"Global","Policy_NoDAC_CI_NorESM","Policy_NoDAC_CI",2010,555.187658105917
"Global","Policy_NoDAC_CI_NorESM","Policy_NoDAC_CI",2015,597.357312778762
"Global","Policy_NoDAC_CI_NorESM","Policy_NoDAC_CI",2020,618.533698377602
"Global","Policy_NoDAC_CI_NorESM","Policy_NoDAC_CI",2025,684.271251440627
"Global","Policy_NoDAC_CI_NorESM","Policy_NoDAC_CI",2030,743.687561036624
"Global","Policy_NoDAC_CI_NorESM","Policy_NoDAC_CI",2035,789.61858487286
"Global","Policy_NoDAC_CI_NorESM","Policy_NoDAC_CI",2040,839.939033143684
"Global","Policy_NoDAC_CI_NorESM","Policy_NoDAC_CI",2045,891.183473348443
"Global","Policy_NoDAC_CI_NorESM","Policy_NoDAC_CI",2050,943.32329927727
"Global","Policy_NoDAC_CI_NorESM","Policy_NoDAC_CI",2055,996.41481977361
"Global","Policy_NoDAC_CI_NorESM","Policy_NoDAC_CI",2060,1043.6746118405
"Global","Policy_NoDAC_CI_NorESM","Policy_NoDAC_CI",2065,1082.90764707581
"Global","Policy_NoDAC_CI_NorESM","Policy_NoDAC_CI",2070,1116.50206527167
"Global","Policy_NoDAC_CI_NorESM","Policy_NoDAC_CI",2075,1147.94204299459
"Global","Policy_NoDAC_CI_NorESM","Policy_NoDAC_CI",2080,1174.35383286809
"Global","Policy_NoDAC_CI_NorESM","Policy_NoDAC_CI",2085,1194.2529615995
"Global","Policy_NoDAC_CI_NorESM","Policy_NoDAC_CI",2090,1212.95662169518
"Global","Policy_NoDAC_CI_NorESM","Policy_NoDAC_CI",2095,1220.6434717704
"Global","Policy_NoDAC_CI_NorESM","Policy_NoDAC_CI",2100,1227.406796629
"Global","Reference","Reference",1990,382.192453438893
"Global","Reference","Reference",2005,497.562874960291
"Global","Reference","Reference",2010,555.187658105917
"Global","Reference","Reference",2015,597.357312778762
"Global","Reference","Reference",2020,618.721585003811
"Global","Reference","Reference",2025,685.548095599826
"Global","Reference","Reference",2030,744.274930488592
"Global","Reference","Reference",2035,790.418244860281
"Global","Reference","Reference",2040,834.618018149684
"Global","Reference","Reference",2045,877.011770395995
"Global","Reference","Reference",2050,914.541921284589
"Global","Reference","Reference",2055,951.339457744506
"Global","Reference","Reference",2060,987.653561442895
"Global","Reference","Reference",2065,1024.20544487132
"Global","Reference","Reference",2070,1060.4123310077
"Global","Reference","Reference",2075,1093.9524053184
"Global","Reference","Reference",2080,1121.75729758399
"Global","Reference","Reference",2085,1144.17078002047
"Global","Reference","Reference",2090,1165.34414518158
"Global","Reference","Reference",2095,1182.88590296354
"Global","Reference","Reference",2100,1199.69931147484
"Global","Reference_CI_GFDL","Reference_CI",1990,382.192453438893
"Global","Reference_CI_GFDL","Reference_CI",2005,497.562874960291
"Global","Reference_CI_GFDL","Reference_CI",2010,555.187658105917
"Global","Reference_CI_GFDL","Reference_CI",2015,597.357312778762
"Global","Reference_CI_GFDL","Reference_CI",2020,618.401425593905
"Global","Reference_CI_GFDL","Reference_CI",2025,685.244317595897
"Global","Reference_CI_GFDL","Reference_CI",2030,744.116163879011
"Global","Reference_CI_GFDL","Reference_CI",2035,789.984173528041
"Global","Reference_CI_GFDL","Reference_CI",2040,834.851384314666
"Global","Reference_CI_GFDL","Reference_CI",2045,877.804408941387
"Global","Reference_CI_GFDL","Reference_CI",2050,915.891208099195
"Global","Reference_CI_GFDL","Reference_CI",2055,952.965139221417
"Global","Reference_CI_GFDL","Reference_CI",2060,989.79283011748
"Global","Reference_CI_GFDL","Reference_CI",2065,1026.62942183954
"Global","Reference_CI_GFDL","Reference_CI",2070,1062.76840811824
"Global","Reference_CI_GFDL","Reference_CI",2075,1096.5761286058
"Global","Reference_CI_GFDL","Reference_CI",2080,1124.66969789698
"Global","Reference_CI_GFDL","Reference_CI",2085,1147.17215957301
"Global","Reference_CI_GFDL","Reference_CI",2090,1168.41661214909
"Global","Reference_CI_GFDL","Reference_CI",2095,1185.88726746018
"Global","Reference_CI_GFDL","Reference_CI",2100,1202.15416978991
"Global","Reference_CI_HadGEM","Reference_CI",1990,382.192453438893
"Global","Reference_CI_HadGEM","Reference_CI",2005,497.562874960291
"Global","Reference_CI_HadGEM","Reference_CI",2010,555.187658105917
"Global","Reference_CI_HadGEM","Reference_CI",2015,597.357312778762
"Global","Reference_CI_HadGEM","Reference_CI",2020,618.534799738022
"Global","Reference_CI_HadGEM","Reference_CI",2025,685.334315840337
"Global","Reference_CI_HadGEM","Reference_CI",2030,744.196053425979
"Global","Reference_CI_HadGEM","Reference_CI",2035,790.057206154624
"Global","Reference_CI_HadGEM","Reference_CI",2040,834.688500916379
"Global","Reference_CI_HadGEM","Reference_CI",2045,877.121925004565
"Global","Reference_CI_HadGEM","Reference_CI",2050,915.03396581357
"Global","Reference_CI_HadGEM","Reference_CI",2055,952.059999865286
"Global","Reference_CI_HadGEM","Reference_CI",2060,988.57185298521
"Global","Reference_CI_HadGEM","Reference_CI",2065,1025.19656868295
"Global","Reference_CI_HadGEM","Reference_CI",2070,1061.27637656366
"Global","Reference_CI_HadGEM","Reference_CI",2075,1094.84188477177
"Global","Reference_CI_HadGEM","Reference_CI",2080,1122.17427994642
"Global","Reference_CI_HadGEM","Reference_CI",2085,1144.83896793151
"Global","Reference_CI_HadGEM","Reference_CI",2090,1165.89061467545
"Global","Reference_CI_HadGEM","Reference_CI",2095,1183.45811590942
"Global","Reference_CI_HadGEM","Reference_CI",2100,1199.04272893795
"Global","Reference_CI_IPSL","Reference_CI",1990,382.192453438893
"Global","Reference_CI_IPSL","Reference_CI",2005,497.562874960291
"Global","Reference_CI_IPSL","Reference_CI",2010,555.187658105917
"Global","Reference_CI_IPSL","Reference_CI",2015,597.357312778762
"Global","Reference_CI_IPSL","Reference_CI",2020,618.517223906727
"Global","Reference_CI_IPSL","Reference_CI",2025,685.262788846508
"Global","Reference_CI_IPSL","Reference_CI",2030,744.106395844796
"Global","Reference_CI_IPSL","Reference_CI",2035,789.954300921368
"Global","Reference_CI_IPSL","Reference_CI",2040,834.523935882568
"Global","Reference_CI_IPSL","Reference_CI",2045,876.813133533677
"Global","Reference_CI_IPSL","Reference_CI",2050,914.727702702709
"Global","Reference_CI_IPSL","Reference_CI",2055,951.749709151875
"Global","Reference_CI_IPSL","Reference_CI",2060,987.994776406793
"Global","Reference_CI_IPSL","Reference_CI",2065,1024.66346754405
"Global","Reference_CI_IPSL","Reference_CI",2070,1060.86118740105
"Global","Reference_CI_IPSL","Reference_CI",2075,1094.41767003902
"Global","Reference_CI_IPSL","Reference_CI",2080,1121.80906100657
"Global","Reference_CI_IPSL","Reference_CI",2085,1144.09533241539
"Global","Reference_CI_IPSL","Reference_CI",2090,1165.12805041219
"Global","Reference_CI_IPSL","Reference_CI",2095,1182.43745429999
"Global","Reference_CI_IPSL","Reference_CI",2100,1197.88312489618
"Global","Reference_CI_MIROC","Reference_CI",1990,382.192453438893
"Global","Reference_CI_MIROC","Reference_CI",2005,497.562874960291
"Global","Reference_CI_MIROC","Reference_CI",2010,555.187658105917
"Global","Reference_CI_MIROC","Reference_CI",2015,597.357312778762
"Global","Reference_CI_MIROC","Reference_CI",2020,618.55406120663
"Global","Reference_CI_MIROC","Reference_CI",2025,685.29097046781
"Global","Reference_CI_MIROC","Reference_CI",2030,744.169576783795
"Global","Reference_CI_MIROC","Reference_CI",2035,789.99566744797
"Global","Reference_CI_MIROC","Reference_CI",2040,834.544992201966
"Global","Reference_CI_MIROC","Reference_CI",2045,877.041461619878
"Global","Reference_CI_MIROC","Reference_CI",2050,914.697752113272
"Global","Reference_CI_MIROC","Reference_CI",2055,951.638729460373
"Global","Reference_CI_MIROC","Reference_CI",2060,987.815303371965
"Global","Reference_CI_MIROC","Reference_CI",2065,1024.47066583373
"Global","Reference_CI_MIROC","Reference_CI",2070,1060.54494373528
"Global","Reference_CI_MIROC","Reference_CI",2075,1093.80751343772
"Global","Reference_CI_MIROC","Reference_CI",2080,1121.18685079324
"Global","Reference_CI_MIROC","Reference_CI",2085,1143.50750034374
"Global","Reference_CI_MIROC","Reference_CI",2090,1164.54162735864
"Global","Reference_CI_MIROC","Reference_CI",2095,1181.67617132537
"Global","Reference_CI_MIROC","Reference_CI",2100,1197.03591227112
"Global","Reference_CI_NorESM","Reference_CI",1990,382.192453438893
"Global","Reference_CI_NorESM","Reference_CI",2005,497.562874960291
"Global","Reference_CI_NorESM","Reference_CI",2010,555.187658105917
"Global","Reference_CI_NorESM","Reference_CI",2015,597.357312778762
"Global","Reference_CI_NorESM","Reference_CI",2020,618.549937498537
"Global","Reference_CI_NorESM","Reference_CI",2025,685.378782589269
"Global","Reference_CI_NorESM","Reference_CI",2030,744.230060024699
"Global","Reference_CI_NorESM","Reference_CI",2035,790.092401626148
"Global","Reference_CI_NorESM","Reference_CI",2040,834.883123849612
"Global","Reference_CI_NorESM","Reference_CI",2045,877.455540649383
"Global","Reference_CI_NorESM","Reference_CI",2050,915.704288199213
"Global","Reference_CI_NorESM","Reference_CI",2055,952.704923337725
"Global","Reference_CI_NorESM","Reference_CI",2060,989.146602784166
"Global","Reference_CI_NorESM","Reference_CI",2065,1026.02839851946
"Global","Reference_CI_NorESM","Reference_CI",2070,1062.28663570765
"Global","Reference_CI_NorESM","Reference_CI",2075,1096.02219231662
"Global","Reference_CI_NorESM","Reference_CI",2080,1123.33701206338
"Global","Reference_CI_NorESM","Reference_CI",2085,1146.30354571425
"Global","Reference_CI_NorESM","Reference_CI",2090,1167.53944414895
"Global","Reference_CI_NorESM","Reference_CI",2095,1185.48984209848
"Global","Reference_CI_NorESM","Reference_CI",2100,1201.07365557645
"Taiwan","Policy","Policy",1990,2.06593347990126
"Taiwan","Policy","Policy",2005,4.45448547773179
"Taiwan","Policy","Policy",2010,4.7993091879088
"Taiwan","Policy","Policy",2015,4.75271790481974
"Taiwan","Policy","Policy",2020,5.24607930875812
"Taiwan","Policy","Policy",2025,5.60170184825619
"Taiwan","Policy","Policy",2030,5.78606602140189
"Taiwan","Policy","Policy",2035,5.7724641802742
"Taiwan","Policy","Policy",2040,5.72775607074801
"Taiwan","Policy","Policy",2045,5.60480233703862
"Taiwan","Policy","Policy",2050,5.5777136424899
"Taiwan","Policy","Policy",2055,5.88817484922295
"Taiwan","Policy","Policy",2060,6.53010430763472
"Taiwan","Policy","Policy",2065,5.95891144115917
"Taiwan","Policy","Policy",2070,5.95425671293505
"Taiwan","Policy","Policy",2075,5.95570568980276
"Taiwan","Policy","Policy",2080,5.92356679365905
"Taiwan","Policy","Policy",2085,5.92627745402498
"Taiwan","Policy","Policy",2090,6.49760735339659
"Taiwan","Policy","Policy",2095,6.64858838671436
"Taiwan","Policy","Policy",2100,6.71167467642871
"Taiwan","Policy_CI_GFDL","Policy_CI",1990,2.06593347990126
"Taiwan","Policy_CI_GFDL","Policy_CI",2005,4.45448547773179
"Taiwan","Policy_CI_GFDL","Policy_CI",2010,4.7993091879088
"Taiwan","Policy_CI_GFDL","Policy_CI",2015,4.75271790481974
"Taiwan","Policy_CI_GFDL","Policy_CI",2020,5.24604619957137
"Taiwan","Policy_CI_GFDL","Policy_CI",2025,5.60182733417919
"Taiwan","Policy_CI_GFDL","Policy_CI",2030,5.78618678691592
"Taiwan","Policy_CI_GFDL","Policy_CI",2035,5.76584229253408
"Taiwan","Policy_CI_GFDL","Policy_CI",2040,5.72161592038886
"Taiwan","Policy_CI_GFDL","Policy_CI",2045,5.60308991617426
"Taiwan","Policy_CI_GFDL","Policy_CI",2050,5.58454882198932
"Taiwan","Policy_CI_GFDL","Policy_CI",2055,5.89905830983771
"Taiwan","Policy_CI_GFDL","Policy_CI",2060,6.54177184125131
"Taiwan","Policy_CI_GFDL","Policy_CI",2065,5.96799828152043
"Taiwan","Policy_CI_GFDL","Policy_CI",2070,5.96215132904505
"Taiwan","Policy_CI_GFDL","Policy_CI",2075,5.96484199248809
"Taiwan","Policy_CI_GFDL","Policy_CI",2080,5.93208505290566
"Taiwan","Policy_CI_GFDL","Policy_CI",2085,5.93492164978399
"Taiwan","Policy_CI_GFDL","Policy_CI",2090,6.58343228856218
"Taiwan","Policy_CI_GFDL","Policy_CI",2095,6.65966798680018
"Taiwan","Policy_CI_GFDL","Policy_CI",2100,6.72628429722979
"Taiwan","Policy_CI_HadGEM","Policy_CI",1990,2.06593347990126
"Taiwan","Policy_CI_HadGEM","Policy_CI",2005,4.45448547773179
"Taiwan","Policy_CI_HadGEM","Policy_CI",2010,4.7993091879088
"Taiwan","Policy_CI_HadGEM","Policy_CI",2015,4.75271790481974
"Taiwan","Policy_CI_HadGEM","Policy_CI",2020,5.24587886633364
"Taiwan","Policy_CI_HadGEM","Policy_CI",2025,5.60163415112523
"Taiwan","Policy_CI_HadGEM","Policy_CI",2030,5.78574484271983
"Taiwan","Policy_CI_HadGEM","Policy_CI",2035,5.76420553038271
"Taiwan","Policy_CI_HadGEM","Policy_CI",2040,5.71783390208592
"Taiwan","Policy_CI_HadGEM","Policy_CI",2045,5.59742576600956
"Taiwan","Policy_CI_HadGEM","Policy_CI",2050,5.57436988471171
"Taiwan","Policy_CI_HadGEM","Policy_CI",2055,5.88000036224658
"Taiwan","Policy_CI_HadGEM","Policy_CI",2060,6.514159400812
"Taiwan","Policy_CI_HadGEM","Policy_CI",2065,5.94730536053741
"Taiwan","Policy_CI_HadGEM","Policy_CI",2070,5.94522711389714
"Taiwan","Policy_CI_HadGEM","Policy_CI",2075,5.94787791807414
"Taiwan","Policy_CI_HadGEM","Policy_CI",2080,5.91564957314732
"Taiwan","Policy_CI_HadGEM","Policy_CI",2085,5.91883313022337
"Taiwan","Policy_CI_HadGEM","Policy_CI",2090,6.41608184141188
"Taiwan","Policy_CI_HadGEM","Policy_CI",2095,6.62751928714713
"Taiwan","Policy_CI_HadGEM","Policy_CI",2100,6.69523959017572
"Taiwan","Policy_CI_IPSL","Policy_CI",1990,2.06593347990126
"Taiwan","Policy_CI_IPSL","Policy_CI",2005,4.45448547773179
"Taiwan","Policy_CI_IPSL","Policy_CI",2010,4.7993091879088
"Taiwan","Policy_CI_IPSL","Policy_CI",2015,4.75271790481974
"Taiwan","Policy_CI_IPSL","Policy_CI",2020,5.24583681469548
"Taiwan","Policy_CI_IPSL","Policy_CI",2025,5.6013870860865
"Taiwan","Policy_CI_IPSL","Policy_CI",2030,5.78544599041823
"Taiwan","Policy_CI_IPSL","Policy_CI",2035,5.76359592802337
"Taiwan","Policy_CI_IPSL","Policy_CI",2040,5.71742279843038
"Taiwan","Policy_CI_IPSL","Policy_CI",2045,5.59592660368333
"Taiwan","Policy_CI_IPSL","Policy_CI",2050,5.57507293029074
"Taiwan","Policy_CI_IPSL","Policy_CI",2055,5.88640381615563
"Taiwan","Policy_CI_IPSL","Policy_CI",2060,6.53028839581787
"Taiwan","Policy_CI_IPSL","Policy_CI",2065,5.95516712860361
"Taiwan","Policy_CI_IPSL","Policy_CI",2070,5.95336151060785
"Taiwan","Policy_CI_IPSL","Policy_CI",2075,5.95581633751578
"Taiwan","Policy_CI_IPSL","Policy_CI",2080,5.92334208474844
"Taiwan","Policy_CI_IPSL","Policy_CI",2085,5.9271314925188
"Taiwan","Policy_CI_IPSL","Policy_CI",2090,6.46723155145098
"Taiwan","Policy_CI_IPSL","Policy_CI",2095,6.64760458644634
"Taiwan","Policy_CI_IPSL","Policy_CI",2100,6.71453776176197
"Taiwan","Policy_CI_MIROC","Policy_CI",1990,2.06593347990126
"Taiwan","Policy_CI_MIROC","Policy_CI",2005,4.45448547773179
"Taiwan","Policy_CI_MIROC","Policy_CI",2010,4.7993091879088
"Taiwan","Policy_CI_MIROC","Policy_CI",2015,4.75271790481974
"Taiwan","Policy_CI_MIROC","Policy_CI",2020,5.24622510329711
"Taiwan","Policy_CI_MIROC","Policy_CI",2025,5.60173023579634
"Taiwan","Policy_CI_MIROC","Policy_CI",2030,5.78586793672742
"Taiwan","Policy_CI_MIROC","Policy_CI",2035,5.76548821438968
"Taiwan","Policy_CI_MIROC","Policy_CI",2040,5.72060486259318
"Taiwan","Policy_CI_MIROC","Policy_CI",2045,5.60085852293683
"Taiwan","Policy_CI_MIROC","Policy_CI",2050,5.57974156198395
"Taiwan","Policy_CI_MIROC","Policy_CI",2055,5.89307377976009
"Taiwan","Policy_CI_MIROC","Policy_CI",2060,6.53981904907078
"Taiwan","Policy_CI_MIROC","Policy_CI",2065,5.96368261689302
"Taiwan","Policy_CI_MIROC","Policy_CI",2070,5.95952970807342
"Taiwan","Policy_CI_MIROC","Policy_CI",2075,5.96021861453276
"Taiwan","Policy_CI_MIROC","Policy_CI",2080,5.92940086208978
"Taiwan","Policy_CI_MIROC","Policy_CI",2085,5.93364433095175
"Taiwan","Policy_CI_MIROC","Policy_CI",2090,6.58803612662978
"Taiwan","Policy_CI_MIROC","Policy_CI",2095,6.66104056623056
"Taiwan","Policy_CI_MIROC","Policy_CI",2100,6.72847668758828
"Taiwan","Policy_CI_NorESM","Policy_CI",1990,2.06593347990126
"Taiwan","Policy_CI_NorESM","Policy_CI",2005,4.45448547773179
"Taiwan","Policy_CI_NorESM","Policy_CI",2010,4.7993091879088
"Taiwan","Policy_CI_NorESM","Policy_CI",2015,4.75271790481974
"Taiwan","Policy_CI_NorESM","Policy_CI",2020,5.24594355871969
"Taiwan","Policy_CI_NorESM","Policy_CI",2025,5.60188013249962
"Taiwan","Policy_CI_NorESM","Policy_CI",2030,5.78608492280394
"Taiwan","Policy_CI_NorESM","Policy_CI",2035,5.76458597230446
"Taiwan","Policy_CI_NorESM","Policy_CI",2040,5.71898074966796
"Taiwan","Policy_CI_NorESM","Policy_CI",2045,5.59883866397327
"Taiwan","Policy_CI_NorESM","Policy_CI",2050,5.57953655283359
"Taiwan","Policy_CI_NorESM","Policy_CI",2055,5.89330115184407
"Taiwan","Policy_CI_NorESM","Policy_CI",2060,6.53187292445201
"Taiwan","Policy_CI_NorESM","Policy_CI",2065,5.96181573199217
"Taiwan","Policy_CI_NorESM","Policy_CI",2070,5.95956763718252
"Taiwan","Policy_CI_NorESM","Policy_CI",2075,5.9607502195936
"Taiwan","Policy_CI_NorESM","Policy_CI",2080,5.92768182971425
"Taiwan","Policy_CI_NorESM","Policy_CI",2085,5.92779395163101
"Taiwan","Policy_CI_NorESM","Policy_CI",2090,6.49148196342856
"Taiwan","Policy_CI_NorESM","Policy_CI",2095,6.64542341365853
"Taiwan","Policy_CI_NorESM","Policy_CI",2100,6.7113097312429
"Taiwan","Policy_NoDAC","Policy_NoDAC",1990,2.06593347990126
"Taiwan","Policy_NoDAC","Policy_NoDAC",2005,4.45448547773179
"Taiwan","Policy_NoDAC","Policy_NoDAC",2010,4.7993091879088
"Taiwan","Policy_NoDAC","Policy_NoDAC",2015,4.75271790481974
"Taiwan","Policy_NoDAC","Policy_NoDAC",2020,5.24607939218934
"Taiwan","Policy_NoDAC","Policy_NoDAC",2025,5.60169862780007
"Taiwan","Policy_NoDAC","Policy_NoDAC",2030,5.78604293638268
"Taiwan","Policy_NoDAC","Policy_NoDAC",2035,5.77172303555683
"Taiwan","Policy_NoDAC","Policy_NoDAC",2040,5.72352183607973
"Taiwan","Policy_NoDAC","Policy_NoDAC",2045,5.57263699920596
"Taiwan","Policy_NoDAC","Policy_NoDAC",2050,5.4005361933546
"Taiwan","Policy_NoDAC","Policy_NoDAC",2055,5.5748799018545
"Taiwan","Policy_NoDAC","Policy_NoDAC",2060,5.79282722151696
"Taiwan","Policy_NoDAC","Policy_NoDAC",2065,5.83345011838126
"Taiwan","Policy_NoDAC","Policy_NoDAC",2070,5.80612413573462
"Taiwan","Policy_NoDAC","Policy_NoDAC",2075,5.61634803921391
"Taiwan","Policy_NoDAC","Policy_NoDAC",2080,5.5123238521163
"Taiwan","Policy_NoDAC","Policy_NoDAC",2085,5.49330825176696
"Taiwan","Policy_NoDAC","Policy_NoDAC",2090,5.47678855363908
"Taiwan","Policy_NoDAC","Policy_NoDAC",2095,5.4159964713413
"Taiwan","Policy_NoDAC","Policy_NoDAC",2100,5.36306114377156
"Taiwan","Policy_NoDAC_CI_GFDL","Policy_NoDAC_CI",1990,2.06593347990126
"Taiwan","Policy_NoDAC_CI_GFDL","Policy_NoDAC_CI",2005,4.45448547773179
"Taiwan","Policy_NoDAC_CI_GFDL","Policy_NoDAC_CI",2010,4.7993091879088
"Taiwan","Policy_NoDAC_CI_GFDL","Policy_NoDAC_CI",2015,4.75271790481974
"Taiwan","Policy_NoDAC_CI_GFDL","Policy_NoDAC_CI",2020,5.24605216942144
"Taiwan","Policy_NoDAC_CI_GFDL","Policy_NoDAC_CI",2025,5.60181398254461
"Taiwan","Policy_NoDAC_CI_GFDL","Policy_NoDAC_CI",2030,5.78617001821076
"Taiwan","Policy_NoDAC_CI_GFDL","Policy_NoDAC_CI",2035,5.76507927101437
"Taiwan","Policy_NoDAC_CI_GFDL","Policy_NoDAC_CI",2040,5.71731813207555
"Taiwan","Policy_NoDAC_CI_GFDL","Policy_NoDAC_CI",2045,5.57063129432233
"Taiwan","Policy_NoDAC_CI_GFDL","Policy_NoDAC_CI",2050,5.40586727321413
"Taiwan","Policy_NoDAC_CI_GFDL","Policy_NoDAC_CI",2055,5.59256147735147
"Taiwan","Policy_NoDAC_CI_GFDL","Policy_NoDAC_CI",2060,5.81351327212274
"Taiwan","Policy_NoDAC_CI_GFDL","Policy_NoDAC_CI",2065,5.84573652023084
"Taiwan","Policy_NoDAC_CI_GFDL","Policy_NoDAC_CI",2070,5.81727674698661
"Taiwan","Policy_NoDAC_CI_GFDL","Policy_NoDAC_CI",2075,5.62325946132157
"Taiwan","Policy_NoDAC_CI_GFDL","Policy_NoDAC_CI",2080,5.50995470339377
"Taiwan","Policy_NoDAC_CI_GFDL","Policy_NoDAC_CI",2085,5.47832957560766
"Taiwan","Policy_NoDAC_CI_GFDL","Policy_NoDAC_CI",2090,5.45467752788876
"Taiwan","Policy_NoDAC_CI_GFDL","Policy_NoDAC_CI",2095,5.38345234905507
"Taiwan","Policy_NoDAC_CI_GFDL","Policy_NoDAC_CI",2100,5.33921123447041
"Taiwan","Policy_NoDAC_CI_HadGEM","Policy_NoDAC_CI",1990,2.06593347990126
"Taiwan","Policy_NoDAC_CI_HadGEM","Policy_NoDAC_CI",2005,4.45448547773179
"Taiwan","Policy_NoDAC_CI_HadGEM","Policy_NoDAC_CI",2010,4.7993091879088
"Taiwan","Policy_NoDAC_CI_HadGEM","Policy_NoDAC_CI",2015,4.75271790481974
"Taiwan","Policy_NoDAC_CI_HadGEM","Policy_NoDAC_CI",2020,5.24587988749793
"Taiwan","Policy_NoDAC_CI_HadGEM","Policy_NoDAC_CI",2025,5.60163161304997
"Taiwan","Policy_NoDAC_CI_HadGEM","Policy_NoDAC_CI",2030,5.78571868439245
"Taiwan","Policy_NoDAC_CI_HadGEM","Policy_NoDAC_CI",2035,5.76344693909288
"Taiwan","Policy_NoDAC_CI_HadGEM","Policy_NoDAC_CI",2040,5.71361249925506
"Taiwan","Policy_NoDAC_CI_HadGEM","Policy_NoDAC_CI",2045,5.56610785015618
"Taiwan","Policy_NoDAC_CI_HadGEM","Policy_NoDAC_CI",2050,5.39942196493949
"Taiwan","Policy_NoDAC_CI_HadGEM","Policy_NoDAC_CI",2055,5.56933898332802
"Taiwan","Policy_NoDAC_CI_HadGEM","Policy_NoDAC_CI",2060,5.80946297856371
"Taiwan","Policy_NoDAC_CI_HadGEM","Policy_NoDAC_CI",2065,5.84796863802122
"Taiwan","Policy_NoDAC_CI_HadGEM","Policy_NoDAC_CI",2070,5.82092587234615
"Taiwan","Policy_NoDAC_CI_HadGEM","Policy_NoDAC_CI",2075,5.62972958167531
"Taiwan","Policy_NoDAC_CI_HadGEM","Policy_NoDAC_CI",2080,5.52680797083258
"Taiwan","Policy_NoDAC_CI_HadGEM","Policy_NoDAC_CI",2085,5.51065358343132
"Taiwan","Policy_NoDAC_CI_HadGEM","Policy_NoDAC_CI",2090,5.499800553225
"Taiwan","Policy_NoDAC_CI_HadGEM","Policy_NoDAC_CI",2095,5.43428480422217
"Taiwan","Policy_NoDAC_CI_HadGEM","Policy_NoDAC_CI",2100,5.37546849528155
"Taiwan","Policy_NoDAC_CI_IPSL","Policy_NoDAC_CI",1990,2.06593347990126
"Taiwan","Policy_NoDAC_CI_IPSL","Policy_NoDAC_CI",2005,4.45448547773179
"Taiwan","Policy_NoDAC_CI_IPSL","Policy_NoDAC_CI",2010,4.7993091879088
"Taiwan","Policy_NoDAC_CI_IPSL","Policy_NoDAC_CI",2015,4.75271790481974
"Taiwan","Policy_NoDAC_CI_IPSL","Policy_NoDAC_CI",2020,5.24583583480375
"Taiwan","Policy_NoDAC_CI_IPSL","Policy_NoDAC_CI",2025,5.60150143086879
"Taiwan","Policy_NoDAC_CI_IPSL","Policy_NoDAC_CI",2030,5.78543266985245
"Taiwan","Policy_NoDAC_CI_IPSL","Policy_NoDAC_CI",2035,5.76282690442727
"Taiwan","Policy_NoDAC_CI_IPSL","Policy_NoDAC_CI",2040,5.71292021624221
"Taiwan","Policy_NoDAC_CI_IPSL","Policy_NoDAC_CI",2045,5.56335762981583
"Taiwan","Policy_NoDAC_CI_IPSL","Policy_NoDAC_CI",2050,5.39675452485964
"Taiwan","Policy_NoDAC_CI_IPSL","Policy_NoDAC_CI",2055,5.56740928618374
"Taiwan","Policy_NoDAC_CI_IPSL","Policy_NoDAC_CI",2060,5.77718632519951
"Taiwan","Policy_NoDAC_CI_IPSL","Policy_NoDAC_CI",2065,5.80846434398311
"Taiwan","Policy_NoDAC_CI_IPSL","Policy_NoDAC_CI",2070,5.7842727152707
"Taiwan","Policy_NoDAC_CI_IPSL","Policy_NoDAC_CI",2075,5.60677413517045
"Taiwan","Policy_NoDAC_CI_IPSL","Policy_NoDAC_CI",2080,5.5036167351039
"Taiwan","Policy_NoDAC_CI_IPSL","Policy_NoDAC_CI",2085,5.48615232812435
"Taiwan","Policy_NoDAC_CI_IPSL","Policy_NoDAC_CI",2090,5.47440976957167
"Taiwan","Policy_NoDAC_CI_IPSL","Policy_NoDAC_CI",2095,5.41024952111242
"Taiwan","Policy_NoDAC_CI_IPSL","Policy_NoDAC_CI",2100,5.36229675107308
"Taiwan","Policy_NoDAC_CI_MIROC","Policy_NoDAC_CI",1990,2.06593347990126
"Taiwan","Policy_NoDAC_CI_MIROC","Policy_NoDAC_CI",2005,4.45448547773179
"Taiwan","Policy_NoDAC_CI_MIROC","Policy_NoDAC_CI",2010,4.7993091879088
"Taiwan","Policy_NoDAC_CI_MIROC","Policy_NoDAC_CI",2015,4.75271790481974
"Taiwan","Policy_NoDAC_CI_MIROC","Policy_NoDAC_CI",2020,5.24622507502303
"Taiwan","Policy_NoDAC_CI_MIROC","Policy_NoDAC_CI",2025,5.601717610811
"Taiwan","Policy_NoDAC_CI_MIROC","Policy_NoDAC_CI",2030,5.78584065745879
"Taiwan","Policy_NoDAC_CI_MIROC","Policy_NoDAC_CI",2035,5.76474359975744
"Taiwan","Policy_NoDAC_CI_MIROC","Policy_NoDAC_CI",2040,5.71618356158973
"Taiwan","Policy_NoDAC_CI_MIROC","Policy_NoDAC_CI",2045,5.56779195988506
"Taiwan","Policy_NoDAC_CI_MIROC","Policy_NoDAC_CI",2050,5.39957850007405
"Taiwan","Policy_NoDAC_CI_MIROC","Policy_NoDAC_CI",2055,5.57057631545755
"Taiwan","Policy_NoDAC_CI_MIROC","Policy_NoDAC_CI",2060,5.78732191301413
"Taiwan","Policy_NoDAC_CI_MIROC","Policy_NoDAC_CI",2065,5.81557815982751
"Taiwan","Policy_NoDAC_CI_MIROC","Policy_NoDAC_CI",2070,5.77975650051076
"Taiwan","Policy_NoDAC_CI_MIROC","Policy_NoDAC_CI",2075,5.58582084237951
"Taiwan","Policy_NoDAC_CI_MIROC","Policy_NoDAC_CI",2080,5.48293247922845
"Taiwan","Policy_NoDAC_CI_MIROC","Policy_NoDAC_CI",2085,5.45207082384947
"Taiwan","Policy_NoDAC_CI_MIROC","Policy_NoDAC_CI",2090,5.41842257246677
"Taiwan","Policy_NoDAC_CI_MIROC","Policy_NoDAC_CI",2095,5.36404683404947
"Taiwan","Policy_NoDAC_CI_MIROC","Policy_NoDAC_CI",2100,5.29712549955512
"Taiwan","Policy_NoDAC_CI_NorESM","Policy_NoDAC_CI",1990,2.06593347990126
"Taiwan","Policy_NoDAC_CI_NorESM","Policy_NoDAC_CI",2005,4.45448547773179
"Taiwan","Policy_NoDAC_CI_NorESM","Policy_NoDAC_CI",2010,4.7993091879088
"Taiwan","Policy_NoDAC_CI_NorESM","Policy_NoDAC_CI",2015,4.75271790481974
"Taiwan","Policy_NoDAC_CI_NorESM","Policy_NoDAC_CI",2020,5.24594359045194
"Taiwan","Policy_NoDAC_CI_NorESM","Policy_NoDAC_CI",2025,5.60187803116278
"Taiwan","Policy_NoDAC_CI_NorESM","Policy_NoDAC_CI",2030,5.78606913896666
"Taiwan","Policy_NoDAC_CI_NorESM","Policy_NoDAC_CI",2035,5.76382914242558
"Taiwan","Policy_NoDAC_CI_NorESM","Policy_NoDAC_CI",2040,5.71472883033237
"Taiwan","Policy_NoDAC_CI_NorESM","Policy_NoDAC_CI",2045,5.56703924998989
"Taiwan","Policy_NoDAC_CI_NorESM","Policy_NoDAC_CI",2050,5.40227364262751
"Taiwan","Policy_NoDAC_CI_NorESM","Policy_NoDAC_CI",2055,5.58129027513767
"Taiwan","Policy_NoDAC_CI_NorESM","Policy_NoDAC_CI",2060,5.77816983665611
"Taiwan","Policy_NoDAC_CI_NorESM","Policy_NoDAC_CI",2065,5.82548461527438
"Taiwan","Policy_NoDAC_CI_NorESM","Policy_NoDAC_CI",2070,5.79962740004049
"Taiwan","Policy_NoDAC_CI_NorESM","Policy_NoDAC_CI",2075,5.60971002941086
"Taiwan","Policy_NoDAC_CI_NorESM","Policy_NoDAC_CI",2080,5.50781065063206
"Taiwan","Policy_NoDAC_CI_NorESM","Policy_NoDAC_CI",2085,5.4708364385506
"Taiwan","Policy_NoDAC_CI_NorESM","Policy_NoDAC_CI",2090,5.46058576240749
"Taiwan","Policy_NoDAC_CI_NorESM","Policy_NoDAC_CI",2095,5.39658633225545
"Taiwan","Policy_NoDAC_CI_NorESM","Policy_NoDAC_CI",2100,5.34993761159819
"Taiwan","Reference","Reference",1990,2.06593347990126
"Taiwan","Reference","Reference",2005,4.45448547773179
"Taiwan","Reference","Reference",2010,4.7993091879088
"Taiwan","Reference","Reference",2015,4.75271790481974
"Taiwan","Reference","Reference",2020,5.24607636549396
"Taiwan","Reference","Reference",2025,5.60406289613721
"Taiwan","Reference","Reference",2030,5.78876183798946
"Taiwan","Reference","Reference",2035,5.89619655991557
"Taiwan","Reference","Reference",2040,5.96554647258345
"Taiwan","Reference","Reference",2045,5.98686299472991
"Taiwan","Reference","Reference",2050,5.95031987299219
"Taiwan","Reference","Reference",2055,5.87192773454026
"Taiwan","Reference","Reference",2060,5.77032479104032
"Taiwan","Reference","Reference",2065,5.730860958603
"Taiwan","Reference","Reference",2070,5.6722700343283
"Taiwan","Reference","Reference",2075,5.59732519770637
"Taiwan","Reference","Reference",2080,5.46217123732079
"Taiwan","Reference","Reference",2085,5.37867385731086
"Taiwan","Reference","Reference",2090,5.30786009681861
"Taiwan","Reference","Reference",2095,5.25683924766821
"Taiwan","Reference","Reference",2100,5.24606786251979
"Taiwan","Reference_CI_GFDL","Reference_CI",1990,2.06593347990126
"Taiwan","Reference_CI_GFDL","Reference_CI",2005,4.45448547773179
"Taiwan","Reference_CI_GFDL","Reference_CI",2010,4.7993091879088
"Taiwan","Reference_CI_GFDL","Reference_CI",2015,4.75271790481974
"Taiwan","Reference_CI_GFDL","Reference_CI",2020,5.24594816800653
"Taiwan","Reference_CI_GFDL","Reference_CI",2025,5.60402572236833
"Taiwan","Reference_CI_GFDL","Reference_CI",2030,5.7886163758703
"Taiwan","Reference_CI_GFDL","Reference_CI",2035,5.89274788497166
"Taiwan","Reference_CI_GFDL","Reference_CI",2040,5.96257687649994
"Taiwan","Reference_CI_GFDL","Reference_CI",2045,5.98411531408188
"Taiwan","Reference_CI_GFDL","Reference_CI",2050,5.94918077869687
"Taiwan","Reference_CI_GFDL","Reference_CI",2055,5.8719212138151
"Taiwan","Reference_CI_GFDL","Reference_CI",2060,5.77409512847162
"Taiwan","Reference_CI_GFDL","Reference_CI",2065,5.73917038075197
"Taiwan","Reference_CI_GFDL","Reference_CI",2070,5.68163335573371
"Taiwan","Reference_CI_GFDL","Reference_CI",2075,5.61005181508447
"Taiwan","Reference_CI_GFDL","Reference_CI",2080,5.4821077227531
"Taiwan","Reference_CI_GFDL","Reference_CI",2085,5.39704771993399
"Taiwan","Reference_CI_GFDL","Reference_CI",2090,5.32287732730827
"Taiwan","Reference_CI_GFDL","Reference_CI",2095,5.26349114840927
"Taiwan","Reference_CI_GFDL","Reference_CI",2100,5.24808242423543
"Taiwan","Reference_CI_HadGEM","Reference_CI",1990,2.06593347990126
"Taiwan","Reference_CI_HadGEM","Reference_CI",2005,4.45448547773179
"Taiwan","Reference_CI_HadGEM","Reference_CI",2010,4.7993091879088
"Taiwan","Reference_CI_HadGEM","Reference_CI",2015,4.75271790481974
"Taiwan","Reference_CI_HadGEM","Reference_CI",2020,5.24604952121614
"Taiwan","Reference_CI_HadGEM","Reference_CI",2025,5.60409436251749
"Taiwan","Reference_CI_HadGEM","Reference_CI",2030,5.7887201155388
"Taiwan","Reference_CI_HadGEM","Reference_CI",2035,5.89262691223279
"Taiwan","Reference_CI_HadGEM","Reference_CI",2040,5.96197909380083
"Taiwan","Reference_CI_HadGEM","Reference_CI",2045,5.98445356626286
"Taiwan","Reference_CI_HadGEM","Reference_CI",2050,5.95087555958628
"Taiwan","Reference_CI_HadGEM","Reference_CI",2055,5.87470538654388
"Taiwan","Reference_CI_HadGEM","Reference_CI",2060,5.77487667625707
"Taiwan","Reference_CI_HadGEM","Reference_CI",2065,5.73788752941171
"Taiwan","Reference_CI_HadGEM","Reference_CI",2070,5.6807095541347
"Taiwan","Reference_CI_HadGEM","Reference_CI",2075,5.60670142437507
"Taiwan","Reference_CI_HadGEM","Reference_CI",2080,5.47256597320824
"Taiwan","Reference_CI_HadGEM","Reference_CI",2085,5.38685532679434
"Taiwan","Reference_CI_HadGEM","Reference_CI",2090,5.31127218310499
"Taiwan","Reference_CI_HadGEM","Reference_CI",2095,5.25902094116561
"Taiwan","Reference_CI_HadGEM","Reference_CI",2100,5.24643851890273
"Taiwan","Reference_CI_IPSL","Reference_CI",1990,2.06593347990126
"Taiwan","Reference_CI_IPSL","Reference_CI",2005,4.45448547773179
"Taiwan","Reference_CI_IPSL","Reference_CI",2010,4.7993091879088
"Taiwan","Reference_CI_IPSL","Reference_CI",2015,4.75271790481974
"Taiwan","Reference_CI_IPSL","Reference_CI",2020,5.24598358511943
"Taiwan","Reference_CI_IPSL","Reference_CI",2025,5.60395795116605
"Taiwan","Reference_CI_IPSL","Reference_CI",2030,5.78861587177931
"Taiwan","Reference_CI_IPSL","Reference_CI",2035,5.89268285695353
"Taiwan","Reference_CI_IPSL","Reference_CI",2040,5.96147862685173
"Taiwan","Reference_CI_IPSL","Reference_CI",2045,5.98169458248272
"Taiwan","Reference_CI_IPSL","Reference_CI",2050,5.94281908750395
"Taiwan","Reference_CI_IPSL","Reference_CI",2055,5.8629977081491
"Taiwan","Reference_CI_IPSL","Reference_CI",2060,5.75945654741559
"Taiwan","Reference_CI_IPSL","Reference_CI",2065,5.72070227922516
"Taiwan","Reference_CI_IPSL","Reference_CI",2070,5.66221070778241
"Taiwan","Reference_CI_IPSL","Reference_CI",2075,5.58785121435237
"Taiwan","Reference_CI_IPSL","Reference_CI",2080,5.4554795937447
"Taiwan","Reference_CI_IPSL","Reference_CI",2085,5.36984448350095
"Taiwan","Reference_CI_IPSL","Reference_CI",2090,5.2974171513843
"Taiwan","Reference_CI_IPSL","Reference_CI",2095,5.24489995470122
"Taiwan","Reference_CI_IPSL","Reference_CI",2100,5.23400476795317
"Taiwan","Reference_CI_MIROC","Reference_CI",1990,2.06593347990126
"Taiwan","Reference_CI_MIROC","Reference_CI",2005,4.45448547773179
"Taiwan","Reference_CI_MIROC","Reference_CI",2010,4.7993091879088
"Taiwan","Reference_CI_MIROC","Reference_CI",2015,4.75271790481974
"Taiwan","Reference_CI_MIROC","Reference_CI",2020,5.24624820773829
"Taiwan","Reference_CI_MIROC","Reference_CI",2025,5.60395154992073
"Taiwan","Reference_CI_MIROC","Reference_CI",2030,5.78872794861951
"Taiwan","Reference_CI_MIROC","Reference_CI",2035,5.89359531949645
"Taiwan","Reference_CI_MIROC","Reference_CI",2040,5.96322834323224
"Taiwan","Reference_CI_MIROC","Reference_CI",2045,5.98569623822074
"Taiwan","Reference_CI_MIROC","Reference_CI",2050,5.951334523386
"Taiwan","Reference_CI_MIROC","Reference_CI",2055,5.8749067535311
"Taiwan","Reference_CI_MIROC","Reference_CI",2060,5.7738200805529
"Taiwan","Reference_CI_MIROC","Reference_CI",2065,5.73704215945048
"Taiwan","Reference_CI_MIROC","Reference_CI",2070,5.67966296805214
"Taiwan","Reference_CI_MIROC","Reference_CI",2075,5.60280643636036
"Taiwan","Reference_CI_MIROC","Reference_CI",2080,5.46880795640691
"Taiwan","Reference_CI_MIROC","Reference_CI",2085,5.38031718913648
"Taiwan","Reference_CI_MIROC","Reference_CI",2090,5.30528587871628
"Taiwan","Reference_CI_MIROC","Reference_CI",2095,5.25062444907356
"Taiwan","Reference_CI_MIROC","Reference_CI",2100,5.23564476992399
"Taiwan","Reference_CI_NorESM","Reference_CI",1990,2.06593347990126
"Taiwan","Reference_CI_NorESM","Reference_CI",2005,4.45448547773179
"Taiwan","Reference_CI_NorESM","Reference_CI",2010,4.7993091879088
"Taiwan","Reference_CI_NorESM","Reference_CI",2015,4.75271790481974
"Taiwan","Reference_CI_NorESM","Reference_CI",2020,5.24609650984713
"Taiwan","Reference_CI_NorESM","Reference_CI",2025,5.60407855537447
"Taiwan","Reference_CI_NorESM","Reference_CI",2030,5.78869407991648
"Taiwan","Reference_CI_NorESM","Reference_CI",2035,5.89260496293417
"Taiwan","Reference_CI_NorESM","Reference_CI",2040,5.96152050489514
"Taiwan","Reference_CI_NorESM","Reference_CI",2045,5.98249506102028
"Taiwan","Reference_CI_NorESM","Reference_CI",2050,5.94709103434424
"Taiwan","Reference_CI_NorESM","Reference_CI",2055,5.86968158122538
"Taiwan","Reference_CI_NorESM","Reference_CI",2060,5.7693893606429
"Taiwan","Reference_CI_NorESM","Reference_CI",2065,5.7350906545784
"Taiwan","Reference_CI_NorESM","Reference_CI",2070,5.67995221577732
"Taiwan","Reference_CI_NorESM","Reference_CI",2075,5.60893784627878
"Taiwan","Reference_CI_NorESM","Reference_CI",2080,5.47684721279901
"Taiwan","Reference_CI_NorESM","Reference_CI",2085,5.3947768222507
"Taiwan","Reference_CI_NorESM","Reference_CI",2090,5.32110932139056
"Taiwan","Reference_CI_NorESM","Reference_CI",2095,5.26787156660138
"Taiwan","Reference_CI_NorESM","Reference_CI",2100,5.24783714173141
