region,Name,fuel,year,Difference,Rel_Dif
China,Policy,biomass,1990,0,0
China,Policy,biomass,2005,0,0
China,Policy,biomass,2010,0,0
China,Policy,biomass,2015,0,0
China,Policy,biomass,2020,2.00E-05,0.000787818
China,Policy,biomass,2025,-0.1561843,-4.251498069
China,Policy,biomass,2030,-0.46417166,-10.33867864
China,Policy,biomass,2035,0.70247451,12.11800462
China,Policy,biomass,2040,0.18682226,2.512008724
China,Policy,biomass,2045,1.02776089,11.72126105
China,Policy,biomass,2050,4.31246225,43.72032075
China,Policy,biomass,2055,9.78382,93.76274257
China,Policy,biomass,2060,14.72634787,139.2782955
China,Policy,biomass,2065,14.46173902,136.9452313
China,Policy,biomass,2070,13.23828322,128.3801159
China,Policy,biomass,2075,11.89418336,118.2502455
China,Policy,biomass,2080,10.29102009,104.4999943
China,Policy,biomass,2085,8.317844923,83.87642402
China,Policy,biomass,2090,5.919726272,57.70840515
China,Policy,biomass,2095,4.15031027,38.02899633
China,Policy,biomass,2100,2.557474897,21.46613786
China,Policy,biomass_traditional,1990,0,0
China,Policy,biomass_traditional,2005,0,0
China,Policy,biomass_traditional,2010,0,0
China,Policy,biomass_traditional,2015,0,0
China,Policy,biomass_traditional,2020,0,0
China,Policy,biomass_traditional,2025,-0.00832,-0.353391411
China,Policy,biomass_traditional,2030,-0.012084,-0.645464204
China,Policy,biomass_traditional,2035,0.747116,44.66118661
China,Policy,biomass_traditional,2040,0.733832,46.80591318
China,Policy,biomass_traditional,2045,0.730658,50.55204316
China,Policy,biomass_traditional,2050,0.780362,59.01621739
China,Policy,biomass_traditional,2055,0.767886,64.27728381
China,Policy,biomass_traditional,2060,0.683984,64.20088213
China,Policy,biomass_traditional,2065,0.346392,36.64740447
China,Policy,biomass_traditional,2070,0.189845,22.66773491
China,Policy,biomass_traditional,2075,0.120081,16.2808891
China,Policy,biomass_traditional,2080,0.088215,13.62709508
China,Policy,biomass_traditional,2085,0.071033,12.42650339
China,Policy,biomass_traditional,2090,0.049757,9.760082856
China,Policy,biomass_traditional,2095,0.025681,5.503197216
China,Policy,biomass_traditional,2100,0.0019999,0.461381584
China,Policy,coal,1990,0,0
China,Policy,coal,2005,0,0
China,Policy,coal,2010,0,0
China,Policy,coal,2015,0,0
China,Policy,coal,2020,0.0001,9.98E-05
China,Policy,coal,2025,-1.0197,-0.954908503
China,Policy,coal,2030,-0.966,-0.896179548
China,Policy,coal,2035,-12.6375,-12.33536979
China,Policy,coal,2040,-17.7465,-18.79125627
China,Policy,coal,2045,-21.9578,-25.94098661
China,Policy,coal,2050,-22.4237,-30.06575295
China,Policy,coal,2055,-17.8581,-27.68916612
China,Policy,coal,2060,-12.4924,-22.49703309
China,Policy,coal,2065,-6.6646,-13.87264708
China,Policy,coal,2070,-5.0097,-11.99201442
China,Policy,coal,2075,-1.7374,-4.762335502
China,Policy,coal,2080,0.2636,0.810565643
China,Policy,coal,2085,1.9556,6.701896517
China,Policy,coal,2090,4.3304,16.8185243
China,Policy,coal,2095,6.1917,26.67640368
China,Policy,coal,2100,6.7691,31.70494091
China,Policy,geothermal,1990,0,0
China,Policy,geothermal,2005,0,0
China,Policy,geothermal,2010,0,0
China,Policy,geothermal,2015,0,0
China,Policy,geothermal,2020,2.34E-09,1.50E-06
China,Policy,geothermal,2025,-0.000100551,-0.03331494
China,Policy,geothermal,2030,-0.000268684,-0.091098494
China,Policy,geothermal,2035,-0.00460147,-1.592145583
China,Policy,geothermal,2040,-0.008210413,-2.898403329
China,Policy,geothermal,2045,-0.011238619,-4.062961153
China,Policy,geothermal,2050,-0.009590104,-3.550937298
China,Policy,geothermal,2055,-0.003070305,-1.168352207
China,Policy,geothermal,2060,0.003610355,1.410663365
China,Policy,geothermal,2065,0.006441078,2.573026957
China,Policy,geothermal,2070,0.009163519,3.735968884
China,Policy,geothermal,2075,0.012181136,5.071747511
China,Policy,geothermal,2080,0.017710253,7.536741642
China,Policy,geothermal,2085,0.02295882,9.945742647
China,Policy,geothermal,2090,0.026447101,11.56207326
China,Policy,geothermal,2095,0.021380838,9.372439708
China,Policy,geothermal,2100,0.017470215,7.658491747
China,Policy,hydro,1990,0,0
China,Policy,hydro,2005,0,0
China,Policy,hydro,2010,0,0
China,Policy,hydro,2015,0,0
China,Policy,hydro,2020,1.65E-07,1.50E-06
China,Policy,hydro,2025,-0.003589235,-0.033494477
China,Policy,hydro,2030,-0.009572246,-0.091415802
China,Policy,hydro,2035,-0.143734402,-1.400649716
China,Policy,hydro,2040,-0.278342217,-2.766779094
China,Policy,hydro,2045,-0.39035135,-3.972299637
China,Policy,hydro,2050,-0.335178632,-3.492945944
China,Policy,hydro,2055,-0.108193109,-1.158337344
China,Policy,hydro,2060,0.128198864,1.409163293
China,Policy,hydro,2065,0.232686173,2.614937469
China,Policy,hydro,2070,0.324082378,3.716868361
China,Policy,hydro,2075,0.430714233,5.04467893
China,Policy,hydro,2080,0.626537248,7.501713862
China,Policy,hydro,2085,0.810656351,9.879541838
China,Policy,hydro,2090,0.936165884,11.51702388
China,Policy,hydro,2095,0.767161708,9.462267884
China,Policy,hydro,2100,0.624039639,7.697395765
China,Policy,natural gas,1990,0,0
China,Policy,natural gas,2005,0,0
China,Policy,natural gas,2010,0,0
China,Policy,natural gas,2015,0,0
China,Policy,natural gas,2020,1.00E-05,0.000123467
China,Policy,natural gas,2025,0.0546,0.593050877
China,Policy,natural gas,2030,0.19489,1.873623431
China,Policy,natural gas,2035,0.56765,4.914663298
China,Policy,natural gas,2040,0.68501,5.448457155
China,Policy,natural gas,2045,0.03246,0.226038115
China,Policy,natural gas,2050,-0.09013,-0.569465576
China,Policy,natural gas,2055,2.05626,12.14757437
China,Policy,natural gas,2060,6.12438,34.73698181
China,Policy,natural gas,2065,7.79368,43.40282303
China,Policy,natural gas,2070,8.52318,47.21167311
China,Policy,natural gas,2075,8.5923,47.29906033
China,Policy,natural gas,2080,7.94107,43.33810134
China,Policy,natural gas,2085,7.45833,40.85016954
China,Policy,natural gas,2090,7.02658,39.11713686
China,Policy,natural gas,2095,7.32046,42.26827815
China,Policy,natural gas,2100,7.57498,45.46318253
China,Policy,nuclear,1990,0,NA
China,Policy,nuclear,2005,0,0
China,Policy,nuclear,2010,0,0
China,Policy,nuclear,2015,0,0
China,Policy,nuclear,2020,-2.15E-06,-8.54E-05
China,Policy,nuclear,2025,-0.004758743,-0.129439986
China,Policy,nuclear,2030,-0.012609967,-0.254426919
China,Policy,nuclear,2035,6.697175763,105.1132803
China,Policy,nuclear,2040,10.3910215,127.8352969
China,Policy,nuclear,2045,13.46270822,127.7164275
China,Policy,nuclear,2050,15.57252813,122.0344052
China,Policy,nuclear,2055,16.50483413,108.8627049
China,Policy,nuclear,2060,17.12212274,98.61875499
China,Policy,nuclear,2065,18.0322908,93.33020191
China,Policy,nuclear,2070,17.50074427,82.85465109
China,Policy,nuclear,2075,16.93560908,74.83778113
China,Policy,nuclear,2080,16.78497519,73.03175768
China,Policy,nuclear,2085,16.40155245,70.89326362
China,Policy,nuclear,2090,15.98606896,69.26803226
China,Policy,nuclear,2095,10.17630185,44.63189526
China,Policy,nuclear,2100,6.249518571,28.1908091
China,Policy,oil,1990,0,0
China,Policy,oil,2005,0,0
China,Policy,oil,2010,0,0
China,Policy,oil,2015,0,0
China,Policy,oil,2020,-0.0002,-0.000948611
China,Policy,oil,2025,1.16873,4.800477448
China,Policy,oil,2030,1.24846,4.602451229
China,Policy,oil,2035,-13.09719,-46.11059905
China,Policy,oil,2040,-17.44717,-60.01157087
China,Policy,oil,2045,-19.75533,-67.4982831
China,Policy,oil,2050,-20.220546,-71.44741054
China,Policy,oil,2055,-19.447559,-71.62899626
China,Policy,oil,2060,-17.53054,-67.58032868
China,Policy,oil,2065,-11.51864,-46.90916792
China,Policy,oil,2070,-4.52428,-19.57893188
China,Policy,oil,2075,-1.32106,-6.099020323
China,Policy,oil,2080,1.51216,7.623464881
China,Policy,oil,2085,3.40543,18.5350505
China,Policy,oil,2090,4.148,23.13170237
China,Policy,oil,2095,1.37699,7.882288021
China,Policy,oil,2100,-0.53303,-3.126877194
China,Policy,solar,1990,0,0
China,Policy,solar,2005,0,0
China,Policy,solar,2010,0,0
China,Policy,solar,2015,0,0
China,Policy,solar,2020,2.89E-07,2.67E-05
China,Policy,solar,2025,-0.014083792,-0.36850992
China,Policy,solar,2030,-0.03941453,-0.432109519
China,Policy,solar,2035,7.315145193,49.71080141
China,Policy,solar,2040,8.562160991,44.96884891
China,Policy,solar,2045,9.376180038,41.62696111
China,Policy,solar,2050,10.50769618,42.03415879
China,Policy,solar,2055,11.51154056,43.23367608
China,Policy,solar,2060,12.49551972,45.79084103
China,Policy,solar,2065,8.512229655,31.09644219
China,Policy,solar,2070,6.662646683,24.55891104
China,Policy,solar,2075,5.344502091,20.12622637
China,Policy,solar,2080,4.595733787,17.75615706
China,Policy,solar,2085,4.022190996,16.04127022
China,Policy,solar,2090,3.349044964,13.79286942
China,Policy,solar,2095,3.13259322,13.32741552
China,Policy,solar,2100,3.181788895,14.00271967
China,Policy,wind,1990,0,0
China,Policy,wind,2005,0,0
China,Policy,wind,2010,0,0
China,Policy,wind,2015,0,0
China,Policy,wind,2020,4.00E-08,1.40E-06
China,Policy,wind,2025,-0.005349129,-0.117842838
China,Policy,wind,2030,-0.012767193,-0.189795112
China,Policy,wind,2035,8.769587995,93.61934524
China,Policy,wind,2040,12.44032724,99.1809507
China,Policy,wind,2045,14.51120884,96.10218938
China,Policy,wind,2050,15.43700563,86.22044876
China,Policy,wind,2055,15.20674233,73.60130932
China,Policy,wind,2060,14.59223589,63.98604458
China,Policy,wind,2065,8.037359509,33.2583288
China,Policy,wind,2070,3.603371994,14.48714525
China,Policy,wind,2075,0.454739909,1.853557398
China,Policy,wind,2080,-0.973139568,-4.092065947
China,Policy,wind,2085,-1.760663882,-7.724085661
China,Policy,wind,2090,-2.623258206,-12.05988144
China,Policy,wind,2095,0.083125958,0.399443439
China,Policy,wind,2100,1.871862151,9.355758077
Global,Policy,biomass,1990,0,0
Global,Policy,biomass,2005,0,0
Global,Policy,biomass,2010,0,0
Global,Policy,biomass,2015,0,0
Global,Policy,biomass,2020,-0.000326523,-0.000831062
Global,Policy,biomass,2025,4.136128869,9.349852302
Global,Policy,biomass,2030,8.638205349,18.15977903
Global,Policy,biomass,2035,13.21667466,24.49396299
Global,Policy,biomass,2040,17.94348922,29.05020374
Global,Policy,biomass,2045,22.3024577,31.99532076
Global,Policy,biomass,2050,24.85587535,31.9460711
Global,Policy,biomass,2055,23.7918877,28.28699114
Global,Policy,biomass,2060,22.91880354,25.66977922
Global,Policy,biomass,2065,19.86104894,21.03860274
Global,Policy,biomass,2070,16.38989903,16.48622157
Global,Policy,biomass,2075,12.40766276,11.78126663
Global,Policy,biomass,2080,8.788406612,7.87137509
Global,Policy,biomass,2085,5.844905263,4.975342593
Global,Policy,biomass,2090,3.203019618,2.605892432
Global,Policy,biomass,2095,0.659215131,0.514494832
Global,Policy,biomass,2100,-1.930351869,-1.445529915
Global,Policy,biomass_traditional,1990,0,0
Global,Policy,biomass_traditional,2005,0,0
Global,Policy,biomass_traditional,2010,0,0
Global,Policy,biomass_traditional,2015,0,0
Global,Policy,biomass_traditional,2020,-0.00012732,-0.000510516
Global,Policy,biomass_traditional,2025,0.36320688,1.512215209
Global,Policy,biomass_traditional,2030,0.345137557,1.508526508
Global,Policy,biomass_traditional,2035,2.762426829,12.45083399
Global,Policy,biomass_traditional,2040,3.271280622,15.12623952
Global,Policy,biomass_traditional,2045,3.265757183,15.65214975
Global,Policy,biomass_traditional,2050,3.07326099,15.50050893
Global,Policy,biomass_traditional,2055,2.854223316,15.34204827
Global,Policy,biomass_traditional,2060,2.488759304,14.45123099
Global,Policy,biomass_traditional,2065,1.824679875,11.5133463
Global,Policy,biomass_traditional,2070,1.365643677,9.376109731
Global,Policy,biomass_traditional,2075,1.040189135,7.798910338
Global,Policy,biomass_traditional,2080,0.782451591,6.416869103
Global,Policy,biomass_traditional,2085,0.585212888,5.261594959
Global,Policy,biomass_traditional,2090,0.452889506,4.502789846
Global,Policy,biomass_traditional,2095,0.330706812,3.814842662
Global,Policy,biomass_traditional,2100,0.235558159,3.099364559
Global,Policy,coal,1990,0,0
Global,Policy,coal,2005,0,0
Global,Policy,coal,2010,0,0
Global,Policy,coal,2015,0,0
Global,Policy,coal,2020,0.00024491,0.0001119
Global,Policy,coal,2025,-7.407555053,-3.150872597
Global,Policy,coal,2030,-13.93670031,-5.749572913
Global,Policy,coal,2035,-32.9169218,-13.83028446
Global,Policy,coal,2040,-42.09413175,-18.33060525
Global,Policy,coal,2045,-48.05213691,-22.11512877
Global,Policy,coal,2050,-46.23000869,-22.59885717
Global,Policy,coal,2055,-36.97427948,-19.14808429
Global,Policy,coal,2060,-28.50823191,-15.55641897
Global,Policy,coal,2065,-19.46556589,-11.00549136
Global,Policy,coal,2070,-14.52140383,-8.457373261
Global,Policy,coal,2075,-7.730118,-4.654006831
Global,Policy,coal,2080,-1.459806963,-0.904106823
Global,Policy,coal,2085,4.266432064,2.726231484
Global,Policy,coal,2090,9.103892181,6.000500194
Global,Policy,coal,2095,12.73188073,8.596747202
Global,Policy,coal,2100,15.82342973,10.9142631
Global,Policy,geothermal,1990,0,0
Global,Policy,geothermal,2005,0,0
Global,Policy,geothermal,2010,0,0
Global,Policy,geothermal,2015,0,0
Global,Policy,geothermal,2020,9.70E-05,0.003828392
Global,Policy,geothermal,2025,0.281893947,7.145599754
Global,Policy,geothermal,2030,0.583322907,12.08440593
Global,Policy,geothermal,2035,0.787184378,14.06114409
Global,Policy,geothermal,2040,0.812933896,13.23567848
Global,Policy,geothermal,2045,0.766387315,12.1433591
Global,Policy,geothermal,2050,0.736408953,11.69039868
Global,Policy,geothermal,2055,0.543600125,8.497393086
Global,Policy,geothermal,2060,0.372658385,5.747057307
Global,Policy,geothermal,2065,0.302111848,4.64918409
Global,Policy,geothermal,2070,0.2976556,4.558057962
Global,Policy,geothermal,2075,0.299781121,4.582741543
Global,Policy,geothermal,2080,0.316578737,4.850228066
Global,Policy,geothermal,2085,0.308295043,4.760120824
Global,Policy,geothermal,2090,0.266295088,4.12724405
Global,Policy,geothermal,2095,0.178337928,2.77358207
Global,Policy,geothermal,2100,0.097582451,1.522435762
Global,Policy,hydro,1990,0,0
Global,Policy,hydro,2005,0,0
Global,Policy,hydro,2010,0,0
Global,Policy,hydro,2015,0,0
Global,Policy,hydro,2020,9.06E-06,2.51E-05
Global,Policy,hydro,2025,0.084864429,0.235565807
Global,Policy,hydro,2030,0.208165146,0.576190242
Global,Policy,hydro,2035,0.077408392,0.214453521
Global,Policy,hydro,2040,0.199484613,0.552582621
Global,Policy,hydro,2045,0.254636829,0.706914245
Global,Policy,hydro,2050,0.296065036,0.834133145
Global,Policy,hydro,2055,0.297226867,0.840180066
Global,Policy,hydro,2060,0.399417295,1.127034272
Global,Policy,hydro,2065,0.495796398,1.389183866
Global,Policy,hydro,2070,0.657328798,1.824612796
Global,Policy,hydro,2075,0.803097721,2.205428676
Global,Policy,hydro,2080,1.01835168,2.769017242
Global,Policy,hydro,2085,1.187402323,3.20038928
Global,Policy,hydro,2090,1.192119233,3.168103447
Global,Policy,hydro,2095,0.768107479,2.007993453
Global,Policy,hydro,2100,0.374030513,0.961229609
Global,Policy,natural gas,1990,0,0
Global,Policy,natural gas,2005,0,0
Global,Policy,natural gas,2010,0,0
Global,Policy,natural gas,2015,0,0
Global,Policy,natural gas,2020,-0.00056282,-0.000474843
Global,Policy,natural gas,2025,-3.33319665,-2.648931051
Global,Policy,natural gas,2030,-7.50117892,-5.421337996
Global,Policy,natural gas,2035,-14.6031976,-9.96750626
Global,Policy,natural gas,2040,-19.3659098,-12.40924647
Global,Policy,natural gas,2045,-15.873932,-9.291681252
Global,Policy,natural gas,2050,-3.1323421,-1.698153597
Global,Policy,natural gas,2055,8.5274432,4.363068589
Global,Policy,natural gas,2060,20.7078185,10.14176329
Global,Policy,natural gas,2065,28.8249585,13.71720948
Global,Policy,natural gas,2070,35.2546187,16.39759853
Global,Policy,natural gas,2075,38.7651379,17.39869421
Global,Policy,natural gas,2080,38.6015742,16.61673213
Global,Policy,natural gas,2085,38.422686,15.90446264
Global,Policy,natural gas,2090,38.0244432,15.22326752
Global,Policy,natural gas,2095,38.8543448,15.17914055
Global,Policy,natural gas,2100,39.6675021,15.16512033
Global,Policy,nuclear,1990,0,0
Global,Policy,nuclear,2005,0,0
Global,Policy,nuclear,2010,0,0
Global,Policy,nuclear,2015,0,0
Global,Policy,nuclear,2020,0.001685617,0.005548564
Global,Policy,nuclear,2025,1.685652942,4.707365149
Global,Policy,nuclear,2030,4.249994844,10.91581716
Global,Policy,nuclear,2035,15.15654056,36.26998376
Global,Policy,nuclear,2040,23.07930301,51.75325299
Global,Policy,nuclear,2045,29.41360218,60.40377522
Global,Policy,nuclear,2050,33.97443004,63.67919056
Global,Policy,nuclear,2055,35.59067626,61.24314309
Global,Policy,nuclear,2060,37.37159414,59.47322152
Global,Policy,nuclear,2065,39.49258348,57.52648101
Global,Policy,nuclear,2070,40.26501562,53.99017024
Global,Policy,nuclear,2075,40.72832229,51.12065725
Global,Policy,nuclear,2080,41.55195161,52.85320839
Global,Policy,nuclear,2085,40.43713992,51.44808922
Global,Policy,nuclear,2090,38.10989655,47.77137417
Global,Policy,nuclear,2095,29.21917885,36.42108289
Global,Policy,nuclear,2100,22.51080182,28.06771001
Global,Policy,oil,1990,0,0
Global,Policy,oil,2005,0,0
Global,Policy,oil,2010,0,0
Global,Policy,oil,2015,0,0
Global,Policy,oil,2020,0.000283348,0.000233838
Global,Policy,oil,2025,-2.026388222,-1.579660675
Global,Policy,oil,2030,-4.707736081,-3.531131786
Global,Policy,oil,2035,-26.22656279,-19.32950101
Global,Policy,oil,2040,-36.48708586,-26.48885142
Global,Policy,oil,2045,-42.6310653,-30.47901964
Global,Policy,oil,2050,-44.89148143,-31.77773487
Global,Policy,oil,2055,-47.03916963,-32.81109061
Global,Policy,oil,2060,-47.87918228,-32.7217339
Global,Policy,oil,2065,-43.58260158,-29.44957894
Global,Policy,oil,2070,-36.6517165,-24.67201156
Global,Policy,oil,2075,-33.22162445,-22.42927988
Global,Policy,oil,2080,-29.71600464,-20.33241698
Global,Policy,oil,2085,-26.63433398,-18.63900762
Global,Policy,oil,2090,-23.21470744,-16.5196811
Global,Policy,oil,2095,-23.89639887,-17.2703391
Global,Policy,oil,2100,-23.83516179,-17.46058618
Global,Policy,solar,1990,0,0
Global,Policy,solar,2005,0,0
Global,Policy,solar,2010,0,0
Global,Policy,solar,2015,0,0
Global,Policy,solar,2020,0.000684583,0.007958383
Global,Policy,solar,2025,2.471728237,10.65402958
Global,Policy,solar,2030,4.783684657,11.87249643
Global,Policy,solar,2035,17.45755222,29.99149815
Global,Policy,solar,2040,24.2918656,32.67942795
Global,Policy,solar,2045,30.65484124,34.3785024
Global,Policy,solar,2050,37.04670519,36.20066728
Global,Policy,solar,2055,40.29140185,35.18077889
Global,Policy,solar,2060,44.29995182,35.08721368
Global,Policy,solar,2065,42.80969816,30.98883308
Global,Policy,solar,2070,43.83098894,29.18723801
Global,Policy,solar,2075,45.22320229,28.07728636
Global,Policy,solar,2080,46.7577691,27.29945837
Global,Policy,solar,2085,47.61990805,26.54475886
Global,Policy,solar,2090,47.16180627,25.23557097
Global,Policy,solar,2095,46.22191483,23.89074374
Global,Policy,solar,2100,44.91957713,22.49911914
Global,Policy,wind,1990,0,0
Global,Policy,wind,2005,0,0
Global,Policy,wind,2010,0,0
Global,Policy,wind,2015,0,0
Global,Policy,wind,2020,0.001153457,0.006313268
Global,Policy,wind,2025,2.998853475,10.30325843
Global,Policy,wind,2030,7.269768391,18.37358836
Global,Policy,wind,2035,24.23634486,46.26440517
Global,Policy,wind,2040,36.30264652,54.5008655
Global,Policy,wind,2045,44.33353594,56.65342051
Global,Policy,wind,2050,49.15661937,55.14786739
Global,Policy,wind,2055,48.24328044,47.1557906
Global,Policy,wind,2060,47.13765745,40.50765457
Global,Policy,wind,2065,38.51120742,29.63075779
Global,Policy,wind,2070,33.06534345,22.98284603
Global,Policy,wind,2075,30.04692821,19.43704189
Global,Policy,wind,2080,30.06344897,18.24299891
Global,Policy,wind,2085,30.38459262,17.56088327
Global,Policy,wind,2090,30.16752584,16.7966891
Global,Policy,wind,2095,32.92670107,17.77246237
Global,Policy,wind,2100,33.9466416,17.83587472
Taiwan,Policy,biomass,1990,0,NA
Taiwan,Policy,biomass,2005,0,0
Taiwan,Policy,biomass,2010,0,0
Taiwan,Policy,biomass,2015,0,0
Taiwan,Policy,biomass,2020,5.00E-07,0.000712505
Taiwan,Policy,biomass,2025,-0.00545456,-7.256777016
Taiwan,Policy,biomass,2030,-0.013484251,-15.94861467
Taiwan,Policy,biomass,2035,-0.006625604,-6.023252271
Taiwan,Policy,biomass,2040,-0.013195299,-8.598477009
Taiwan,Policy,biomass,2045,0.02483325,11.68737169
Taiwan,Policy,biomass,2050,0.117044882,42.76725107
Taiwan,Policy,biomass,2055,0.227010519,74.44803496
Taiwan,Policy,biomass,2060,0.320258493,101.5795409
Taiwan,Policy,biomass,2065,0.244238939,71.8792931
Taiwan,Policy,biomass,2070,0.206019313,58.82157423
Taiwan,Policy,biomass,2075,0.172108618,44.93086319
Taiwan,Policy,biomass,2080,0.130157726,30.30171182
Taiwan,Policy,biomass,2085,0.08806614,18.50017408
Taiwan,Policy,biomass,2090,0.04978921,9.587032273
Taiwan,Policy,biomass,2095,0.00141289,0.249848064
Taiwan,Policy,biomass,2100,-0.033770409,-5.467918555
Taiwan,Policy,coal,1990,0,0
Taiwan,Policy,coal,2005,0,0
Taiwan,Policy,coal,2010,0,0
Taiwan,Policy,coal,2015,0,0
Taiwan,Policy,coal,2020,2.00E-07,9.92E-06
Taiwan,Policy,coal,2025,-0.0022009,-0.109262126
Taiwan,Policy,coal,2030,-0.0011037,-0.056030108
Taiwan,Policy,coal,2035,-0.0451319,-2.367536705
Taiwan,Policy,coal,2040,-0.0698481,-3.845588035
Taiwan,Policy,coal,2045,-0.1098405,-6.479048802
Taiwan,Policy,coal,2050,-0.1823614,-11.62359597
Taiwan,Policy,coal,2055,-0.2491208,-16.86629086
Taiwan,Policy,coal,2060,-0.283806,-20.10449013
Taiwan,Policy,coal,2065,-0.2565858,-18.81068128
Taiwan,Policy,coal,2070,-0.1954669,-14.93640674
Taiwan,Policy,coal,2075,-0.138192,-11.27369816
Taiwan,Policy,coal,2080,-0.0758919,-6.732886662
Taiwan,Policy,coal,2085,-0.0172259,-1.672002559
Taiwan,Policy,coal,2090,0.0422486,4.460296294
Taiwan,Policy,coal,2095,0.0847213,9.681155267
Taiwan,Policy,coal,2100,0.1295451,16.13283498
Taiwan,Policy,geothermal,1990,0,0
Taiwan,Policy,geothermal,2005,0,NA
Taiwan,Policy,geothermal,2010,0,NA
Taiwan,Policy,geothermal,2015,0,NA
Taiwan,Policy,geothermal,2020,2.52E-08,0.00045985
Taiwan,Policy,geothermal,2025,-1.35E-06,-0.020299439
Taiwan,Policy,geothermal,2030,-7.24E-06,-0.109949379
Taiwan,Policy,geothermal,2035,-0.000124317,-1.913557008
Taiwan,Policy,geothermal,2040,-0.000258506,-4.040769907
Taiwan,Policy,geothermal,2045,-0.000458582,-7.302275484
Taiwan,Policy,geothermal,2050,-0.000606198,-9.845742066
Taiwan,Policy,geothermal,2055,-0.000556929,-9.240432516
Taiwan,Policy,geothermal,2060,-0.000425401,-7.226169939
Taiwan,Policy,geothermal,2065,-0.000313954,-5.462024187
Taiwan,Policy,geothermal,2070,-0.000196284,-3.501562448
Taiwan,Policy,geothermal,2075,-7.91E-05,-1.449463444
Taiwan,Policy,geothermal,2080,7.39E-05,1.409661416
Taiwan,Policy,geothermal,2085,0.000171464,3.350917148
Taiwan,Policy,geothermal,2090,0.000258787,5.149700411
Taiwan,Policy,geothermal,2095,0.000302018,6.068102606
Taiwan,Policy,geothermal,2100,0.000293177,5.893759329
Taiwan,Policy,hydro,1990,0,0
Taiwan,Policy,hydro,2005,0,0
Taiwan,Policy,hydro,2010,0,0
Taiwan,Policy,hydro,2015,0,0
Taiwan,Policy,hydro,2020,-6.38E-09,-1.74E-05
Taiwan,Policy,hydro,2025,-7.81E-06,-0.020654299
Taiwan,Policy,hydro,2030,-4.27E-05,-0.109530444
Taiwan,Policy,hydro,2035,-0.000712513,-1.776484032
Taiwan,Policy,hydro,2040,-0.001605885,-3.90970697
Taiwan,Policy,hydro,2045,-0.002998626,-7.161251273
Taiwan,Policy,hydro,2050,-0.004141565,-9.725976039
Taiwan,Policy,hydro,2055,-0.003948593,-9.145776731
Taiwan,Policy,hydro,2060,-0.003121515,-7.154368342
Taiwan,Policy,hydro,2065,-0.002453891,-5.571704524
Taiwan,Policy,hydro,2070,-0.001559044,-3.517124255
Taiwan,Policy,hydro,2075,-0.000639444,-1.436872163
Taiwan,Policy,hydro,2080,0.000629446,1.429374449
Taiwan,Policy,hydro,2085,0.001492973,3.374803783
Taiwan,Policy,hydro,2090,0.002313018,5.176370769
Taiwan,Policy,hydro,2095,0.002750534,6.046761721
Taiwan,Policy,hydro,2100,0.002752944,5.896994169
Taiwan,Policy,natural gas,1990,0,0
Taiwan,Policy,natural gas,2005,0,0
Taiwan,Policy,natural gas,2010,0,0
Taiwan,Policy,natural gas,2015,0,0
Taiwan,Policy,natural gas,2020,2.00E-06,0.000212974
Taiwan,Policy,natural gas,2025,-0.0035057,-0.323925807
Taiwan,Policy,natural gas,2030,0.0001952,0.01669824
Taiwan,Policy,natural gas,2035,0.0209226,1.69705012
Taiwan,Policy,natural gas,2040,0.0254986,1.987945063
Taiwan,Policy,natural gas,2045,0.0019839,0.146786447
Taiwan,Policy,natural gas,2050,-0.0862085,-6.09518424
Taiwan,Policy,natural gas,2055,-0.0904275,-6.219868348
Taiwan,Policy,natural gas,2060,0.1107333,7.6665663
Taiwan,Policy,natural gas,2065,-0.141806,-11.20188803
Taiwan,Policy,natural gas,2070,-0.1229694,-10.33648243
Taiwan,Policy,natural gas,2075,-0.1002165,-8.753389742
Taiwan,Policy,natural gas,2080,-0.1175897,-10.54809131
Taiwan,Policy,natural gas,2085,-0.100295,-9.338923931
Taiwan,Policy,natural gas,2090,0.32262,31.55911538
Taiwan,Policy,natural gas,2095,0.429531,44.66994465
Taiwan,Policy,natural gas,2100,0.477662,53.01023777
Taiwan,Policy,nuclear,1990,0,0
Taiwan,Policy,nuclear,2005,0,0
Taiwan,Policy,nuclear,2010,0,0
Taiwan,Policy,nuclear,2015,0,0
Taiwan,Policy,nuclear,2020,-2.57E-08,-9.42E-06
Taiwan,Policy,nuclear,2025,-0.00022726,-0.085407958
Taiwan,Policy,nuclear,2030,-0.00037894,-0.148698159
Taiwan,Policy,nuclear,2035,0.033419084,13.90627828
Taiwan,Policy,nuclear,2040,0.071082062,31.86631181
Taiwan,Policy,nuclear,2045,0.125951392,60.98379169
Taiwan,Policy,nuclear,2050,0.188945911,97.27668041
Taiwan,Policy,nuclear,2055,0.239258563,127.7900801
Taiwan,Policy,nuclear,2060,0.285879218,150.1333474
Taiwan,Policy,nuclear,2065,0.25520272,115.6141924
Taiwan,Policy,nuclear,2070,0.250727737,101.4169629
Taiwan,Policy,nuclear,2075,0.257401992,98.13960179
Taiwan,Policy,nuclear,2080,0.271559178,95.87973309
Taiwan,Policy,nuclear,2085,0.286420074,94.82571215
Taiwan,Policy,nuclear,2090,0.304041694,94.09203726
Taiwan,Policy,nuclear,2095,0.2659508,76.34998239
Taiwan,Policy,nuclear,2100,0.22905715,61.95218793
Taiwan,Policy,oil,1990,0,0
Taiwan,Policy,oil,2005,0,0
Taiwan,Policy,oil,2010,0,0
Taiwan,Policy,oil,2015,0,0
Taiwan,Policy,oil,2020,0,0
Taiwan,Policy,oil,2025,0.0102489,0.515170354
Taiwan,Policy,oil,2030,0.0136008,0.668097753
Taiwan,Policy,oil,2035,-0.388545,-19.66401954
Taiwan,Policy,oil,2040,-0.6295528,-33.51880268
Taiwan,Policy,oil,2045,-0.9785077,-55.84842884
Taiwan,Policy,oil,2050,-1.2082166,-75.50307561
Taiwan,Policy,oil,2055,-1.1437208,-80.66393029
Taiwan,Policy,oil,2060,-0.9615314,-78.80567769
Taiwan,Policy,oil,2065,-0.7276983,-69.2417944
Taiwan,Policy,oil,2070,-0.4963901,-57.49025258
Taiwan,Policy,oil,2075,-0.3016991,-43.92118504
Taiwan,Policy,oil,2080,-0.1075819,-22.8743574
Taiwan,Policy,oil,2085,-0.0070577,-2.000611718
Taiwan,Policy,oil,2090,0.0782893,28.87636056
Taiwan,Policy,oil,2095,0.1069792,48.2089376
Taiwan,Policy,oil,2100,0.1248882,62.91622334
Taiwan,Policy,solar,1990,0,NA
Taiwan,Policy,solar,2005,0,0
Taiwan,Policy,solar,2010,0,0
Taiwan,Policy,solar,2015,0,0
Taiwan,Policy,solar,2020,3.93E-08,0.000153961
Taiwan,Policy,solar,2025,-0.000718819,-1.172430676
Taiwan,Policy,solar,2030,-0.001181468,-0.912980282
Taiwan,Policy,solar,2035,0.18661891,75.12093256
Taiwan,Policy,solar,2040,0.239541186,62.36168562
Taiwan,Policy,solar,2045,0.335793861,67.78420005
Taiwan,Policy,solar,2050,0.495188368,84.69019274
Taiwan,Policy,solar,2055,0.66571224,100.4326
Taiwan,Policy,solar,2060,0.868716411,116.0976729
Taiwan,Policy,solar,2065,0.639450466,69.89027467
Taiwan,Policy,solar,2070,0.538687952,51.4908466
Taiwan,Policy,solar,2075,0.44112623,37.98820858
Taiwan,Policy,solar,2080,0.337097888,26.71813933
Taiwan,Policy,solar,2085,0.263041635,19.5021808
Taiwan,Policy,solar,2090,0.216744363,15.04851924
Taiwan,Policy,solar,2095,0.299824895,20.12400737
Taiwan,Policy,solar,2100,0.341789581,22.13459147
Taiwan,Policy,wind,1990,0,NA
Taiwan,Policy,wind,2005,0,0
Taiwan,Policy,wind,2010,0,0
Taiwan,Policy,wind,2015,0,0
Taiwan,Policy,wind,2020,2.11E-07,0.000489206
Taiwan,Policy,wind,2025,-0.000493544,-0.695039185
Taiwan,Policy,wind,2030,-0.000293492,-0.294063142
Taiwan,Policy,wind,2035,0.07644636,56.30562223
Taiwan,Policy,wind,2040,0.14054834,77.97513824
Taiwan,Policy,wind,2045,0.221182348,98.14599754
Taiwan,Policy,wind,2050,0.307748871,115.9224192
Taiwan,Policy,wind,2055,0.372040415,116.6407203
Taiwan,Policy,wind,2060,0.423076411,108.2874849
Taiwan,Policy,wind,2065,0.218016302,41.55048624
Taiwan,Policy,wind,2070,0.103133404,16.71725445
Taiwan,Policy,wind,2075,0.028569809,4.181623689
Taiwan,Policy,wind,2080,0.022940918,3.159263348
Taiwan,Policy,wind,2085,0.03298991,4.425317993
Taiwan,Policy,wind,2090,0.173442284,23.60498882
Taiwan,Policy,wind,2095,0.200276503,26.91642847
Taiwan,Policy,wind,2100,0.193389072,25.4338558
China,Policy_NoDAC,biomass,1990,0,0
China,Policy_NoDAC,biomass,2005,0,0
China,Policy_NoDAC,biomass,2010,0,0
China,Policy_NoDAC,biomass,2015,0,0
China,Policy_NoDAC,biomass,2020,1.00E-05,0.000393909
China,Policy_NoDAC,biomass,2025,-0.1562646,-4.253683918
China,Policy_NoDAC,biomass,2030,-0.46504746,-10.35818568
China,Policy_NoDAC,biomass,2035,0.65954803,11.37750333
China,Policy_NoDAC,biomass,2040,-0.25774582,-3.465645627
China,Policy_NoDAC,biomass,2045,-1.38830325,-15.83312322
China,Policy_NoDAC,biomass,2050,-0.50627226,-5.132656081
China,Policy_NoDAC,biomass,2055,15.92568458,152.6229902
China,Policy_NoDAC,biomass,2060,38.61827758,365.2424841
China,Policy_NoDAC,biomass,2065,36.52065346,345.8318068
China,Policy_NoDAC,biomass,2070,34.78474429,337.3299565
China,Policy_NoDAC,biomass,2075,33.46113319,332.6657318
China,Policy_NoDAC,biomass,2080,31.9343554,324.276887
China,Policy_NoDAC,biomass,2085,29.83762102,300.8799726
China,Policy_NoDAC,biomass,2090,27.68170891,269.8549223
China,Policy_NoDAC,biomass,2095,25.36790955,232.4443419
China,Policy_NoDAC,biomass,2100,22.97294348,192.8231524
China,Policy_NoDAC,biomass_traditional,1990,0,0
China,Policy_NoDAC,biomass_traditional,2005,0,0
China,Policy_NoDAC,biomass_traditional,2010,0,0
China,Policy_NoDAC,biomass_traditional,2015,0,0
China,Policy_NoDAC,biomass_traditional,2020,0,0
China,Policy_NoDAC,biomass_traditional,2025,-0.00833,-0.35381616
China,Policy_NoDAC,biomass_traditional,2030,-0.012119,-0.647333721
China,Policy_NoDAC,biomass_traditional,2035,0.746509,44.62490129
China,Policy_NoDAC,biomass_traditional,2040,0.726944,46.36657675
China,Policy_NoDAC,biomass_traditional,2045,0.71891,49.73923416
China,Policy_NoDAC,biomass_traditional,2050,1.023612,77.4124167
China,Policy_NoDAC,biomass_traditional,2055,1.466919,122.791103
China,Policy_NoDAC,biomass_traditional,2060,1.711494,160.6461914
China,Policy_NoDAC,biomass_traditional,2065,1.506696,159.4046564
China,Policy_NoDAC,biomass_traditional,2070,1.31936,157.5332652
China,Policy_NoDAC,biomass_traditional,2075,1.101947,149.4047926
China,Policy_NoDAC,biomass_traditional,2080,0.963291,148.8052831
China,Policy_NoDAC,biomass_traditional,2085,0.917622,160.5286683
China,Policy_NoDAC,biomass_traditional,2090,0.868865,170.4321882
China,Policy_NoDAC,biomass_traditional,2095,0.776922,166.4870911
China,Policy_NoDAC,biomass_traditional,2100,0.6881631,158.7608286
China,Policy_NoDAC,coal,1990,0,0
China,Policy_NoDAC,coal,2005,0,0
China,Policy_NoDAC,coal,2010,0,0
China,Policy_NoDAC,coal,2015,0,0
China,Policy_NoDAC,coal,2020,0.0001,9.98E-05
China,Policy_NoDAC,coal,2025,-1.0198,-0.955002149
China,Policy_NoDAC,coal,2030,-0.9664,-0.896550636
China,Policy_NoDAC,coal,2035,-12.6473,-12.34493549
China,Policy_NoDAC,coal,2040,-17.7299,-18.77367901
China,Policy_NoDAC,coal,2045,-21.7891,-25.74168411
China,Policy_NoDAC,coal,2050,-24.9917,-33.50893377
China,Policy_NoDAC,coal,2055,-26.2945,-40.76989033
China,Policy_NoDAC,coal,2060,-28.18922,-50.76477018
China,Policy_NoDAC,coal,2065,-19.33964,-40.25627949
China,Policy_NoDAC,coal,2070,-13.94966,-33.39212405
China,Policy_NoDAC,coal,2075,-13.16447,-36.08473745
China,Policy_NoDAC,coal,2080,-13.69582,-42.11442013
China,Policy_NoDAC,coal,2085,-12.00199,-41.13115923
China,Policy_NoDAC,coal,2090,-10.08676,-39.17523051
China,Policy_NoDAC,coal,2095,-9.00712,-38.80639713
China,Policy_NoDAC,coal,2100,-7.91684,-37.08069676
China,Policy_NoDAC,geothermal,1990,0,0
China,Policy_NoDAC,geothermal,2005,0,0
China,Policy_NoDAC,geothermal,2010,0,0
China,Policy_NoDAC,geothermal,2015,0,0
China,Policy_NoDAC,geothermal,2020,8.29E-10,5.32E-07
China,Policy_NoDAC,geothermal,2025,-0.000100591,-0.033327988
China,Policy_NoDAC,geothermal,2030,-0.000269445,-0.091356375
China,Policy_NoDAC,geothermal,2035,-0.004631132,-1.602408923
China,Policy_NoDAC,geothermal,2040,-0.008547899,-3.01754106
China,Policy_NoDAC,geothermal,2045,-0.013313755,-4.813159712
China,Policy_NoDAC,geothermal,2050,-0.013292632,-4.921876268
China,Policy_NoDAC,geothermal,2055,-0.001535609,-0.584349717
China,Policy_NoDAC,geothermal,2060,0.008488394,3.316645041
China,Policy_NoDAC,geothermal,2065,0.016822189,6.719985241
China,Policy_NoDAC,geothermal,2070,0.021896098,8.927044222
China,Policy_NoDAC,geothermal,2075,0.023804372,9.911207552
China,Policy_NoDAC,geothermal,2080,0.02471355,10.51705123
China,Policy_NoDAC,geothermal,2085,0.032379299,14.02668681
China,Policy_NoDAC,geothermal,2090,0.039130323,17.10689017
China,Policy_NoDAC,geothermal,2095,0.036384279,15.94930234
China,Policy_NoDAC,geothermal,2100,0.034080965,14.9402164
China,Policy_NoDAC,hydro,1990,0,0
China,Policy_NoDAC,hydro,2005,0,0
China,Policy_NoDAC,hydro,2010,0,0
China,Policy_NoDAC,hydro,2015,0,0
China,Policy_NoDAC,hydro,2020,5.84E-08,5.32E-07
China,Policy_NoDAC,hydro,2025,-0.003590633,-0.033507524
China,Policy_NoDAC,hydro,2030,-0.009587347,-0.091560018
China,Policy_NoDAC,hydro,2035,-0.144794399,-1.410979079
China,Policy_NoDAC,hydro,2040,-0.291131685,-2.893909037
China,Policy_NoDAC,hydro,2045,-0.463313019,-4.71477334
China,Policy_NoDAC,hydro,2050,-0.463291143,-4.828025305
China,Policy_NoDAC,hydro,2055,-0.053566318,-0.573491858
China,Policy_NoDAC,hydro,2060,0.296533421,3.259498557
China,Policy_NoDAC,hydro,2065,0.603427846,6.781348739
China,Policy_NoDAC,hydro,2070,0.775918763,8.898934629
China,Policy_NoDAC,hydro,2075,0.844614752,9.892429622
China,Policy_NoDAC,hydro,2080,0.879904,10.53534815
China,Policy_NoDAC,hydro,2085,1.143961193,13.9415579
China,Policy_NoDAC,hydro,2090,1.38334055,17.01831526
China,Policy_NoDAC,hydro,2095,1.301113121,16.048091
China,Policy_NoDAC,hydro,2100,1.213371117,14.96667378
China,Policy_NoDAC,natural gas,1990,0,0
China,Policy_NoDAC,natural gas,2005,0,0
China,Policy_NoDAC,natural gas,2010,0,0
China,Policy_NoDAC,natural gas,2015,0,0
China,Policy_NoDAC,natural gas,2020,0,0
China,Policy_NoDAC,natural gas,2025,0.05465,0.593593964
China,Policy_NoDAC,natural gas,2030,0.1955,1.879487818
China,Policy_NoDAC,natural gas,2035,0.58746,5.086176519
China,Policy_NoDAC,natural gas,2040,0.85095,6.76831669
China,Policy_NoDAC,natural gas,2045,0.44404,3.092112273
China,Policy_NoDAC,natural gas,2050,-2.04051,-12.89249086
China,Policy_NoDAC,natural gas,2055,-5.99488,-35.41539038
China,Policy_NoDAC,natural gas,2060,-9.10178,-51.62455078
China,Policy_NoDAC,natural gas,2065,-9.23071,-51.40560974
China,Policy_NoDAC,natural gas,2070,-9.08254,-50.3100849
China,Policy_NoDAC,natural gas,2075,-9.12624,-50.23830363
China,Policy_NoDAC,natural gas,2080,-9.20099,-50.21406901
China,Policy_NoDAC,natural gas,2085,-8.48931,-46.49697088
China,Policy_NoDAC,natural gas,2090,-7.59446,-42.27853823
China,Policy_NoDAC,natural gas,2095,-6.18246,-35.69747515
China,Policy_NoDAC,natural gas,2100,-5.16156,-30.97842429
China,Policy_NoDAC,nuclear,1990,0,NA
China,Policy_NoDAC,nuclear,2005,0,0
China,Policy_NoDAC,nuclear,2010,0,0
China,Policy_NoDAC,nuclear,2015,0,0
China,Policy_NoDAC,nuclear,2020,-1.90E-06,-7.55E-05
China,Policy_NoDAC,nuclear,2025,-0.004759223,-0.129453042
China,Policy_NoDAC,nuclear,2030,-0.01263826,-0.25499779
China,Policy_NoDAC,nuclear,2035,6.702398345,105.1952496
China,Policy_NoDAC,nuclear,2040,10.44415359,128.4889532
China,Policy_NoDAC,nuclear,2045,13.76921171,130.6241286
China,Policy_NoDAC,nuclear,2050,17.49722705,137.1173439
China,Policy_NoDAC,nuclear,2055,19.02466716,125.4830378
China,Policy_NoDAC,nuclear,2060,18.6273563,107.2884895
China,Policy_NoDAC,nuclear,2065,20.84636013,107.8950545
China,Policy_NoDAC,nuclear,2070,20.63018991,97.67054251
China,Policy_NoDAC,nuclear,2075,20.04812326,88.59185716
China,Policy_NoDAC,nuclear,2080,19.77551024,86.04363458
China,Policy_NoDAC,nuclear,2085,19.58307835,84.64493472
China,Policy_NoDAC,nuclear,2090,19.25964678,83.45252592
China,Policy_NoDAC,nuclear,2095,13.42525506,58.88136833
China,Policy_NoDAC,nuclear,2100,9.124449289,41.15926773
China,Policy_NoDAC,oil,1990,0,0
China,Policy_NoDAC,oil,2005,0,0
China,Policy_NoDAC,oil,2010,0,0
China,Policy_NoDAC,oil,2015,0,0
China,Policy_NoDAC,oil,2020,-0.0002,-0.000948611
China,Policy_NoDAC,oil,2025,1.16893,4.801298934
China,Policy_NoDAC,oil,2030,1.24926,4.605400432
China,Policy_NoDAC,oil,2035,-13.09254,-46.09422804
China,Policy_NoDAC,oil,2040,-17.51322,-60.23875753
China,Policy_NoDAC,oil,2045,-20.1186,-68.73947225
China,Policy_NoDAC,oil,2050,-21.404487,-75.63075548
China,Policy_NoDAC,oil,2055,-20.866911,-76.85673508
China,Policy_NoDAC,oil,2060,-20.313517,-78.30872041
China,Policy_NoDAC,oil,2065,-19.23484,-78.33306184
China,Policy_NoDAC,oil,2070,-17.57703,-76.06502538
China,Policy_NoDAC,oil,2075,-12.5132,-57.77047303
China,Policy_NoDAC,oil,2080,-7.92348,-39.9457541
China,Policy_NoDAC,oil,2085,-6.21844,-33.84568158
China,Policy_NoDAC,oil,2090,-5.90232,-32.91482871
China,Policy_NoDAC,oil,2095,-6.17651,-35.35612516
China,Policy_NoDAC,oil,2100,-6.9341,-40.67703347
China,Policy_NoDAC,solar,1990,0,0
China,Policy_NoDAC,solar,2005,0,0
China,Policy_NoDAC,solar,2010,0,0
China,Policy_NoDAC,solar,2015,0,0
China,Policy_NoDAC,solar,2020,2.81E-07,2.59E-05
China,Policy_NoDAC,solar,2025,-0.014089628,-0.368662626
China,Policy_NoDAC,solar,2030,-0.039508812,-0.433143149
China,Policy_NoDAC,solar,2035,7.316722353,49.72151916
China,Policy_NoDAC,solar,2040,8.564686187,44.98211135
China,Policy_NoDAC,solar,2045,9.395734447,41.71377584
China,Policy_NoDAC,solar,2050,11.56769392,46.27449013
China,Policy_NoDAC,solar,2055,12.84516882,48.24235862
China,Policy_NoDAC,solar,2060,11.96959331,43.86354123
China,Policy_NoDAC,solar,2065,10.04653579,36.70149091
China,Policy_NoDAC,solar,2070,8.698939323,32.06480655
China,Policy_NoDAC,solar,2075,7.06064379,26.58884079
China,Policy_NoDAC,solar,2080,5.516441183,21.31341818
China,Policy_NoDAC,solar,2085,4.83932778,19.30016866
China,Policy_NoDAC,solar,2090,4.699889059,19.35625135
China,Policy_NoDAC,solar,2095,4.25034119,18.08280205
China,Policy_NoDAC,solar,2100,4.309569967,18.96596604
China,Policy_NoDAC,wind,1990,0,0
China,Policy_NoDAC,wind,2005,0,0
China,Policy_NoDAC,wind,2010,0,0
China,Policy_NoDAC,wind,2015,0,0
China,Policy_NoDAC,wind,2020,1.79E-08,6.28E-07
China,Policy_NoDAC,wind,2025,-0.005352387,-0.117914607
China,Policy_NoDAC,wind,2030,-0.012806228,-0.190375408
China,Policy_NoDAC,wind,2035,8.775030683,93.6774484
China,Policy_NoDAC,wind,2040,12.48682847,99.5516834
China,Policy_NoDAC,wind,2045,14.73068364,97.55568712
China,Policy_NoDAC,wind,2050,17.00996233,95.00589822
China,Policy_NoDAC,wind,2055,17.31050976,83.78363726
China,Policy_NoDAC,wind,2060,15.24235779,66.83678858
China,Policy_NoDAC,wind,2065,9.851343756,40.76453585
China,Policy_NoDAC,wind,2070,5.108619096,20.53890272
China,Policy_NoDAC,wind,2075,1.429139867,5.825292046
China,Policy_NoDAC,wind,2080,-0.223315632,-0.93904546
China,Policy_NoDAC,wind,2085,-1.032454123,-4.529407439
China,Policy_NoDAC,wind,2090,-1.500062376,-6.89622332
China,Policy_NoDAC,wind,2095,0.913797948,4.391054295
China,Policy_NoDAC,wind,2100,2.469659886,12.34361217
Global,Policy_NoDAC,biomass,1990,0,0
Global,Policy_NoDAC,biomass,2005,0,0
Global,Policy_NoDAC,biomass,2010,0,0
Global,Policy_NoDAC,biomass,2015,0,0
Global,Policy_NoDAC,biomass,2020,-0.000242539,-0.000617308
Global,Policy_NoDAC,biomass,2025,4.137180379,9.352229276
Global,Policy_NoDAC,biomass,2030,8.65025119,18.18510256
Global,Policy_NoDAC,biomass,2035,13.39558019,24.82552183
Global,Policy_NoDAC,biomass,2040,19.99569139,32.37268414
Global,Policy_NoDAC,biomass,2045,30.5087833,43.76819456
Global,Policy_NoDAC,biomass,2050,43.1971292,55.5192099
Global,Policy_NoDAC,biomass,2055,52.41028674,62.31238715
Global,Policy_NoDAC,biomass,2060,66.77631102,74.79156398
Global,Policy_NoDAC,biomass,2065,65.93009354,69.8390629
Global,Policy_NoDAC,biomass,2070,66.48216013,66.87287213
Global,Policy_NoDAC,biomass,2075,68.27511655,64.82827331
Global,Policy_NoDAC,biomass,2080,69.74614329,62.46844042
Global,Policy_NoDAC,biomass,2085,71.04813999,60.47811233
Global,Policy_NoDAC,biomass,2090,72.18087136,58.72445657
Global,Policy_NoDAC,biomass,2095,72.82356469,56.83629808
Global,Policy_NoDAC,biomass,2100,72.86735109,54.56618426
Global,Policy_NoDAC,biomass_traditional,1990,0,0
Global,Policy_NoDAC,biomass_traditional,2005,0,0
Global,Policy_NoDAC,biomass_traditional,2010,0,0
Global,Policy_NoDAC,biomass_traditional,2015,0,0
Global,Policy_NoDAC,biomass_traditional,2020,-0.000303131,-0.001215464
Global,Policy_NoDAC,biomass_traditional,2025,0.363103916,1.511786515
Global,Policy_NoDAC,biomass_traditional,2030,0.345218533,1.50888044
Global,Policy_NoDAC,biomass_traditional,2035,2.769030699,12.48059901
Global,Policy_NoDAC,biomass_traditional,2040,3.326139703,15.3799052
Global,Policy_NoDAC,biomass_traditional,2045,3.472130679,16.64125846
Global,Policy_NoDAC,biomass_traditional,2050,3.758446249,18.95635607
Global,Policy_NoDAC,biomass_traditional,2055,4.116078945,22.12478663
Global,Policy_NoDAC,biomass_traditional,2060,4.17672251,24.25255897
Global,Policy_NoDAC,biomass_traditional,2065,3.580655176,22.59318118
Global,Policy_NoDAC,biomass_traditional,2070,3.000052655,20.59748335
Global,Policy_NoDAC,biomass_traditional,2075,2.4342541,18.25103611
Global,Policy_NoDAC,biomass_traditional,2080,2.017968559,16.54931788
Global,Policy_NoDAC,biomass_traditional,2085,1.718416444,15.45012334
Global,Policy_NoDAC,biomass_traditional,2090,1.45676641,14.48369395
Global,Policy_NoDAC,biomass_traditional,2095,1.240462984,14.3092641
Global,Policy_NoDAC,biomass_traditional,2100,1.032045894,13.57917924
Global,Policy_NoDAC,coal,1990,0,0
Global,Policy_NoDAC,coal,2005,0,0
Global,Policy_NoDAC,coal,2010,0,0
Global,Policy_NoDAC,coal,2015,0,0
Global,Policy_NoDAC,coal,2020,0.000470487,0.000214966
Global,Policy_NoDAC,coal,2025,-7.408550287,-3.151295929
Global,Policy_NoDAC,coal,2030,-13.94605437,-5.753431923
Global,Policy_NoDAC,coal,2035,-33.08317381,-13.90013645
Global,Policy_NoDAC,coal,2040,-43.32295813,-18.86571859
Global,Policy_NoDAC,coal,2045,-52.61687382,-24.21596655
Global,Policy_NoDAC,coal,2050,-59.74309506,-29.20452993
Global,Policy_NoDAC,coal,2055,-59.37107715,-30.74684363
Global,Policy_NoDAC,coal,2060,-58.63373085,-31.99535088
Global,Policy_NoDAC,coal,2065,-51.79746037,-29.28538044
Global,Policy_NoDAC,coal,2070,-53.12554072,-30.94070883
Global,Policy_NoDAC,coal,2075,-54.13812582,-32.59448399
Global,Policy_NoDAC,coal,2080,-55.78295343,-34.54823141
Global,Policy_NoDAC,coal,2085,-55.09256693,-35.20391003
Global,Policy_NoDAC,coal,2090,-54.13630476,-35.68198093
Global,Policy_NoDAC,coal,2095,-54.88856679,-37.06154204
Global,Policy_NoDAC,coal,2100,-55.46474231,-38.25698984
Global,Policy_NoDAC,geothermal,1990,0,0
Global,Policy_NoDAC,geothermal,2005,0,0
Global,Policy_NoDAC,geothermal,2010,0,0
Global,Policy_NoDAC,geothermal,2015,0,0
Global,Policy_NoDAC,geothermal,2020,8.35E-05,0.003295791
Global,Policy_NoDAC,geothermal,2025,0.28188848,7.145461194
Global,Policy_NoDAC,geothermal,2030,0.583530207,12.08870046
Global,Policy_NoDAC,geothermal,2035,0.790623747,14.12258009
Global,Policy_NoDAC,geothermal,2040,0.844227914,13.74518799
Global,Policy_NoDAC,geothermal,2045,0.876037188,13.88075449
Global,Policy_NoDAC,geothermal,2050,0.974568041,15.47114397
Global,Policy_NoDAC,geothermal,2055,0.877136241,13.71112899
Global,Policy_NoDAC,geothermal,2060,0.717821886,11.07009444
Global,Policy_NoDAC,geothermal,2065,0.663276877,10.20713461
Global,Policy_NoDAC,geothermal,2070,0.62794013,9.615769055
Global,Policy_NoDAC,geothermal,2075,0.583068243,8.913340019
Global,Policy_NoDAC,geothermal,2080,0.557303759,8.538319261
Global,Policy_NoDAC,geothermal,2085,0.520726293,8.040090577
Global,Policy_NoDAC,geothermal,2090,0.452585263,7.014511035
Global,Policy_NoDAC,geothermal,2095,0.381136081,5.927579235
Global,Policy_NoDAC,geothermal,2100,0.316198503,4.933181143
Global,Policy_NoDAC,hydro,1990,0,0
Global,Policy_NoDAC,hydro,2005,0,0
Global,Policy_NoDAC,hydro,2010,0,0
Global,Policy_NoDAC,hydro,2015,0,0
Global,Policy_NoDAC,hydro,2020,-1.19E-05,-3.30E-05
Global,Policy_NoDAC,hydro,2025,0.084905432,0.235679624
Global,Policy_NoDAC,hydro,2030,0.212501518,0.588193091
Global,Policy_NoDAC,hydro,2035,0.111406965,0.308643741
Global,Policy_NoDAC,hydro,2040,0.306970531,0.850324133
Global,Policy_NoDAC,hydro,2045,0.596352559,1.655574022
Global,Policy_NoDAC,hydro,2050,0.958000337,2.699068574
Global,Policy_NoDAC,hydro,2055,1.461412596,4.131018647
Global,Policy_NoDAC,hydro,2060,1.571704968,4.434873963
Global,Policy_NoDAC,hydro,2065,2.042341507,5.722485845
Global,Policy_NoDAC,hydro,2070,2.411966485,6.695134802
Global,Policy_NoDAC,hydro,2075,2.501772854,6.870249343
Global,Policy_NoDAC,hydro,2080,2.458458378,6.684835677
Global,Policy_NoDAC,hydro,2085,2.5969258,6.999458676
Global,Policy_NoDAC,hydro,2090,2.628579017,6.985551459
Global,Policy_NoDAC,hydro,2095,2.32825987,6.086557807
Global,Policy_NoDAC,hydro,2100,2.030743612,5.218854672
Global,Policy_NoDAC,natural gas,1990,0,0
Global,Policy_NoDAC,natural gas,2005,0,0
Global,Policy_NoDAC,natural gas,2010,0,0
Global,Policy_NoDAC,natural gas,2015,0,0
Global,Policy_NoDAC,natural gas,2020,-0.00027161,-0.000229153
Global,Policy_NoDAC,natural gas,2025,-3.3358402,-2.651031911
Global,Policy_NoDAC,natural gas,2030,-7.52896287,-5.441418331
Global,Policy_NoDAC,natural gas,2035,-15.0150466,-10.24861644
Global,Policy_NoDAC,natural gas,2040,-23.7449893,-15.21526371
Global,Policy_NoDAC,natural gas,2045,-34.510483,-20.20043981
Global,Policy_NoDAC,natural gas,2050,-47.5931651,-25.80194051
Global,Policy_NoDAC,natural gas,2055,-57.2021805,-29.26751092
Global,Policy_NoDAC,natural gas,2060,-65.3631527,-32.01194866
Global,Policy_NoDAC,natural gas,2065,-63.7021348,-30.3145459
Global,Policy_NoDAC,natural gas,2070,-59.9522863,-27.88495686
Global,Policy_NoDAC,natural gas,2075,-58.58210044,-26.29300725
Global,Policy_NoDAC,natural gas,2080,-59.71993842,-25.7075065
Global,Policy_NoDAC,natural gas,2085,-59.36292442,-24.57234284
Global,Policy_NoDAC,natural gas,2090,-58.0577258,-23.24368794
Global,Policy_NoDAC,natural gas,2095,-55.944549,-21.85573266
Global,Policy_NoDAC,natural gas,2100,-52.6887679,-20.14322715
Global,Policy_NoDAC,nuclear,1990,0,0
Global,Policy_NoDAC,nuclear,2005,0,0
Global,Policy_NoDAC,nuclear,2010,0,0
Global,Policy_NoDAC,nuclear,2015,0,0
Global,Policy_NoDAC,nuclear,2020,0.001271938,0.004186851
Global,Policy_NoDAC,nuclear,2025,1.68533209,4.706469135
Global,Policy_NoDAC,nuclear,2030,4.251701149,10.92019968
Global,Policy_NoDAC,nuclear,2035,15.18710206,36.34311821
Global,Policy_NoDAC,nuclear,2040,23.44931445,52.58297023
Global,Policy_NoDAC,nuclear,2045,31.08404041,63.83418727
Global,Policy_NoDAC,nuclear,2050,39.19244931,73.45946482
Global,Policy_NoDAC,nuclear,2055,44.43532864,76.46269968
Global,Policy_NoDAC,nuclear,2060,46.8332668,74.53054425
Global,Policy_NoDAC,nuclear,2065,50.953245,74.22054022
Global,Policy_NoDAC,nuclear,2070,52.07166378,69.82135605
Global,Policy_NoDAC,nuclear,2075,52.47256893,65.86159361
Global,Policy_NoDAC,nuclear,2080,53.36339707,67.87711855
Global,Policy_NoDAC,nuclear,2085,52.82604084,67.21046214
Global,Policy_NoDAC,nuclear,2090,50.90599222,63.81148788
Global,Policy_NoDAC,nuclear,2095,42.06696907,52.43557923
Global,Policy_NoDAC,nuclear,2100,34.89118503,43.50425503
Global,Policy_NoDAC,oil,1990,0,0
Global,Policy_NoDAC,oil,2005,0,0
Global,Policy_NoDAC,oil,2010,0,0
Global,Policy_NoDAC,oil,2015,0,0
Global,Policy_NoDAC,oil,2020,0.000561299,0.000463223
Global,Policy_NoDAC,oil,2025,-2.027069068,-1.580191425
Global,Policy_NoDAC,oil,2030,-4.716198319,-3.537479057
Global,Policy_NoDAC,oil,2035,-26.31985524,-19.39825941
Global,Policy_NoDAC,oil,2040,-37.29527894,-27.07558247
Global,Policy_NoDAC,oil,2045,-45.8617809,-32.78881517
Global,Policy_NoDAC,oil,2050,-53.77646452,-38.06722739
Global,Policy_NoDAC,oil,2055,-57.6400643,-40.20550081
Global,Policy_NoDAC,oil,2060,-63.84348359,-43.63210443
Global,Policy_NoDAC,oil,2065,-68.23456217,-46.10736973
Global,Policy_NoDAC,oil,2070,-72.34458287,-48.69857555
Global,Policy_NoDAC,oil,2075,-71.89505177,-48.53929527
Global,Policy_NoDAC,oil,2080,-70.3604644,-48.14235018
Global,Policy_NoDAC,oil,2085,-69.94655572,-48.94938937
Global,Policy_NoDAC,oil,2090,-70.65665839,-50.27956812
Global,Policy_NoDAC,oil,2095,-71.92791878,-51.98354594
Global,Policy_NoDAC,oil,2100,-72.60915437,-53.19025768
Global,Policy_NoDAC,solar,1990,0,0
Global,Policy_NoDAC,solar,2005,0,0
Global,Policy_NoDAC,solar,2010,0,0
Global,Policy_NoDAC,solar,2015,0,0
Global,Policy_NoDAC,solar,2020,0.000566475,0.006585354
Global,Policy_NoDAC,solar,2025,2.47188904,10.6547227
Global,Policy_NoDAC,solar,2030,4.784979774,11.87571074
Global,Policy_NoDAC,solar,2035,17.48431961,30.03748364
Global,Policy_NoDAC,solar,2040,24.69539652,33.22229114
Global,Policy_NoDAC,solar,2045,32.42518099,36.36388634
Global,Policy_NoDAC,solar,2050,42.84407725,41.8656444
Global,Policy_NoDAC,solar,2055,51.2406312,44.74119126
Global,Policy_NoDAC,solar,2060,56.85265414,45.02942198
Global,Policy_NoDAC,solar,2065,59.05309272,42.74700621
Global,Policy_NoDAC,solar,2070,61.9556262,41.25650942
Global,Policy_NoDAC,solar,2075,62.71965604,38.94013811
Global,Policy_NoDAC,solar,2080,62.72905806,36.62427319
Global,Policy_NoDAC,solar,2085,62.05050213,34.58880295
Global,Policy_NoDAC,solar,2090,59.79110979,31.99332073
Global,Policy_NoDAC,solar,2095,57.43977658,29.68892544
Global,Policy_NoDAC,solar,2100,54.72969146,27.41276582
Global,Policy_NoDAC,wind,1990,0,0
Global,Policy_NoDAC,wind,2005,0,0
Global,Policy_NoDAC,wind,2010,0,0
Global,Policy_NoDAC,wind,2015,0,0
Global,Policy_NoDAC,wind,2020,0.000931646,0.00509922
Global,Policy_NoDAC,wind,2025,2.998867843,10.30330779
Global,Policy_NoDAC,wind,2030,7.272650704,18.3808731
Global,Policy_NoDAC,wind,2035,24.29391585,46.37430158
Global,Policy_NoDAC,wind,2040,37.02229722,55.5812712
Global,Policy_NoDAC,wind,2045,47.49952993,60.69921529
Global,Policy_NoDAC,wind,2050,57.79191867,64.83564386
Global,Policy_NoDAC,wind,2055,63.1121797,61.68951827
Global,Policy_NoDAC,wind,2060,64.80084214,55.6864781
Global,Policy_NoDAC,wind,2065,57.92317208,44.56644175
Global,Policy_NoDAC,wind,2070,52.38880988,36.41407665
Global,Policy_NoDAC,wind,2075,47.08007862,30.45560777
Global,Policy_NoDAC,wind,2080,44.80067817,27.18579375
Global,Policy_NoDAC,wind,2085,42.93016463,24.81164119
Global,Policy_NoDAC,wind,2090,40.96516565,22.80860402
Global,Policy_NoDAC,wind,2095,42.74106099,23.06984524
Global,Policy_NoDAC,wind,2100,42.85449256,22.51614075
Taiwan,Policy_NoDAC,biomass,1990,0,NA
Taiwan,Policy_NoDAC,biomass,2005,0,0
Taiwan,Policy_NoDAC,biomass,2010,0,0
Taiwan,Policy_NoDAC,biomass,2015,0,0
Taiwan,Policy_NoDAC,biomass,2020,5.00E-07,0.000712505
Taiwan,Policy_NoDAC,biomass,2025,-0.005456551,-7.259425854
Taiwan,Policy_NoDAC,biomass,2030,-0.013508103,-15.97682583
Taiwan,Policy_NoDAC,biomass,2035,-0.007315477,-6.650407035
Taiwan,Policy_NoDAC,biomass,2040,-0.020860773,-13.59354396
Taiwan,Policy_NoDAC,biomass,2045,-0.021668156,-10.19777085
Taiwan,Policy_NoDAC,biomass,2050,0.034427567,12.5795539
Taiwan,Policy_NoDAC,biomass,2055,0.325466529,106.7366554
Taiwan,Policy_NoDAC,biomass,2060,0.894382714,283.6801751
Taiwan,Policy_NoDAC,biomass,2065,0.888983154,261.6269167
Taiwan,Policy_NoDAC,biomass,2070,0.943209211,269.3002415
Taiwan,Policy_NoDAC,biomass,2075,0.765058967,199.7271265
Taiwan,Policy_NoDAC,biomass,2080,0.697692038,162.4280304
Taiwan,Policy_NoDAC,biomass,2085,0.72129583,151.5235982
Taiwan,Policy_NoDAC,biomass,2090,0.71692983,138.0465651
Taiwan,Policy_NoDAC,biomass,2095,0.65357719,115.5751653
Taiwan,Policy_NoDAC,biomass,2100,0.582576611,94.32759494
Taiwan,Policy_NoDAC,coal,1990,0,0
Taiwan,Policy_NoDAC,coal,2005,0,0
Taiwan,Policy_NoDAC,coal,2010,0,0
Taiwan,Policy_NoDAC,coal,2015,0,0
Taiwan,Policy_NoDAC,coal,2020,2.00E-07,9.92E-06
Taiwan,Policy_NoDAC,coal,2025,-0.0022011,-0.109272055
Taiwan,Policy_NoDAC,coal,2030,-0.0010864,-0.055151861
Taiwan,Policy_NoDAC,coal,2035,-0.044763,-2.348184887
Taiwan,Policy_NoDAC,coal,2040,-0.0647186,-3.563176004
Taiwan,Policy_NoDAC,coal,2045,-0.0790596,-4.663407456
Taiwan,Policy_NoDAC,coal,2050,-0.14649875,-9.337734195
Taiwan,Policy_NoDAC,coal,2055,-0.32784948,-22.19647934
Taiwan,Policy_NoDAC,coal,2060,-0.68555251,-48.56375015
Taiwan,Policy_NoDAC,coal,2065,-0.6733816,-49.3665926
Taiwan,Policy_NoDAC,coal,2070,-0.7412057,-56.63848875
Taiwan,Policy_NoDAC,coal,2075,-0.6383066,-52.07302842
Taiwan,Policy_NoDAC,coal,2080,-0.6056016,-53.72703721
Taiwan,Policy_NoDAC,coal,2085,-0.6097143,-59.18087706
Taiwan,Policy_NoDAC,coal,2090,-0.6086468,-64.2564503
Taiwan,Policy_NoDAC,coal,2095,-0.5830199,-66.62204399
Taiwan,Policy_NoDAC,coal,2100,-0.5450897,-67.88247629
Taiwan,Policy_NoDAC,geothermal,1990,0,0
Taiwan,Policy_NoDAC,geothermal,2005,0,NA
Taiwan,Policy_NoDAC,geothermal,2010,0,NA
Taiwan,Policy_NoDAC,geothermal,2015,0,NA
Taiwan,Policy_NoDAC,geothermal,2020,2.46E-08,0.000448603
Taiwan,Policy_NoDAC,geothermal,2025,-1.35E-06,-0.020323694
Taiwan,Policy_NoDAC,geothermal,2030,-7.26E-06,-0.110309291
Taiwan,Policy_NoDAC,geothermal,2035,-0.000124832,-1.921498664
Taiwan,Policy_NoDAC,geothermal,2040,-0.000264031,-4.127137911
Taiwan,Policy_NoDAC,geothermal,2045,-0.000491007,-7.818603641
Taiwan,Policy_NoDAC,geothermal,2050,-0.000694721,-11.2835167
Taiwan,Policy_NoDAC,geothermal,2055,-0.000437681,-7.261889392
Taiwan,Policy_NoDAC,geothermal,2060,-0.000201585,-3.424272385
Taiwan,Policy_NoDAC,geothermal,2065,-5.72E-05,-0.995745737
Taiwan,Policy_NoDAC,geothermal,2070,7.61E-06,0.135781131
Taiwan,Policy_NoDAC,geothermal,2075,-8.26E-05,-1.512552013
Taiwan,Policy_NoDAC,geothermal,2080,2.16E-05,0.412625406
Taiwan,Policy_NoDAC,geothermal,2085,0.000129932,2.539257814
Taiwan,Policy_NoDAC,geothermal,2090,0.000245378,4.882877742
Taiwan,Policy_NoDAC,geothermal,2095,0.000273871,5.502582447
Taiwan,Policy_NoDAC,geothermal,2100,0.000238209,4.788739484
Taiwan,Policy_NoDAC,hydro,1990,0,0
Taiwan,Policy_NoDAC,hydro,2005,0,0
Taiwan,Policy_NoDAC,hydro,2010,0,0
Taiwan,Policy_NoDAC,hydro,2015,0,0
Taiwan,Policy_NoDAC,hydro,2020,-1.05E-08,-2.86E-05
Taiwan,Policy_NoDAC,hydro,2025,-7.82E-06,-0.020678554
Taiwan,Policy_NoDAC,hydro,2030,-4.29E-05,-0.109858132
Taiwan,Policy_NoDAC,hydro,2035,-0.000715553,-1.784062339
Taiwan,Policy_NoDAC,hydro,2040,-0.001641281,-3.995882702
Taiwan,Policy_NoDAC,hydro,2045,-0.003212849,-7.672852624
Taiwan,Policy_NoDAC,hydro,2050,-0.004747436,-11.14879396
Taiwan,Policy_NoDAC,hydro,2055,-0.003085858,-7.147501024
Taiwan,Policy_NoDAC,hydro,2060,-0.001486945,-3.408009222
Taiwan,Policy_NoDAC,hydro,2065,-0.000456249,-1.035941024
Taiwan,Policy_NoDAC,hydro,2070,5.25E-05,0.118370616
Taiwan,Policy_NoDAC,hydro,2075,-0.000665488,-1.495393901
Taiwan,Policy_NoDAC,hydro,2080,0.000191367,0.434565899
Taiwan,Policy_NoDAC,hydro,2085,0.001128877,2.551780414
Taiwan,Policy_NoDAC,hydro,2090,0.002160383,4.834784936
Taiwan,Policy_NoDAC,hydro,2095,0.00249207,5.478555627
Taiwan,Policy_NoDAC,hydro,2100,0.0022349,4.787309954
Taiwan,Policy_NoDAC,natural gas,1990,0,0
Taiwan,Policy_NoDAC,natural gas,2005,0,0
Taiwan,Policy_NoDAC,natural gas,2010,0,0
Taiwan,Policy_NoDAC,natural gas,2015,0,0
Taiwan,Policy_NoDAC,natural gas,2020,2.10E-06,0.000223623
Taiwan,Policy_NoDAC,natural gas,2025,-0.003506,-0.323953527
Taiwan,Policy_NoDAC,natural gas,2030,0.0001826,0.015620382
Taiwan,Policy_NoDAC,natural gas,2035,0.0207731,1.684924046
Taiwan,Policy_NoDAC,natural gas,2040,0.0270098,2.105762613
Taiwan,Policy_NoDAC,natural gas,2045,0.0047214,0.349330878
Taiwan,Policy_NoDAC,natural gas,2050,-0.2795159,-19.76256295
Taiwan,Policy_NoDAC,natural gas,2055,-0.7615528,-52.38183247
Taiwan,Policy_NoDAC,natural gas,2060,-0.8926781,-61.80413514
Taiwan,Policy_NoDAC,natural gas,2065,-0.6944074,-54.8543358
Taiwan,Policy_NoDAC,natural gas,2070,-0.5839388,-49.08435063
Taiwan,Policy_NoDAC,natural gas,2075,-0.5034008,-43.96944015
Taiwan,Policy_NoDAC,natural gas,2080,-0.4229007,-37.93525452
Taiwan,Policy_NoDAC,natural gas,2085,-0.334677,-31.16329871
Taiwan,Policy_NoDAC,natural gas,2090,-0.2631318,-25.73990093
Taiwan,Policy_NoDAC,natural gas,2095,-0.2388142,-24.8359655
Taiwan,Policy_NoDAC,natural gas,2100,-0.212686,-23.60358461
Taiwan,Policy_NoDAC,nuclear,1990,0,0
Taiwan,Policy_NoDAC,nuclear,2005,0,0
Taiwan,Policy_NoDAC,nuclear,2010,0,0
Taiwan,Policy_NoDAC,nuclear,2015,0,0
Taiwan,Policy_NoDAC,nuclear,2020,-5.43E-08,-1.99E-05
Taiwan,Policy_NoDAC,nuclear,2025,-0.000227327,-0.085433061
Taiwan,Policy_NoDAC,nuclear,2030,-0.000379597,-0.14895624
Taiwan,Policy_NoDAC,nuclear,2035,0.033422035,13.90750617
Taiwan,Policy_NoDAC,nuclear,2040,0.071410783,32.01367857
Taiwan,Policy_NoDAC,nuclear,2045,0.129846635,62.86981036
Taiwan,Policy_NoDAC,nuclear,2050,0.225293404,115.989779
Taiwan,Policy_NoDAC,nuclear,2055,0.318556845,170.1439823
Taiwan,Policy_NoDAC,nuclear,2060,0.342810875,180.0317789
Taiwan,Policy_NoDAC,nuclear,2065,0.33416382,151.3858477
Taiwan,Policy_NoDAC,nuclear,2070,0.325381643,131.6137509
Taiwan,Policy_NoDAC,nuclear,2075,0.313884456,119.6746585
Taiwan,Policy_NoDAC,nuclear,2080,0.323949341,114.3771923
Taiwan,Policy_NoDAC,nuclear,2085,0.333105694,110.2820212
Taiwan,Policy_NoDAC,nuclear,2090,0.3266975,101.1033484
Taiwan,Policy_NoDAC,nuclear,2095,0.285820767,82.05431435
Taiwan,Policy_NoDAC,nuclear,2100,0.242139529,65.4905276
Taiwan,Policy_NoDAC,oil,1990,0,0
Taiwan,Policy_NoDAC,oil,2005,0,0
Taiwan,Policy_NoDAC,oil,2010,0,0
Taiwan,Policy_NoDAC,oil,2015,0,0
Taiwan,Policy_NoDAC,oil,2020,0,0
Taiwan,Policy_NoDAC,oil,2025,0.0102488,0.515165328
Taiwan,Policy_NoDAC,oil,2030,0.0136,0.668058455
Taiwan,Policy_NoDAC,oil,2035,-0.3888494,-19.67942504
Taiwan,Policy_NoDAC,oil,2040,-0.6343589,-33.77469022
Taiwan,Policy_NoDAC,oil,2045,-1.0168281,-58.03556966
Taiwan,Policy_NoDAC,oil,2050,-1.3380323,-83.61543279
Taiwan,Policy_NoDAC,oil,2055,-1.23501362,-87.10259755
Taiwan,Policy_NoDAC,oil,2060,-1.08800172,-89.17099626
Taiwan,Policy_NoDAC,oil,2065,-0.92116057,-87.6500753
Taiwan,Policy_NoDAC,oil,2070,-0.72563878,-84.04107323
Taiwan,Policy_NoDAC,oil,2075,-0.5365714,-78.11376218
Taiwan,Policy_NoDAC,oil,2080,-0.3099964,-65.91228122
Taiwan,Policy_NoDAC,oil,2085,-0.19428676,-55.07351809
Taiwan,Policy_NoDAC,oil,2090,-0.12255949,-45.20505387
Taiwan,Policy_NoDAC,oil,2095,-0.07501239,-33.80346487
Taiwan,Policy_NoDAC,oil,2100,-0.04805996,-24.21166433
Taiwan,Policy_NoDAC,solar,1990,0,NA
Taiwan,Policy_NoDAC,solar,2005,0,0
Taiwan,Policy_NoDAC,solar,2010,0,0
Taiwan,Policy_NoDAC,solar,2015,0,0
Taiwan,Policy_NoDAC,solar,2020,6.07E-08,0.000237414
Taiwan,Policy_NoDAC,solar,2025,-0.000719139,-1.172952603
Taiwan,Policy_NoDAC,solar,2030,-0.001183712,-0.914713818
Taiwan,Policy_NoDAC,solar,2035,0.186628037,75.12460618
Taiwan,Policy_NoDAC,solar,2040,0.240209652,62.53571252
Taiwan,Policy_NoDAC,solar,2045,0.345460111,69.73545376
Taiwan,Policy_NoDAC,solar,2050,0.603998216,103.2995293
Taiwan,Policy_NoDAC,solar,2055,0.915780114,138.1590609
Taiwan,Policy_NoDAC,solar,2060,1.00009458,133.6554161
Taiwan,Policy_NoDAC,solar,2065,0.87713862,95.86897238
Taiwan,Policy_NoDAC,solar,2070,0.763617009,72.99084022
Taiwan,Policy_NoDAC,solar,2075,0.605331654,52.12899071
Taiwan,Policy_NoDAC,solar,2080,0.391024223,30.99230232
Taiwan,Policy_NoDAC,solar,2085,0.186315306,13.81361085
Taiwan,Policy_NoDAC,solar,2090,0.078371129,5.44129231
Taiwan,Policy_NoDAC,solar,2095,0.060896667,4.087335646
Taiwan,Policy_NoDAC,solar,2100,0.063182269,4.09173887
Taiwan,Policy_NoDAC,wind,1990,0,NA
Taiwan,Policy_NoDAC,wind,2005,0,0
Taiwan,Policy_NoDAC,wind,2010,0,0
Taiwan,Policy_NoDAC,wind,2015,0,0
Taiwan,Policy_NoDAC,wind,2020,2.06E-07,0.000478467
Taiwan,Policy_NoDAC,wind,2025,-0.000493776,-0.695365726
Taiwan,Policy_NoDAC,wind,2030,-0.000293573,-0.294143775
Taiwan,Policy_NoDAC,wind,2035,0.076471566,56.32418794
Taiwan,Policy_NoDAC,wind,2040,0.141188715,78.33041305
Taiwan,Policy_NoDAC,wind,2045,0.227005571,100.7299563
Taiwan,Policy_NoDAC,wind,2050,0.35598624,134.0924048
Taiwan,Policy_NoDAC,wind,2055,0.471088118,147.6937861
Taiwan,Policy_NoDAC,wind,2060,0.453135123,115.9810886
Taiwan,Policy_NoDAC,wind,2065,0.291766621,55.60613983
Taiwan,Policy_NoDAC,wind,2070,0.152369437,24.69809533
Taiwan,Policy_NoDAC,wind,2075,0.013774609,2.016122342
Taiwan,Policy_NoDAC,wind,2080,-0.024227286,-3.336413061
Taiwan,Policy_NoDAC,wind,2085,0.011336814,1.52073796
Taiwan,Policy_NoDAC,wind,2090,0.038862327,5.289049293
Taiwan,Policy_NoDAC,wind,2095,0.052943148,7.11536525
Taiwan,Policy_NoDAC,wind,2100,0.032457423,4.26868698
China,NoDAC,biomass,1990,0,0
China,NoDAC,biomass,2005,0,0
China,NoDAC,biomass,2010,0,0
China,NoDAC,biomass,2015,0,0
China,NoDAC,biomass,2020,-1.00E-05,-0.000393906
China,NoDAC,biomass,2025,-8.03E-05,-0.002282907
China,NoDAC,biomass,2030,-0.0008758,-0.021756359
China,NoDAC,biomass,2035,-0.04292648,-0.660465993
China,NoDAC,biomass,2040,-0.44456808,-5.831174733
China,NoDAC,biomass,2045,-2.41606414,-24.6635099
China,NoDAC,biomass,2050,-4.81873451,-33.99169761
China,NoDAC,biomass,2055,6.14186458,30.37748475
China,NoDAC,biomass,2060,23.89192971,94.43572308
China,NoDAC,biomass,2065,22.05891444,88.15816819
China,NoDAC,biomass,2070,21.54646107,91.49213357
China,NoDAC,biomass,2075,21.56694982,98.24295311
China,NoDAC,biomass,2080,21.64333531,107.4703661
China,NoDAC,biomass,2085,21.5197761,118.0159717
China,NoDAC,biomass,2090,21.76198264,134.5182059
China,NoDAC,biomass,2095,21.21759928,140.8510898
China,NoDAC,biomass,2100,20.41546858,141.0738972
China,NoDAC,biomass_traditional,1990,0,0
China,NoDAC,biomass_traditional,2005,0,0
China,NoDAC,biomass_traditional,2010,0,0
China,NoDAC,biomass_traditional,2015,0,0
China,NoDAC,biomass_traditional,2020,0,0
China,NoDAC,biomass_traditional,2025,-1.00E-05,-0.000426256
China,NoDAC,biomass_traditional,2030,-3.50E-05,-0.001881663
China,NoDAC,biomass_traditional,2035,-0.000607,-0.025082966
China,NoDAC,biomass_traditional,2040,-0.006888,-0.299263442
China,NoDAC,biomass_traditional,2045,-0.011748,-0.539885736
China,NoDAC,biomass_traditional,2050,0.24325,11.5687567
China,NoDAC,biomass_traditional,2055,0.699033,35.61893513
China,NoDAC,biomass_traditional,2060,1.02751,58.73616998
China,NoDAC,biomass_traditional,2065,1.160304,89.83504104
China,NoDAC,biomass_traditional,2070,1.129515,109.9437683
China,NoDAC,biomass_traditional,2075,0.981866,114.4847657
China,NoDAC,biomass_traditional,2080,0.875076,118.9665087
China,NoDAC,biomass_traditional,2085,0.846589,131.73243
China,NoDAC,biomass_traditional,2090,0.819108,146.3848252
China,NoDAC,biomass_traditional,2095,0.751241,152.5867444
China,NoDAC,biomass_traditional,2100,0.6861632,157.5724368
China,NoDAC,coal,1990,0,0
China,NoDAC,coal,2005,0,0
China,NoDAC,coal,2010,0,0
China,NoDAC,coal,2015,0,0
China,NoDAC,coal,2020,0,0
China,NoDAC,coal,2025,-0.0001,-9.45E-05
China,NoDAC,coal,2030,-0.0004,-0.000374445
China,NoDAC,coal,2035,-0.0098,-0.010911706
China,NoDAC,coal,2040,0.0166,0.021644542
China,NoDAC,coal,2045,0.1687,0.269113091
China,NoDAC,coal,2050,-2.568,-4.923454471
China,NoDAC,coal,2055,-8.4364,-18.08957733
China,NoDAC,coal,2060,-15.69682,-36.47310319
China,NoDAC,coal,2065,-12.67504,-30.63327912
China,NoDAC,coal,2070,-8.93996,-24.31609983
China,NoDAC,coal,2075,-11.42707,-32.88867079
China,NoDAC,coal,2080,-13.95942,-42.57984816
China,NoDAC,coal,2085,-13.95759,-44.82868375
China,NoDAC,coal,2090,-14.41716,-47.93225658
China,NoDAC,coal,2095,-15.19882,-51.69297431
China,NoDAC,coal,2100,-14.68594,-52.22707455
China,NoDAC,geothermal,1990,0,0
China,NoDAC,geothermal,2005,0,0
China,NoDAC,geothermal,2010,0,0
China,NoDAC,geothermal,2015,0,0
China,NoDAC,geothermal,2020,-1.51E-09,-9.68E-07
China,NoDAC,geothermal,2025,-3.94E-08,-1.31E-05
China,NoDAC,geothermal,2030,-7.61E-07,-0.000258116
China,NoDAC,geothermal,2035,-2.97E-05,-0.010429391
China,NoDAC,geothermal,2040,-0.000337486,-0.122693895
China,NoDAC,geothermal,2045,-0.002075136,-0.781969684
China,NoDAC,geothermal,2050,-0.003702529,-1.421412434
China,NoDAC,geothermal,2055,0.001534696,0.590906358
China,NoDAC,geothermal,2060,0.004878039,1.8794687
China,NoDAC,geothermal,2065,0.010381112,4.042932539
China,NoDAC,geothermal,2070,0.012732579,5.004122865
China,NoDAC,geothermal,2075,0.011623236,4.605862333
China,NoDAC,geothermal,2080,0.007003297,2.771433787
China,NoDAC,geothermal,2085,0.009420479,3.711780072
China,NoDAC,geothermal,2090,0.012683221,4.970163015
China,NoDAC,geothermal,2095,0.01500344,6.013272313
China,NoDAC,geothermal,2100,0.01661075,6.763725305
China,NoDAC,hydro,1990,0,0
China,NoDAC,hydro,2005,0,0
China,NoDAC,hydro,2010,0,0
China,NoDAC,hydro,2015,0,0
China,NoDAC,hydro,2020,-1.06E-07,-9.68E-07
China,NoDAC,hydro,2025,-1.40E-06,-1.31E-05
China,NoDAC,hydro,2030,-1.51E-05,-0.000144347
China,NoDAC,hydro,2035,-0.001059997,-0.010476097
China,NoDAC,hydro,2040,-0.012789467,-0.130747436
China,NoDAC,hydro,2045,-0.072961669,-0.773187008
China,NoDAC,hydro,2050,-0.12811251,-1.383400803
China,NoDAC,hydro,2055,0.05462679,0.591699361
China,NoDAC,hydro,2060,0.168334557,1.824623342
China,NoDAC,hydro,2065,0.370741673,4.06023857
China,NoDAC,hydro,2070,0.451836384,4.996358211
China,NoDAC,hydro,2075,0.413900518,4.614941701
China,NoDAC,hydro,2080,0.253366752,2.821940395
China,NoDAC,hydro,2085,0.333304841,3.696790137
China,NoDAC,hydro,2090,0.447174666,4.933140415
China,NoDAC,hydro,2095,0.533951414,6.016523545
China,NoDAC,hydro,2100,0.589331479,6.749724974
China,NoDAC,natural gas,1990,0,0
China,NoDAC,natural gas,2005,0,0
China,NoDAC,natural gas,2010,0,0
China,NoDAC,natural gas,2015,0,0
China,NoDAC,natural gas,2020,-1.00E-05,-0.000123466
China,NoDAC,natural gas,2025,5.00E-05,0.000539885
China,NoDAC,natural gas,2030,0.00061,0.005756531
China,NoDAC,natural gas,2035,0.01981,0.163478789
China,NoDAC,natural gas,2040,0.16594,1.251663202
China,NoDAC,natural gas,2045,0.41158,2.859610349
China,NoDAC,natural gas,2050,-1.95038,-12.39360259
China,NoDAC,natural gas,2055,-8.05114,-42.41105081
China,NoDAC,natural gas,2060,-15.22616,-64.09638351
China,NoDAC,natural gas,2065,-17.02439,-66.11336567
China,NoDAC,natural gas,2070,-17.60572,-66.24594093
China,NoDAC,natural gas,2075,-17.71854,-66.21723434
China,NoDAC,natural gas,2080,-17.14206,-65.26678495
China,NoDAC,natural gas,2085,-15.94764,-62.01422455
China,NoDAC,natural gas,2090,-14.62104,-58.50873367
China,NoDAC,natural gas,2095,-13.50292,-54.80192374
China,NoDAC,natural gas,2100,-12.73654,-52.55048424
China,NoDAC,nuclear,1990,0,NA
China,NoDAC,nuclear,2005,0,0
China,NoDAC,nuclear,2010,0,0
China,NoDAC,nuclear,2015,0,0
China,NoDAC,nuclear,2020,2.49E-07,9.90E-06
China,NoDAC,nuclear,2025,-4.80E-07,-1.31E-05
China,NoDAC,nuclear,2030,-2.83E-05,-0.000572328
China,NoDAC,nuclear,2035,0.005222582,0.039962937
China,NoDAC,nuclear,2040,0.053132091,0.286898609
China,NoDAC,nuclear,2045,0.306503496,1.276895627
China,NoDAC,nuclear,2050,1.92469892,6.793063775
China,NoDAC,nuclear,2055,2.519833027,7.957539855
China,NoDAC,nuclear,2060,1.505233554,4.365013036
China,NoDAC,nuclear,2065,2.814069324,7.533666489
China,NoDAC,nuclear,2070,3.129445643,8.102551032
China,NoDAC,nuclear,2075,3.11251418,7.866764233
China,NoDAC,nuclear,2080,2.990535049,7.519935692
China,NoDAC,nuclear,2085,3.181525906,8.046935735
China,NoDAC,nuclear,2090,3.273577819,8.379901082
China,NoDAC,nuclear,2095,3.248953206,9.852234213
China,NoDAC,nuclear,2100,2.874930717,10.11652763
China,NoDAC,oil,1990,0,0
China,NoDAC,oil,2005,0,0
China,NoDAC,oil,2010,0,0
China,NoDAC,oil,2015,0,0
China,NoDAC,oil,2020,0,0
China,NoDAC,oil,2025,0.0002,0.000783857
China,NoDAC,oil,2030,0.0008,0.002819439
China,NoDAC,oil,2035,0.00465,0.030378913
China,NoDAC,oil,2040,-0.06605,-0.568130991
China,NoDAC,oil,2045,-0.36327,-3.818841806
China,NoDAC,oil,2050,-1.183941,-14.65136793
China,NoDAC,oil,2055,-1.419352,-18.42634425
China,NoDAC,oil,2060,-2.782977,-33.09222855
China,NoDAC,oil,2065,-7.7162,-59.18892714
China,NoDAC,oil,2070,-13.05275,-70.23792996
China,NoDAC,oil,2075,-11.19214,-55.02759704
China,NoDAC,oil,2080,-9.43564,-44.19967247
China,NoDAC,oil,2085,-9.62387,-44.19007868
China,NoDAC,oil,2090,-10.05032,-45.51754747
China,NoDAC,oil,2095,-7.5535,-40.07925117
China,NoDAC,oil,2100,-6.40107,-38.76220275
China,NoDAC,solar,1990,0,0
China,NoDAC,solar,2005,0,0
China,NoDAC,solar,2010,0,0
China,NoDAC,solar,2015,0,0
China,NoDAC,solar,2020,-8.68E-09,-8.02E-07
China,NoDAC,solar,2025,-5.84E-06,-0.000153271
China,NoDAC,solar,2030,-9.43E-05,-0.001038117
China,NoDAC,solar,2035,0.00157716,0.00715897
China,NoDAC,solar,2040,0.002525196,0.009148476
China,NoDAC,solar,2045,0.019554408,0.06129817
China,NoDAC,solar,2050,1.059997741,2.985430667
China,NoDAC,solar,2055,1.333628261,3.496860991
China,NoDAC,solar,2060,-0.52592641,-1.321962193
China,NoDAC,solar,2065,1.534306131,4.27551551
China,NoDAC,solar,2070,2.03629264,6.025980354
China,NoDAC,solar,2075,1.716141698,5.379853025
China,NoDAC,solar,2080,0.920707395,3.020870593
China,NoDAC,solar,2085,0.817136784,2.808396042
China,NoDAC,solar,2090,1.350844095,4.889042654
China,NoDAC,solar,2095,1.117747969,4.196148405
China,NoDAC,solar,2100,1.127781072,4.353621028
China,NoDAC,wind,1990,0,0
China,NoDAC,wind,2005,0,0
China,NoDAC,wind,2010,0,0
China,NoDAC,wind,2015,0,0
China,NoDAC,wind,2020,-2.21E-08,-7.76E-07
China,NoDAC,wind,2025,-3.26E-06,-7.19E-05
China,NoDAC,wind,2030,-3.90E-05,-0.000581399
China,NoDAC,wind,2035,0.005442687,0.030008968
China,NoDAC,wind,2040,0.046501229,0.186128591
China,NoDAC,wind,2045,0.219474805,0.741194041
China,NoDAC,wind,2050,1.572956702,4.717768382
China,NoDAC,wind,2055,2.103767429,5.865352041
China,NoDAC,wind,2060,0.6501219,1.738406463
China,NoDAC,wind,2065,1.813984247,5.632823936
China,NoDAC,wind,2070,1.505247102,5.285971157
China,NoDAC,wind,2075,0.974399959,3.899455993
China,NoDAC,wind,2080,0.749823936,3.287549167
China,NoDAC,wind,2085,0.728209759,3.462093272
China,NoDAC,wind,2090,1.12319583,5.871788905
China,NoDAC,wind,2095,0.83067199,3.975730062
China,NoDAC,wind,2100,0.597797735,2.732232984
Global,NoDAC,biomass,1990,0,0
Global,NoDAC,biomass,2005,0,0
Global,NoDAC,biomass,2010,0,0
Global,NoDAC,biomass,2015,0,0
Global,NoDAC,biomass,2020,8.40E-05,0.000213756
Global,NoDAC,biomass,2025,0.001051511,0.002173733
Global,NoDAC,biomass,2030,0.01204584,0.021431594
Global,NoDAC,biomass,2035,0.17890553,0.266325242
Global,NoDAC,biomass,2040,2.052202169,2.574564237
Global,NoDAC,biomass,2045,8.206325604,8.919159963
Global,NoDAC,biomass,2050,18.34125385,17.86573757
Global,NoDAC,biomass,2055,28.61839905,26.52287321
Global,NoDAC,biomass,2060,43.85750748,39.08798524
Global,NoDAC,biomass,2065,46.0690446,40.3180961
Global,NoDAC,biomass,2070,50.09226109,43.25545964
Global,NoDAC,biomass,2075,55.8674538,47.45607943
Global,NoDAC,biomass,2080,60.95773667,50.61311705
Global,NoDAC,biomass,2085,65.20323472,52.87219681
Global,NoDAC,biomass,2090,68.97785174,54.69331517
Global,NoDAC,biomass,2095,72.16434955,56.03351371
Global,NoDAC,biomass,2100,74.79770296,56.83325589
Global,NoDAC,biomass_traditional,1990,0,0
Global,NoDAC,biomass_traditional,2005,0,0
Global,NoDAC,biomass_traditional,2010,0,0
Global,NoDAC,biomass_traditional,2015,0,0
Global,NoDAC,biomass_traditional,2020,-0.000175811,-0.000704952
Global,NoDAC,biomass_traditional,2025,-0.000102964,-0.000422307
Global,NoDAC,biomass_traditional,2030,8.10E-05,0.000348672
Global,NoDAC,biomass_traditional,2035,0.00660387,0.026469362
Global,NoDAC,biomass_traditional,2040,0.054859081,0.220336973
Global,NoDAC,biomass_traditional,2045,0.206373496,0.855244549
Global,NoDAC,biomass_traditional,2050,0.685185259,2.992062266
Global,NoDAC,biomass_traditional,2055,1.261855629,5.880542663
Global,NoDAC,biomass_traditional,2060,1.687963206,8.563759332
Global,NoDAC,biomass_traditional,2065,1.7559753,9.935882339
Global,NoDAC,biomass_traditional,2070,1.634408978,10.2594375
Global,NoDAC,biomass_traditional,2075,1.394064965,9.695947518
Global,NoDAC,biomass_traditional,2080,1.235516969,9.521468601
Global,NoDAC,biomass_traditional,2085,1.133203556,9.679245674
Global,NoDAC,biomass_traditional,2090,1.003876904,9.550849426
Global,NoDAC,biomass_traditional,2095,0.909756172,10.10878712
Global,NoDAC,biomass_traditional,2100,0.796487735,10.16477136
Global,NoDAC,coal,1990,0,0
Global,NoDAC,coal,2005,0,0
Global,NoDAC,coal,2010,0,0
Global,NoDAC,coal,2015,0,0
Global,NoDAC,coal,2020,0.000225577,0.000103066
Global,NoDAC,coal,2025,-0.000995234,-0.000437105
Global,NoDAC,coal,2030,-0.009354063,-0.004094422
Global,NoDAC,coal,2035,-0.166252012,-0.081063275
Global,NoDAC,coal,2040,-1.228826383,-0.655218934
Global,NoDAC,coal,2045,-4.564736918,-2.697363107
Global,NoDAC,coal,2050,-13.51308637,-8.534334911
Global,NoDAC,coal,2055,-22.39679767,-14.34568277
Global,NoDAC,coal,2060,-30.12549895,-19.46735526
Global,NoDAC,coal,2065,-32.33189448,-20.54046857
Global,NoDAC,coal,2070,-38.60413689,-24.56050953
Global,NoDAC,coal,2075,-46.40800782,-29.30430134
Global,NoDAC,coal,2080,-54.32314646,-33.95107861
Global,NoDAC,coal,2085,-59.35899899,-36.92352086
Global,NoDAC,coal,2090,-63.24019694,-39.32290984
Global,NoDAC,coal,2095,-67.62044752,-42.04388291
Global,NoDAC,coal,2100,-71.28817204,-44.33266882
Global,NoDAC,geothermal,1990,0,0
Global,NoDAC,geothermal,2005,0,0
Global,NoDAC,geothermal,2010,0,0
Global,NoDAC,geothermal,2015,0,0
Global,NoDAC,geothermal,2020,-1.35E-05,-0.00053258
Global,NoDAC,geothermal,2025,-5.47E-06,-0.00012932
Global,NoDAC,geothermal,2030,0.0002073,0.003831519
Global,NoDAC,geothermal,2035,0.003439369,0.053862337
Global,NoDAC,geothermal,2040,0.031294017,0.449954923
Global,NoDAC,geothermal,2045,0.109649873,1.549262836
Global,NoDAC,geothermal,2050,0.238159088,3.385022651
Global,NoDAC,geothermal,2055,0.333536116,4.805402003
Global,NoDAC,geothermal,2060,0.345163501,5.033744926
Global,NoDAC,geothermal,2065,0.361165029,5.311030919
Global,NoDAC,geothermal,2070,0.33028453,4.837227461
Global,NoDAC,geothermal,2075,0.283287123,4.140834723
Global,NoDAC,geothermal,2080,0.240725021,3.517485143
Global,NoDAC,geothermal,2085,0.21243125,3.130933534
Global,NoDAC,geothermal,2090,0.186290175,2.772825701
Global,NoDAC,geothermal,2095,0.202798153,3.06887928
Global,NoDAC,geothermal,2100,0.218616052,3.359597664
Global,NoDAC,hydro,1990,0,0
Global,NoDAC,hydro,2005,0,0
Global,NoDAC,hydro,2010,0,0
Global,NoDAC,hydro,2015,0,0
Global,NoDAC,hydro,2020,-2.10E-05,-5.80E-05
Global,NoDAC,hydro,2025,4.10E-05,0.000113549
Global,NoDAC,hydro,2030,0.004336371,0.011934086
Global,NoDAC,hydro,2035,0.033998572,0.093988659
Global,NoDAC,hydro,2040,0.107485918,0.296105286
Global,NoDAC,hydro,2045,0.34171573,0.942000641
Global,NoDAC,hydro,2050,0.661935302,1.84950807
Global,NoDAC,hydro,2055,1.164185729,3.263419977
Global,NoDAC,hydro,2060,1.172287672,3.270974686
Global,NoDAC,hydro,2065,1.546545109,4.273929244
Global,NoDAC,hydro,2070,1.754637687,4.783246282
Global,NoDAC,hydro,2075,1.698675132,4.564161343
Global,NoDAC,hydro,2080,1.440106699,3.810310286
Global,NoDAC,hydro,2085,1.409523477,3.681254909
Global,NoDAC,hydro,2090,1.436459784,3.700221177
Global,NoDAC,hydro,2095,1.56015239,3.99827917
Global,NoDAC,hydro,2100,1.6567131,4.217089154
Global,NoDAC,natural gas,1990,0,0
Global,NoDAC,natural gas,2005,0,0
Global,NoDAC,natural gas,2010,0,0
Global,NoDAC,natural gas,2015,0,0
Global,NoDAC,natural gas,2020,0.00029121,0.000245691
Global,NoDAC,natural gas,2025,-0.00264355,-0.002158025
Global,NoDAC,natural gas,2030,-0.02778395,-0.021231358
Global,NoDAC,natural gas,2035,-0.411849,-0.312231914
Global,NoDAC,natural gas,2040,-4.3790795,-3.203554177
Global,NoDAC,natural gas,2045,-18.636551,-12.02619419
Global,NoDAC,natural gas,2050,-44.460823,-24.52017718
Global,NoDAC,natural gas,2055,-65.7296237,-32.22459819
Global,NoDAC,natural gas,2060,-86.0709712,-38.27223271
Global,NoDAC,natural gas,2065,-92.5270933,-38.72039737
Global,NoDAC,natural gas,2070,-95.206905,-38.04421736
Global,NoDAC,natural gas,2075,-97.34723834,-37.216514
Global,NoDAC,natural gas,2080,-98.32151262,-36.2934528
Global,NoDAC,natural gas,2085,-97.78561042,-34.92255998
Global,NoDAC,natural gas,2090,-96.082169,-33.38471152
Global,NoDAC,natural gas,2095,-94.7988938,-32.15414964
Global,NoDAC,natural gas,2100,-92.35627,-30.65888994
Global,NoDAC,nuclear,1990,0,0
Global,NoDAC,nuclear,2005,0,0
Global,NoDAC,nuclear,2010,0,0
Global,NoDAC,nuclear,2015,0,0
Global,NoDAC,nuclear,2020,-0.000413679,-0.001361637
Global,NoDAC,nuclear,2025,-0.000320852,-0.000855731
Global,NoDAC,nuclear,2030,0.001706305,0.003951217
Global,NoDAC,nuclear,2035,0.030561501,0.053668783
Global,NoDAC,nuclear,2040,0.370011439,0.546754171
Global,NoDAC,nuclear,2045,1.670438228,2.138610542
Global,NoDAC,nuclear,2050,5.218019271,5.97527042
Global,NoDAC,nuclear,2055,8.844652382,9.438886082
Global,NoDAC,nuclear,2060,9.461672656,9.441912933
Global,NoDAC,nuclear,2065,11.46066152,10.59762086
Global,NoDAC,nuclear,2070,11.80664815,10.28064699
Global,NoDAC,nuclear,2075,11.74424664,9.754415202
Global,NoDAC,nuclear,2080,11.81144546,9.828979269
Global,NoDAC,nuclear,2085,12.38890091,10.40777273
Global,NoDAC,nuclear,2090,12.79609567,10.85468265
Global,NoDAC,nuclear,2095,12.84779022,11.73901863
Global,NoDAC,nuclear,2100,12.38038321,12.05342472
Global,NoDAC,oil,1990,0,0
Global,NoDAC,oil,2005,0,0
Global,NoDAC,oil,2010,0,0
Global,NoDAC,oil,2015,0,0
Global,NoDAC,oil,2020,0.000277951,0.000229384
Global,NoDAC,oil,2025,-0.000680846,-0.000539269
Global,NoDAC,oil,2030,-0.008462238,-0.006579606
Global,NoDAC,oil,2035,-0.09329245,-0.085233637
Global,NoDAC,oil,2040,-0.808193075,-0.798152475
Global,NoDAC,oil,2045,-3.230715597,-3.322443843
Global,NoDAC,oil,2050,-8.88498309,-9.219120053
Global,NoDAC,oil,2055,-10.60089467,-11.00540292
Global,NoDAC,oil,2060,-15.96430131,-16.21678316
Global,NoDAC,oil,2065,-24.65196059,-23.61118551
Global,NoDAC,oil,2070,-35.69286637,-31.89593203
Global,NoDAC,oil,2075,-38.67342732,-33.65962743
Global,NoDAC,oil,2080,-40.64445976,-34.90746442
Global,NoDAC,oil,2085,-43.31222174,-37.25419377
Global,NoDAC,oil,2090,-47.44195094,-40.44053433
Global,NoDAC,oil,2095,-48.03151992,-41.95980796
Global,NoDAC,oil,2100,-48.77399259,-43.28801217
Global,NoDAC,solar,1990,0,0
Global,NoDAC,solar,2005,0,0
Global,NoDAC,solar,2010,0,0
Global,NoDAC,solar,2015,0,0
Global,NoDAC,solar,2020,-0.000118108,-0.00137292
Global,NoDAC,solar,2025,0.000160803,0.000626383
Global,NoDAC,solar,2030,0.001295117,0.002873196
Global,NoDAC,solar,2035,0.026767387,0.035375765
Global,NoDAC,solar,2040,0.403530923,0.409154005
Global,NoDAC,solar,2045,1.770339751,1.477456514
Global,NoDAC,solar,2050,5.797372063,4.159287344
Global,NoDAC,solar,2055,10.94922935,7.072316383
Global,NoDAC,solar,2060,12.55270233,7.359844083
Global,NoDAC,solar,2065,16.24339456,8.97646987
Global,NoDAC,solar,2070,18.12463726,9.342464158
Global,NoDAC,solar,2075,17.49645375,8.481481818
Global,NoDAC,solar,2080,15.97128897,7.325101726
Global,NoDAC,solar,2085,14.43059408,6.356678984
Global,NoDAC,solar,2090,12.62930352,5.396030627
Global,NoDAC,solar,2095,11.21786176,4.680076593
Global,NoDAC,solar,2100,9.810114331,4.011168991
Global,NoDAC,wind,1990,0,0
Global,NoDAC,wind,2005,0,0
Global,NoDAC,wind,2010,0,0
Global,NoDAC,wind,2015,0,0
Global,NoDAC,wind,2020,-0.000221811,-0.001213971
Global,NoDAC,wind,2025,1.44E-05,4.48E-05
Global,NoDAC,wind,2030,0.002882313,0.006154032
Global,NoDAC,wind,2035,0.057570986,0.075135447
Global,NoDAC,wind,2040,0.719650703,0.699287797
Global,NoDAC,wind,2045,3.165993983,2.582640564
Global,NoDAC,wind,2050,8.635299296,6.244221485
Global,NoDAC,wind,2055,14.86889926,9.876422539
Global,NoDAC,wind,2060,17.66318469,10.80284457
Global,NoDAC,wind,2065,19.41196466,11.52171307
Global,NoDAC,wind,2070,19.32346642,10.9212228
Global,NoDAC,wind,2075,17.03315041,9.225417601
Global,NoDAC,wind,2080,14.7372292,7.563064975
Global,NoDAC,wind,2085,12.545572,6.167661992
Global,NoDAC,wind,2090,10.79763981,5.147333345
Global,NoDAC,wind,2095,9.814359912,4.497980905
Global,NoDAC,wind,2100,8.907850953,3.971851564
Taiwan,NoDAC,biomass,1990,0,NA
Taiwan,NoDAC,biomass,2005,0,0
Taiwan,NoDAC,biomass,2010,0,0
Taiwan,NoDAC,biomass,2015,0,0
Taiwan,NoDAC,biomass,2020,0,0
Taiwan,NoDAC,biomass,2025,-1.99E-06,-0.002856098
Taiwan,NoDAC,biomass,2030,-2.39E-05,-0.033564182
Taiwan,NoDAC,biomass,2035,-0.000689873,-0.667350998
Taiwan,NoDAC,biomass,2040,-0.007665474,-5.464971248
Taiwan,NoDAC,biomass,2045,-0.046501406,-19.59500185
Taiwan,NoDAC,biomass,2050,-0.082617315,-21.14469316
Taiwan,NoDAC,biomass,2055,0.09845601,18.50901931
Taiwan,NoDAC,biomass,2060,0.574124221,90.33686329
Taiwan,NoDAC,biomass,2065,0.644744214,110.3958599
Taiwan,NoDAC,biomass,2070,0.737189898,132.5252368
Taiwan,NoDAC,biomass,2075,0.592950349,106.8069698
Taiwan,NoDAC,biomass,2080,0.567534312,101.4002938
Taiwan,NoDAC,biomass,2085,0.63322969,112.2558892
Taiwan,NoDAC,biomass,2090,0.66714062,117.2214724
Taiwan,NoDAC,biomass,2095,0.6521643,115.0378973
Taiwan,NoDAC,biomass,2100,0.61634702,105.5678791
Taiwan,NoDAC,coal,1990,0,0
Taiwan,NoDAC,coal,2005,0,0
Taiwan,NoDAC,coal,2010,0,0
Taiwan,NoDAC,coal,2015,0,0
Taiwan,NoDAC,coal,2020,0,0
Taiwan,NoDAC,coal,2025,-2.00E-07,-9.94E-06
Taiwan,NoDAC,coal,2030,1.73E-05,0.000878739
Taiwan,NoDAC,coal,2035,0.0003689,0.019821089
Taiwan,NoDAC,coal,2040,0.0051295,0.293706785
Taiwan,NoDAC,coal,2045,0.0307809,1.941427373
Taiwan,NoDAC,coal,2050,0.03586265,2.586506889
Taiwan,NoDAC,coal,2055,-0.07872868,-6.411585056
Taiwan,NoDAC,coal,2060,-0.40174651,-35.62060003
Taiwan,NoDAC,coal,2065,-0.4167958,-37.63538332
Taiwan,NoDAC,coal,2070,-0.5457388,-49.02459491
Taiwan,NoDAC,coal,2075,-0.5001146,-45.9833549
Taiwan,NoDAC,coal,2080,-0.5297097,-50.38662489
Taiwan,NoDAC,coal,2085,-0.5924884,-58.48677487
Taiwan,NoDAC,coal,2090,-0.6508954,-65.78264569
Taiwan,NoDAC,coal,2095,-0.6677412,-69.56819435
Taiwan,NoDAC,coal,2100,-0.6746348,-72.34414908
Taiwan,NoDAC,geothermal,1990,0,0
Taiwan,NoDAC,geothermal,2005,0,NA
Taiwan,NoDAC,geothermal,2010,0,NA
Taiwan,NoDAC,geothermal,2015,0,NA
Taiwan,NoDAC,geothermal,2020,-6.16E-10,-1.12E-05
Taiwan,NoDAC,geothermal,2025,-1.61E-09,-2.43E-05
Taiwan,NoDAC,geothermal,2030,-2.37E-08,-0.000360308
Taiwan,NoDAC,geothermal,2035,-5.16E-07,-0.008096589
Taiwan,NoDAC,geothermal,2040,-5.53E-06,-0.090004895
Taiwan,NoDAC,geothermal,2045,-3.24E-05,-0.557001976
Taiwan,NoDAC,geothermal,2050,-8.85E-05,-1.594793935
Taiwan,NoDAC,geothermal,2055,0.000119249,2.17998298
Taiwan,NoDAC,geothermal,2060,0.000223816,4.098028023
Taiwan,NoDAC,geothermal,2065,0.000256719,4.724322064
Taiwan,NoDAC,geothermal,2070,0.000203895,3.769328987
Taiwan,NoDAC,geothermal,2075,-3.44E-06,-0.064016465
Taiwan,NoDAC,geothermal,2080,-5.23E-05,-0.983176549
Taiwan,NoDAC,geothermal,2085,-4.15E-05,-0.785343137
Taiwan,NoDAC,geothermal,2090,-1.34E-05,-0.253755045
Taiwan,NoDAC,geothermal,2095,-2.81E-05,-0.533167036
Taiwan,NoDAC,geothermal,2100,-5.50E-05,-1.043517438
Taiwan,NoDAC,hydro,1990,0,0
Taiwan,NoDAC,hydro,2005,0,0
Taiwan,NoDAC,hydro,2010,0,0
Taiwan,NoDAC,hydro,2015,0,0
Taiwan,NoDAC,hydro,2020,-4.13E-09,-1.12E-05
Taiwan,NoDAC,hydro,2025,-9.18E-09,-2.43E-05
Taiwan,NoDAC,hydro,2030,-1.28E-07,-0.000328047
Taiwan,NoDAC,hydro,2035,-3.04E-06,-0.007715369
Taiwan,NoDAC,hydro,2040,-3.54E-05,-0.089682037
Taiwan,NoDAC,hydro,2045,-0.000214223,-0.551064461
Taiwan,NoDAC,hydro,2050,-0.000605872,-1.576110004
Taiwan,NoDAC,hydro,2055,0.000862735,2.199430731
Taiwan,NoDAC,hydro,2060,0.00163457,4.035040802
Taiwan,NoDAC,hydro,2065,0.001997642,4.803394446
Taiwan,NoDAC,hydro,2070,0.001611514,3.768020846
Taiwan,NoDAC,hydro,2075,-2.60E-05,-0.059374879
Taiwan,NoDAC,hydro,2080,-0.000438079,-0.980789397
Taiwan,NoDAC,hydro,2085,-0.000364096,-0.79615471
Taiwan,NoDAC,hydro,2090,-0.000152635,-0.324774311
Taiwan,NoDAC,hydro,2095,-0.000258464,-0.535807115
Taiwan,NoDAC,hydro,2100,-0.000518043,-1.047890191
Taiwan,NoDAC,natural gas,1990,0,0
Taiwan,NoDAC,natural gas,2005,0,0
Taiwan,NoDAC,natural gas,2010,0,0
Taiwan,NoDAC,natural gas,2015,0,0
Taiwan,NoDAC,natural gas,2020,1.00E-07,1.06E-05
Taiwan,NoDAC,natural gas,2025,-3.00E-07,-2.78E-05
Taiwan,NoDAC,natural gas,2030,-1.26E-05,-0.001077678
Taiwan,NoDAC,natural gas,2035,-0.0001495,-0.011923722
Taiwan,NoDAC,natural gas,2040,0.0015112,0.115521055
Taiwan,NoDAC,natural gas,2045,0.0027375,0.20224756
Taiwan,NoDAC,natural gas,2050,-0.1933074,-14.55450245
Taiwan,NoDAC,natural gas,2055,-0.6711253,-49.22360772
Taiwan,NoDAC,natural gas,2060,-1.0034114,-64.52393146
Taiwan,NoDAC,natural gas,2065,-0.5526014,-49.15920711
Taiwan,NoDAC,natural gas,2070,-0.4609694,-43.21475362
Taiwan,NoDAC,natural gas,2075,-0.4031843,-38.59436565
Taiwan,NoDAC,natural gas,2080,-0.305311,-30.61663369
Taiwan,NoDAC,natural gas,2085,-0.234382,-24.07248593
Taiwan,NoDAC,natural gas,2090,-0.5857518,-43.55381696
Taiwan,NoDAC,natural gas,2095,-0.6683452,-48.04447138
Taiwan,NoDAC,natural gas,2100,-0.690348,-50.07104328
Taiwan,NoDAC,nuclear,1990,0,0
Taiwan,NoDAC,nuclear,2005,0,0
Taiwan,NoDAC,nuclear,2010,0,0
Taiwan,NoDAC,nuclear,2015,0,0
Taiwan,NoDAC,nuclear,2020,-2.85E-08,-1.04E-05
Taiwan,NoDAC,nuclear,2025,-6.68E-08,-2.51E-05
Taiwan,NoDAC,nuclear,2030,-6.58E-07,-0.000258465
Taiwan,NoDAC,nuclear,2035,2.95E-06,0.001077987
Taiwan,NoDAC,nuclear,2040,0.000328721,0.111754674
Taiwan,NoDAC,nuclear,2045,0.003895243,1.171558111
Taiwan,NoDAC,nuclear,2050,0.036347493,9.485712412
Taiwan,NoDAC,nuclear,2055,0.079298282,18.59339185
Taiwan,NoDAC,nuclear,2060,0.056931657,11.95299701
Taiwan,NoDAC,nuclear,2065,0.078961099,16.59058474
Taiwan,NoDAC,nuclear,2070,0.074653905,14.99217723
Taiwan,NoDAC,nuclear,2075,0.056482464,10.86862823
Taiwan,NoDAC,nuclear,2080,0.052390163,9.443273663
Taiwan,NoDAC,nuclear,2085,0.04668562,7.933403088
Taiwan,NoDAC,nuclear,2090,0.022655806,3.612364128
Taiwan,NoDAC,nuclear,2095,0.019869967,3.234665454
Taiwan,NoDAC,nuclear,2100,0.013082379,2.184805106
Taiwan,NoDAC,oil,1990,0,0
Taiwan,NoDAC,oil,2005,0,0
Taiwan,NoDAC,oil,2010,0,0
Taiwan,NoDAC,oil,2015,0,0
Taiwan,NoDAC,oil,2020,0,0
Taiwan,NoDAC,oil,2025,-1.00E-07,-5.00E-06
Taiwan,NoDAC,oil,2030,-8.00E-07,-3.90E-05
Taiwan,NoDAC,oil,2035,-0.0003044,-0.019176331
Taiwan,NoDAC,oil,2040,-0.0048061,-0.384902124
Taiwan,NoDAC,oil,2045,-0.0383204,-4.953710054
Taiwan,NoDAC,oil,2050,-0.1298157,-33.11581916
Taiwan,NoDAC,oil,2055,-0.09129282,-33.29873834
Taiwan,NoDAC,oil,2060,-0.12647032,-48.90610994
Taiwan,NoDAC,oil,2065,-0.19346227,-59.84835769
Taiwan,NoDAC,oil,2070,-0.22924868,-62.45819432
Taiwan,NoDAC,oil,2075,-0.2348723,-60.97236035
Taiwan,NoDAC,oil,2080,-0.2024145,-55.80235362
Taiwan,NoDAC,oil,2085,-0.18722906,-54.15636496
Taiwan,NoDAC,oil,2090,-0.20084879,-57.48254692
Taiwan,NoDAC,oil,2095,-0.18199159,-55.33566585
Taiwan,NoDAC,oil,2100,-0.17294816,-53.48017888
Taiwan,NoDAC,solar,1990,0,NA
Taiwan,NoDAC,solar,2005,0,0
Taiwan,NoDAC,solar,2010,0,0
Taiwan,NoDAC,solar,2015,0,0
Taiwan,NoDAC,solar,2020,2.13E-08,8.35E-05
Taiwan,NoDAC,solar,2025,-3.20E-07,-0.000528119
Taiwan,NoDAC,solar,2030,-2.24E-06,-0.001749509
Taiwan,NoDAC,solar,2035,9.13E-06,0.002097759
Taiwan,NoDAC,solar,2040,0.000668465,0.107184705
Taiwan,NoDAC,solar,2045,0.00966625,1.16295438
Taiwan,NoDAC,solar,2050,0.108809848,10.07597441
Taiwan,NoDAC,solar,2055,0.250067874,18.82251733
Taiwan,NoDAC,solar,2060,0.131378169,8.124910834
Taiwan,NoDAC,solar,2065,0.237688154,15.29145665
Taiwan,NoDAC,solar,2070,0.224929056,14.19227241
Taiwan,NoDAC,solar,2075,0.164205424,10.2478192
Taiwan,NoDAC,solar,2080,0.053926334,3.372968552
Taiwan,NoDAC,solar,2085,-0.076726329,-4.760222706
Taiwan,NoDAC,solar,2090,-0.138373235,-8.350587211
Taiwan,NoDAC,solar,2095,-0.238928228,-13.35009719
Taiwan,NoDAC,solar,2100,-0.278607312,-14.77292582
Taiwan,NoDAC,wind,1990,0,NA
Taiwan,NoDAC,wind,2005,0,0
Taiwan,NoDAC,wind,2010,0,0
Taiwan,NoDAC,wind,2015,0,0
Taiwan,NoDAC,wind,2020,-4.63E-09,-1.07E-05
Taiwan,NoDAC,wind,2025,-2.32E-07,-0.000328826
Taiwan,NoDAC,wind,2030,-8.05E-08,-8.09E-05
Taiwan,NoDAC,wind,2035,2.52E-05,0.011877826
Taiwan,NoDAC,wind,2040,0.000640374,0.199620476
Taiwan,NoDAC,wind,2045,0.005823223,1.304068103
Taiwan,NoDAC,wind,2050,0.04823737,8.415052851
Taiwan,NoDAC,wind,2055,0.099047703,14.33390072
Taiwan,NoDAC,wind,2060,0.030058712,3.693742707
Taiwan,NoDAC,wind,2065,0.073750319,9.929781213
Taiwan,NoDAC,wind,2070,0.049236033,6.837755835
Taiwan,NoDAC,wind,2075,-0.014795201,-2.078582835
Taiwan,NoDAC,wind,2080,-0.047168204,-6.296745632
Taiwan,NoDAC,wind,2085,-0.021653096,-2.781490245
Taiwan,NoDAC,wind,2090,-0.134579958,-14.8181232
Taiwan,NoDAC,wind,2095,-0.147333354,-15.60165493
Taiwan,NoDAC,wind,2100,-0.160931649,-16.87356949
