region,Name,sector,year,Difference,Rel_Dif,,
China,Policy,agriculture,1990,0,0,,
China,Policy,agriculture,2005,0,0,,
China,Policy,agriculture,2010,0,0,,
China,Policy,agriculture,2015,0,0,,
China,Policy,agriculture,2020,-0.000197374,-6.83E-05,,
China,Policy,agriculture,2025,-3.138324121,-1.063675377,,
China,Policy,agriculture,2030,-2.45779531,-0.83282626,,
China,Policy,agriculture,2035,0.869318161,0.297212761,,
China,Policy,agriculture,2040,1.908920486,0.660961206,,
China,Policy,agriculture,2045,1.77690878,0.625465749,,
China,Policy,agriculture,2050,0.540050934,0.194170962,,
China,Policy,agriculture,2055,-0.802947689,-0.293887242,,
China,Policy,agriculture,2060,-1.558801803,-0.58282532,,
China,Policy,agriculture,2065,-0.462256476,-0.176618897,,
China,Policy,agriculture,2070,-0.564385855,-0.220470092,,
China,Policy,agriculture,2075,-1.425626186,-0.568941673,,
China,Policy,agriculture,2080,-1.674610055,-0.683594624,,
China,Policy,agriculture,2085,-2.152158141,-0.90012272,,
China,Policy,agriculture,2090,-1.826946862,-0.783447055,,
China,Policy,agriculture,2095,-0.589708636,-0.259291499,,
China,Policy,agriculture,2100,-0.61792512,-0.278235986,,
China,Policy,ces,1990,0,NA,,
China,Policy,ces,2005,0,NA,,
China,Policy,ces,2010,0,NA,,
China,Policy,ces,2015,0,NA,,
China,Policy,ces,2020,0,NA,,
China,Policy,ces,2025,2.18E-06,Inf,,
China,Policy,ces,2030,1.35E-05,Inf,,
China,Policy,ces,2035,0.000807047,Inf,,
China,Policy,ces,2040,0.008520716,Inf,,
China,Policy,ces,2045,0.114193151,Inf,,
China,Policy,ces,2050,1.588855469,Inf,,
China,Policy,ces,2055,5.240577318,Inf,,
China,Policy,ces,2060,9.961555478,Inf,,
China,Policy,ces,2065,10.65584338,Inf,,
China,Policy,ces,2070,10.87119078,Inf,,
China,Policy,ces,2075,10.83831266,Inf,,
China,Policy,ces,2080,10.62587667,Inf,,
China,Policy,ces,2085,10.30739232,Inf,,
China,Policy,ces,2090,9.869077596,Inf,,
China,Policy,ces,2095,9.342715356,Inf,,
China,Policy,ces,2100,8.784131477,Inf,,
China,Policy,electricity,1990,0,0,,
China,Policy,electricity,2005,0,0,,
China,Policy,electricity,2010,0,0,,
China,Policy,electricity,2015,0,0,,
China,Policy,electricity,2020,6.08E-05,5.52E-05,,
China,Policy,electricity,2025,-0.032184561,-0.026996846,,
China,Policy,electricity,2030,-0.170186727,-0.136585141,,
China,Policy,electricity,2035,2.700956661,2.159855306,,
China,Policy,electricity,2040,-5.338990007,-4.39483189,,
China,Policy,electricity,2045,-4.259584012,-3.684401801,,
China,Policy,electricity,2050,7.880253068,7.412086803,,
China,Policy,electricity,2055,24.18113022,24.61776472,,
China,Policy,electricity,2060,40.22498462,44.09336915,,
China,Policy,electricity,2065,55.28214392,63.55271989,,
China,Policy,electricity,2070,58.67106806,68.74992699,,
China,Policy,electricity,2075,59.12225565,69.5323379,,
China,Policy,electricity,2080,59.11410713,71.41492271,,
China,Policy,electricity,2085,57.57226672,69.63483254,,
China,Policy,electricity,2090,55.2879734,66.06663699,,
China,Policy,electricity,2095,37.17339947,43.51298466,,
China,Policy,electricity,2100,21.35858738,24.40863734,,
China,Policy,industry,1990,0,0,,
China,Policy,industry,2005,0,0,,
China,Policy,industry,2010,0,0,,
China,Policy,industry,2015,0,0,,
China,Policy,industry,2020,0,0,,
China,Policy,industry,2025,0.058,0.042928302,,
China,Policy,industry,2030,0.087,0.061305166,,
China,Policy,industry,2035,-10.605,-7.370469472,,
China,Policy,industry,2040,-10.868,-7.588855527,,
China,Policy,industry,2045,-10.565,-7.49163263,,
China,Policy,industry,2050,-10.103,-7.334567498,,
China,Policy,industry,2055,-8.721,-6.517839793,,
China,Policy,industry,2060,-7.047,-5.439220741,,
China,Policy,industry,2065,-3.809,-3.044204503,,
China,Policy,industry,2070,-1.811,-1.501197808,,
China,Policy,industry,2075,-0.682,-0.587212206,,
China,Policy,industry,2080,-0.137,-0.122731263,,
China,Policy,industry,2085,0.179,0.167122597,,
China,Policy,industry,2090,0.519,0.505217662,,
China,Policy,industry,2095,0.5016,0.508821706,,
China,Policy,industry,2100,0.3303,0.348561853,,
China,Policy,livestock,1990,0,0,,
China,Policy,livestock,2005,0,0,,
China,Policy,livestock,2010,0,0,,
China,Policy,livestock,2015,0,0,,
China,Policy,livestock,2020,-0.000115711,-0.00028903,,
China,Policy,livestock,2025,-0.230016854,-0.513855001,,
China,Policy,livestock,2030,-0.204283955,-0.428335755,,
China,Policy,livestock,2035,0.055295433,0.112058466,,
China,Policy,livestock,2040,0.089781751,0.178603161,,
China,Policy,livestock,2045,0.047175757,0.093276495,,
China,Policy,livestock,2050,-0.046292762,-0.092087096,,
China,Policy,livestock,2055,-0.148041289,-0.29906477,,
China,Policy,livestock,2060,-0.18144496,-0.374558855,,
China,Policy,livestock,2065,-0.152375638,-0.322768836,,
China,Policy,livestock,2070,-0.154174244,-0.336141768,,
China,Policy,livestock,2075,-0.15265338,-0.343798955,,
China,Policy,livestock,2080,-0.148901722,-0.347359131,,
China,Policy,livestock,2085,-0.155621441,-0.376863606,,
China,Policy,livestock,2090,-0.155324145,-0.390608687,,
China,Policy,livestock,2095,-0.152996006,-0.399203374,,
China,Policy,livestock,2100,-0.155356273,-0.419995227,,
China,Policy,municipal,1990,0,0,,
China,Policy,municipal,2005,0,0,,
China,Policy,municipal,2010,0,0,,
China,Policy,municipal,2015,0,0,,
China,Policy,municipal,2020,0,0,,
China,Policy,municipal,2025,0.0021,0.002247278,,
China,Policy,municipal,2030,0.0015,0.001529991,,
China,Policy,municipal,2035,0.008,0.007992567,,
China,Policy,municipal,2040,0.021,0.020898018,,
China,Policy,municipal,2045,0.0322,0.032332758,,
China,Policy,municipal,2050,0.0234,0.024023333,,
China,Policy,municipal,2055,-0.1339,-0.141980689,,
China,Policy,municipal,2060,-0.1303,-0.143814699,,
China,Policy,municipal,2065,-0.2033,-0.234514867,,
China,Policy,municipal,2070,-0.3001,-0.363136063,,
China,Policy,municipal,2075,-0.3688,-0.470229428,,
China,Policy,municipal,2080,-0.29,-0.390877723,,
China,Policy,municipal,2085,-0.2285,-0.326536795,,
China,Policy,municipal,2090,-0.1092,-0.165584755,,
China,Policy,municipal,2095,-0.0135,-0.02170966,,
China,Policy,municipal,2100,-0.0089,-0.015161995,,
China,Policy,primaryEnergy,1990,0,0,,
China,Policy,primaryEnergy,2005,0,0,,
China,Policy,primaryEnergy,2010,0,0,,
China,Policy,primaryEnergy,2015,0,0,,
China,Policy,primaryEnergy,2020,6.85E-06,0.000126201,,
China,Policy,primaryEnergy,2025,0.026768408,0.446859282,,
China,Policy,primaryEnergy,2030,0.091445435,1.447789623,,
China,Policy,primaryEnergy,2035,0.230054731,3.522226573,,
China,Policy,primaryEnergy,2040,0.534933221,8.028937802,,
China,Policy,primaryEnergy,2045,0.69792893,10.25525712,,
China,Policy,primaryEnergy,2050,0.756486421,10.96567119,,
China,Policy,primaryEnergy,2055,0.847590804,12.11982067,,
China,Policy,primaryEnergy,2060,1.101940584,15.50691341,,
China,Policy,primaryEnergy,2065,1.390992045,19.18088386,,
China,Policy,primaryEnergy,2070,1.474375978,19.7671759,,
China,Policy,primaryEnergy,2075,1.434355627,18.61822836,,
China,Policy,primaryEnergy,2080,1.349857624,16.92682119,,
China,Policy,primaryEnergy,2085,1.239930682,15.05288997,,
China,Policy,primaryEnergy,2090,1.093244993,12.80785273,,
China,Policy,primaryEnergy,2095,0.807952527,9.094158392,,
China,Policy,primaryEnergy,2100,0.499535456,5.34975598,,
Global,Policy,agriculture,1990,0,0,,
Global,Policy,agriculture,2005,0,0,,
Global,Policy,agriculture,2010,0,0,,
Global,Policy,agriculture,2015,0,0,,
Global,Policy,agriculture,2020,0.047524552,0.002168044,,
Global,Policy,agriculture,2025,-24.50325814,-1.045713436,,
Global,Policy,agriculture,2030,-18.36126678,-0.747708165,,
Global,Policy,agriculture,2035,39.01102372,1.522989154,,
Global,Policy,agriculture,2040,57.1348066,2.146655324,,
Global,Policy,agriculture,2045,62.0576072,2.249431473,,
Global,Policy,agriculture,2050,51.72587916,1.824729798,,
Global,Policy,agriculture,2055,45.43203009,1.605661025,,
Global,Policy,agriculture,2060,38.14357879,1.346320212,,
Global,Policy,agriculture,2065,39.33083529,1.385397331,,
Global,Policy,agriculture,2070,27.27700631,0.957148676,,
Global,Policy,agriculture,2075,13.62986019,0.477794501,,
Global,Policy,agriculture,2080,-0.842598913,-0.02966351,,
Global,Policy,agriculture,2085,-1.432556089,-0.050895125,,
Global,Policy,agriculture,2090,-8.438942982,-0.301593476,,
Global,Policy,agriculture,2095,-15.00602118,-0.54212226,,
Global,Policy,agriculture,2100,-19.37790891,-0.709570039,,
Global,Policy,ces,1990,0,NA,,
Global,Policy,ces,2005,0,NA,,
Global,Policy,ces,2010,0,NA,,
Global,Policy,ces,2015,0,NA,,
Global,Policy,ces,2020,0,NA,,
Global,Policy,ces,2025,0.001476154,Inf,,
Global,Policy,ces,2030,0.015907568,Inf,,
Global,Policy,ces,2035,0.256000363,Inf,,
Global,Policy,ces,2040,2.340136399,Inf,,
Global,Policy,ces,2045,9.212986915,Inf,,
Global,Policy,ces,2050,20.34214885,Inf,,
Global,Policy,ces,2055,29.12476505,Inf,,
Global,Policy,ces,2060,38.01655378,Inf,,
Global,Policy,ces,2065,41.49725137,Inf,,
Global,Policy,ces,2070,44.83546463,Inf,,
Global,Policy,ces,2075,47.62109712,Inf,,
Global,Policy,ces,2080,49.74534049,Inf,,
Global,Policy,ces,2085,51.35926177,Inf,,
Global,Policy,ces,2090,52.67494894,Inf,,
Global,Policy,ces,2095,53.35363672,Inf,,
Global,Policy,ces,2100,53.70278631,Inf,,
Global,Policy,electricity,1990,0,0,,
Global,Policy,electricity,2005,0,0,,
Global,Policy,electricity,2010,0,0,,
Global,Policy,electricity,2015,0,0,,
Global,Policy,electricity,2020,-0.000419071,-8.44E-05,,
Global,Policy,electricity,2025,-25.73616374,-4.934027531,,
Global,Policy,electricity,2030,-49.76573795,-9.323971128,,
Global,Policy,electricity,2035,-31.11464739,-6.114238836,,
Global,Policy,electricity,2040,-19.29336635,-4.043974081,,
Global,Policy,electricity,2045,7.973564432,1.799944312,,
Global,Policy,electricity,2050,46.23547408,11.34291646,,
Global,Policy,electricity,2055,70.98255534,18.73383971,,
Global,Policy,electricity,2060,93.55171868,26.11347309,,
Global,Policy,electricity,2065,112.1078351,31.5438607,,
Global,Policy,electricity,2070,118.1481834,32.56931564,,
Global,Policy,electricity,2075,119.0845081,32.30616173,,
Global,Policy,electricity,2080,115.3380047,31.41897552,,
Global,Policy,electricity,2085,107.4208146,29.10024618,,
Global,Policy,electricity,2090,94.1590313,25.03842936,,
Global,Policy,electricity,2095,57.3445689,14.97302744,,
Global,Policy,electricity,2100,27.46738107,7.019236067,,
Global,Policy,industry,1990,0,0,,
Global,Policy,industry,2005,0,0,,
Global,Policy,industry,2010,0,0,,
Global,Policy,industry,2015,0,0,,
Global,Policy,industry,2020,-0.000199,-5.87E-05,,
Global,Policy,industry,2025,-1.481974,-0.393908614,,
Global,Policy,industry,2030,-2.799495,-0.68310803,,
Global,Policy,industry,2035,-20.80307,-4.763904118,,
Global,Policy,industry,2040,-25.505515,-5.541946753,,
Global,Policy,industry,2045,-27.975886,-5.811598115,,
Global,Policy,industry,2050,-28.112658,-5.620274633,,
Global,Policy,industry,2055,-26.205215,-5.070729046,,
Global,Policy,industry,2060,-24.169602,-4.546016878,,
Global,Policy,industry,2065,-19.789883,-3.633837723,,
Global,Policy,industry,2070,-16.334357,-2.942677672,,
Global,Policy,industry,2075,-14.113028,-2.503378361,,
Global,Policy,industry,2080,-13.242648,-2.319711692,,
Global,Policy,industry,2085,-12.68329,-2.200059039,,
Global,Policy,industry,2090,-11.86977,-2.04495522,,
Global,Policy,industry,2095,-10.971442,-1.883819622,,
Global,Policy,industry,2100,-9.994242,-1.716690237,,
Global,Policy,livestock,1990,0,0,,
Global,Policy,livestock,2005,0,0,,
Global,Policy,livestock,2010,0,0,,
Global,Policy,livestock,2015,0,0,,
Global,Policy,livestock,2020,1.76E-05,1.81E-05,,
Global,Policy,livestock,2025,0.382253778,0.354691233,,
Global,Policy,livestock,2030,1.188419735,1.017486175,,
Global,Policy,livestock,2035,-1.7811371,-1.418766389,,
Global,Policy,livestock,2040,-2.155279553,-1.615600178,,
Global,Policy,livestock,2045,-1.94469511,-1.381079198,,
Global,Policy,livestock,2050,-1.761988808,-1.191417267,,
Global,Policy,livestock,2055,-2.032528128,-1.317875427,,
Global,Policy,livestock,2060,-2.122903883,-1.328000169,,
Global,Policy,livestock,2065,-1.856449644,-1.124830875,,
Global,Policy,livestock,2070,-1.843309062,-1.083659722,,
Global,Policy,livestock,2075,-1.7049274,-0.97637885,,
Global,Policy,livestock,2080,-1.7270145,-0.966970105,,
Global,Policy,livestock,2085,-1.48630022,-0.819056015,,
Global,Policy,livestock,2090,-1.26932546,-0.690555632,,
Global,Policy,livestock,2095,-1.091925582,-0.588141353,,
Global,Policy,livestock,2100,-0.916933971,-0.490405827,,
Global,Policy,municipal,1990,0,0,,
Global,Policy,municipal,2005,0,0,,
Global,Policy,municipal,2010,0,0,,
Global,Policy,municipal,2015,0,0,,
Global,Policy,municipal,2020,0.00431,0.00081929,,
Global,Policy,municipal,2025,0.14575,0.025816598,,
Global,Policy,municipal,2030,0.20465,0.034306676,,
Global,Policy,municipal,2035,0.11106,0.017819461,,
Global,Policy,municipal,2040,0.08264,0.012793539,,
Global,Policy,municipal,2045,0.00756,0.001137528,,
Global,Policy,municipal,2050,-0.77438,-0.114109651,,
Global,Policy,municipal,2055,-1.35981,-0.198109382,,
Global,Policy,municipal,2060,-0.86151,-0.124449282,,
Global,Policy,municipal,2065,-0.65138,-0.093441696,,
Global,Policy,municipal,2070,-0.95148,-0.135917225,,
Global,Policy,municipal,2075,-1.13673,-0.162314313,,
Global,Policy,municipal,2080,-1.30506,-0.186892779,,
Global,Policy,municipal,2085,-1.03616,-0.149260093,,
Global,Policy,municipal,2090,-0.93388,-0.135555376,,
Global,Policy,municipal,2095,-0.78674,-0.115348327,,
Global,Policy,municipal,2100,-0.60704,-0.09010245,,
Global,Policy,primaryEnergy,1990,0,0,,
Global,Policy,primaryEnergy,2005,0,0,,
Global,Policy,primaryEnergy,2010,0,0,,
Global,Policy,primaryEnergy,2015,0,0,,
Global,Policy,primaryEnergy,2020,1.12E-05,3.68E-05,,
Global,Policy,primaryEnergy,2025,1.059327173,3.319981658,,
Global,Policy,primaryEnergy,2030,3.289364301,9.84644363,,
Global,Policy,primaryEnergy,2035,12.2547108,34.74762348,,
Global,Policy,primaryEnergy,2040,22.57308476,58.51328299,,
Global,Policy,primaryEnergy,2045,28.82190697,63.98753733,,
Global,Policy,primaryEnergy,2050,31.96489758,61.07537783,,
Global,Policy,primaryEnergy,2055,29.46168262,50.47140921,,
Global,Policy,primaryEnergy,2060,27.7094861,43.41247848,,
Global,Policy,primaryEnergy,2065,23.71938,34.11404764,,
Global,Policy,primaryEnergy,2070,19.65126741,25.86981855,,
Global,Policy,primaryEnergy,2075,15.1115331,18.12537982,,
Global,Policy,primaryEnergy,2080,10.90712753,11.97660146,,
Global,Policy,primaryEnergy,2085,7.344756955,7.505608289,,
Global,Policy,primaryEnergy,2090,4.018121555,3.83917109,,
Global,Policy,primaryEnergy,2095,0.365633941,0.327371522,,
Global,Policy,primaryEnergy,2100,-3.211749129,-2.688205355,,
Taiwan,Policy,ces,1990,0,NA,,
Taiwan,Policy,ces,2005,0,NA,,
Taiwan,Policy,ces,2010,0,NA,,
Taiwan,Policy,ces,2015,0,NA,,
Taiwan,Policy,ces,2020,0,NA,,
Taiwan,Policy,ces,2025,3.18E-06,Inf,,
Taiwan,Policy,ces,2030,1.66E-05,Inf,,
Taiwan,Policy,ces,2035,0.000260636,Inf,,
Taiwan,Policy,ces,2040,0.000489055,Inf,,
Taiwan,Policy,ces,2045,0.001955606,Inf,,
Taiwan,Policy,ces,2050,0.03870602,Inf,,
Taiwan,Policy,ces,2055,0.170140421,Inf,,
Taiwan,Policy,ces,2060,0.415895902,Inf,,
Taiwan,Policy,ces,2065,0.052956869,Inf,,
Taiwan,Policy,ces,2070,0.029485984,Inf,,
Taiwan,Policy,ces,2075,0.026129452,Inf,,
Taiwan,Policy,ces,2080,0.03031201,Inf,,
Taiwan,Policy,ces,2085,0.044624753,Inf,,
Taiwan,Policy,ces,2090,0.40183245,Inf,,
Taiwan,Policy,ces,2095,0.499402075,Inf,,
Taiwan,Policy,ces,2100,0.521762136,Inf,,
Taiwan,Policy,electricity,1990,0,0,,
Taiwan,Policy,electricity,2005,0,0,,
Taiwan,Policy,electricity,2010,0,0,,
Taiwan,Policy,electricity,2015,0,0,,
Taiwan,Policy,electricity,2020,2.16E-06,7.39E-05,,
Taiwan,Policy,electricity,2025,-0.0047894,-0.144482878,,
Taiwan,Policy,electricity,2030,0.001553282,0.04382689,,
Taiwan,Policy,electricity,2035,-0.12258666,-3.333970473,,
Taiwan,Policy,electricity,2040,-0.593679819,-16.02957106,,
Taiwan,Policy,electricity,2045,-1.200343326,-32.8983566,,
Taiwan,Policy,electricity,2050,-1.500114379,-42.67970218,,
Taiwan,Policy,electricity,2055,-1.281904942,-38.81890649,,
Taiwan,Policy,electricity,2060,-0.745549936,-24.57961869,,
Taiwan,Policy,electricity,2065,-0.613301469,-22.03342268,,
Taiwan,Policy,electricity,2070,-0.228706493,-9.10411736,,
Taiwan,Policy,electricity,2075,0.113220316,4.986507124,,
Taiwan,Policy,electricity,2080,0.442723615,22.60674095,,
Taiwan,Policy,electricity,2085,0.631621156,34.90132155,,
Taiwan,Policy,electricity,2090,0.819997084,46.55708871,,
Taiwan,Policy,electricity,2095,0.799830452,44.66017662,,
Taiwan,Policy,electricity,2100,0.838596912,44.98300091,,
Taiwan,Policy,industry,1990,0,0,,
Taiwan,Policy,industry,2005,0,0,,
Taiwan,Policy,industry,2010,0,0,,
Taiwan,Policy,industry,2015,0,0,,
Taiwan,Policy,industry,2020,0,0,,
Taiwan,Policy,industry,2025,0.0122,0.106051913,,
Taiwan,Policy,industry,2030,0.0144,0.124325491,,
Taiwan,Policy,industry,2035,-0.5685,-4.924209615,,
Taiwan,Policy,industry,2040,-0.5805,-5.063545092,,
Taiwan,Policy,industry,2045,-0.5707,-5.016393154,,
Taiwan,Policy,industry,2050,-0.5186,-4.58958361,,
Taiwan,Policy,industry,2055,-0.4383,-3.900125466,,
Taiwan,Policy,industry,2060,-0.3572,-3.191394314,,
Taiwan,Policy,industry,2065,-0.2271,-2.030198192,,
Taiwan,Policy,industry,2070,-0.1213,-1.084342735,,
Taiwan,Policy,industry,2075,-0.0624,-0.557516194,,
Taiwan,Policy,industry,2080,-0.0387,-0.345433935,,
Taiwan,Policy,industry,2085,-0.0245,-0.218506132,,
Taiwan,Policy,industry,2090,-0.0343,-0.30546724,,
Taiwan,Policy,industry,2095,-0.0308,-0.274133542,,
Taiwan,Policy,industry,2100,-0.0173,-0.154087322,,
Taiwan,Policy,livestock,1990,0,0,,
Taiwan,Policy,livestock,2005,0,0,,
Taiwan,Policy,livestock,2010,0,0,,
Taiwan,Policy,livestock,2015,0,0,,
Taiwan,Policy,livestock,2020,-1.01E-07,-8.16E-05,,
Taiwan,Policy,livestock,2025,-0.001784295,-1.373672586,,
Taiwan,Policy,livestock,2030,-0.00181071,-1.366354424,,
Taiwan,Policy,livestock,2035,-6.66E-05,-0.050642604,,
Taiwan,Policy,livestock,2040,0.001268433,0.958136534,,
Taiwan,Policy,livestock,2045,0.001692424,1.26848145,,
Taiwan,Policy,livestock,2050,0.001615791,1.20417194,,
Taiwan,Policy,livestock,2055,0.001232306,0.912835713,,
Taiwan,Policy,livestock,2060,0.000978726,0.72057978,,
Taiwan,Policy,livestock,2065,0.000625144,0.455153874,,
Taiwan,Policy,livestock,2070,0.000373062,0.268695311,,
Taiwan,Policy,livestock,2075,0.000258292,0.184403405,,
Taiwan,Policy,livestock,2080,0.000179595,0.127347353,,
Taiwan,Policy,livestock,2085,6.58E-05,0.046402723,,
Taiwan,Policy,livestock,2090,-8.65E-05,-0.060775051,,
Taiwan,Policy,livestock,2095,-0.000263995,-0.184967271,,
Taiwan,Policy,livestock,2100,-0.000474877,-0.331943892,,
Taiwan,Policy,municipal,1990,0,0,,
Taiwan,Policy,municipal,2005,0,0,,
Taiwan,Policy,municipal,2010,0,0,,
Taiwan,Policy,municipal,2015,0,0,,
Taiwan,Policy,municipal,2020,0,0,,
Taiwan,Policy,municipal,2025,0,0,,
Taiwan,Policy,municipal,2030,0,0,,
Taiwan,Policy,municipal,2035,6.00E-05,0.001688799,,
Taiwan,Policy,municipal,2040,0.0001,0.002819268,,
Taiwan,Policy,municipal,2045,0.00013,0.003694158,,
Taiwan,Policy,municipal,2050,0.00013,0.003748137,,
Taiwan,Policy,municipal,2055,1.00E-04,0.002939793,,
Taiwan,Policy,municipal,2060,4.00E-05,0.001199447,,
Taiwan,Policy,municipal,2065,5.00E-05,0.001511382,,
Taiwan,Policy,municipal,2070,3.00E-05,0.000914913,,
Taiwan,Policy,municipal,2075,0,0,,
Taiwan,Policy,municipal,2080,-3.00E-05,-0.000937591,,
Taiwan,Policy,municipal,2085,-4.00E-05,-0.001271213,,
Taiwan,Policy,municipal,2090,-7.00E-05,-0.002267948,,
Taiwan,Policy,municipal,2095,-7.00E-05,-0.002317321,,
Taiwan,Policy,municipal,2100,-7.00E-05,-0.002372013,,
Taiwan,Policy,primaryEnergy,1990,0,0,,
Taiwan,Policy,primaryEnergy,2005,0,0,,
Taiwan,Policy,primaryEnergy,2010,0,0,,
Taiwan,Policy,primaryEnergy,2015,0,0,,
Taiwan,Policy,primaryEnergy,2020,-9.80E-08,-3.11E-05,,
Taiwan,Policy,primaryEnergy,2025,-8.62E-05,-0.027226017,,
Taiwan,Policy,primaryEnergy,2030,0.000408435,0.130963594,,
Taiwan,Policy,primaryEnergy,2035,-0.00704864,-2.332094005,,
Taiwan,Policy,primaryEnergy,2040,-0.010846346,-3.766095021,,
Taiwan,Policy,primaryEnergy,2045,-0.018472386,-6.879670992,,
Taiwan,Policy,primaryEnergy,2050,-0.029205182,-11.78362434,,
Taiwan,Policy,primaryEnergy,2055,-0.036587519,-15.77099774,,
Taiwan,Policy,primaryEnergy,2060,-0.038253811,-17.35689286,,
Taiwan,Policy,primaryEnergy,2065,-0.033253941,-15.62609469,,
Taiwan,Policy,primaryEnergy,2070,-0.02286465,-11.19509638,,
Taiwan,Policy,primaryEnergy,2075,-0.013148516,-6.857021593,,
Taiwan,Policy,primaryEnergy,2080,-0.00270988,-1.527864973,,
Taiwan,Policy,primaryEnergy,2085,0.006459068,3.946794288,,
Taiwan,Policy,primaryEnergy,2090,0.015506172,10.18962582,,
Taiwan,Policy,primaryEnergy,2095,0.020055219,14.08255211,,
Taiwan,Policy,primaryEnergy,2100,0.025059088,18.92695799,,
China,Policy_NoDAC,agriculture,1990,0,0,,
China,Policy_NoDAC,agriculture,2005,0,0,,
China,Policy_NoDAC,agriculture,2010,0,0,,
China,Policy_NoDAC,agriculture,2015,0,0,,
China,Policy_NoDAC,agriculture,2020,-0.00016938,-5.86E-05,,
China,Policy_NoDAC,agriculture,2025,-3.138194379,-1.063631403,,
China,Policy_NoDAC,agriculture,2030,-2.456568807,-0.832410658,,
China,Policy_NoDAC,agriculture,2035,0.925060912,0.316270751,,
China,Policy_NoDAC,agriculture,2040,2.368623156,0.820132651,,
China,Policy_NoDAC,agriculture,2045,3.534046645,1.243972205,,
China,Policy_NoDAC,agriculture,2050,3.309805057,1.190013739,,
China,Policy_NoDAC,agriculture,2055,0.814777156,0.29821695,,
China,Policy_NoDAC,agriculture,2060,0.262278429,0.098064109,,
China,Policy_NoDAC,agriculture,2065,1.06545658,0.407089517,,
China,Policy_NoDAC,agriculture,2070,2.59306725,1.012948444,,
China,Policy_NoDAC,agriculture,2075,4.729863316,1.887603057,,
China,Policy_NoDAC,agriculture,2080,7.600317635,3.10253498,,
China,Policy_NoDAC,agriculture,2085,10.06379329,4.209100074,,
China,Policy_NoDAC,agriculture,2090,12.36816436,5.303822542,,
China,Policy_NoDAC,agriculture,2095,15.22449497,6.694122956,,
China,Policy_NoDAC,agriculture,2100,17.30576679,7.792347216,,
China,Policy_NoDAC,ces,1990,0,NA,,
China,Policy_NoDAC,ces,2005,0,NA,,
China,Policy_NoDAC,ces,2010,0,NA,,
China,Policy_NoDAC,ces,2015,0,NA,,
China,Policy_NoDAC,ces,2020,0,NA,,
China,Policy_NoDAC,ces,2025,0,NA,,
China,Policy_NoDAC,ces,2030,0,NA,,
China,Policy_NoDAC,ces,2035,0,NA,,
China,Policy_NoDAC,ces,2040,0,NA,,
China,Policy_NoDAC,ces,2045,0,NA,,
China,Policy_NoDAC,ces,2050,0,NA,,
China,Policy_NoDAC,ces,2055,0,NA,,
China,Policy_NoDAC,ces,2060,0,NA,,
China,Policy_NoDAC,ces,2065,0,NA,,
China,Policy_NoDAC,ces,2070,0,NA,,
China,Policy_NoDAC,ces,2075,0,NA,,
China,Policy_NoDAC,ces,2080,0,NA,,
China,Policy_NoDAC,ces,2085,0,NA,,
China,Policy_NoDAC,ces,2090,0,NA,,
China,Policy_NoDAC,ces,2095,0,NA,,
China,Policy_NoDAC,ces,2100,0,NA,,
China,Policy_NoDAC,electricity,1990,0,0,,
China,Policy_NoDAC,electricity,2005,0,0,,
China,Policy_NoDAC,electricity,2010,0,0,,
China,Policy_NoDAC,electricity,2015,0,0,,
China,Policy_NoDAC,electricity,2020,7.88E-05,7.15E-05,,
China,Policy_NoDAC,electricity,2025,-0.032170706,-0.026985224,,
China,Policy_NoDAC,electricity,2030,-0.170713712,-0.137008078,,
China,Policy_NoDAC,electricity,2035,2.668819463,2.134156375,,
China,Policy_NoDAC,electricity,2040,-5.719553139,-4.708095445,,
China,Policy_NoDAC,electricity,2045,-5.703302704,-4.933171572,,
China,Policy_NoDAC,electricity,2050,9.707567244,9.130840145,3.40413,285.1702856
China,Policy_NoDAC,electricity,2055,34.37420866,34.99489783,28.3264381,121.3502684
China,Policy_NoDAC,electricity,2060,50.8357331,55.72453953,50.0555489,101.5586368
China,Policy_NoDAC,electricity,2065,79.0492778,90.87557489,80.89192,97.72209363
China,Policy_NoDAC,electricity,2070,83.92921129,98.34706166,87.56497,95.84793016
China,Policy_NoDAC,electricity,2075,80.01833367,94.10773918,86.813175,92.17302981
China,Policy_NoDAC,electricity,2080,70.74402197,85.46485951,81.4739607,86.83022325
China,Policy_NoDAC,electricity,2085,70.46924144,85.23398689,84.3929756,83.5013115
China,Policy_NoDAC,electricity,2090,68.19229009,81.48671397,85.1744719,80.06188775
China,Policy_NoDAC,electricity,2095,54.33780056,63.60461826,74.674897,72.76581923
China,Policy_NoDAC,electricity,2100,42.31807043,48.36117743,64.973642,65.13113492
China,Policy_NoDAC,industry,1990,0,0,,
China,Policy_NoDAC,industry,2005,0,0,,
China,Policy_NoDAC,industry,2010,0,0,,
China,Policy_NoDAC,industry,2015,0,0,,
China,Policy_NoDAC,industry,2020,0,0,,
China,Policy_NoDAC,industry,2025,0.058,0.042928302,,
China,Policy_NoDAC,industry,2030,0.087,0.061305166,,
China,Policy_NoDAC,industry,2035,-10.605,-7.370469472,,
China,Policy_NoDAC,industry,2040,-10.848,-7.574890022,,
China,Policy_NoDAC,industry,2045,-10.575,-7.498723622,,
China,Policy_NoDAC,industry,2050,-11.48,-8.334240807,,
China,Policy_NoDAC,industry,2055,-9.242,-6.907221118,,
China,Policy_NoDAC,industry,2060,-5.328,-4.112412106,,
China,Policy_NoDAC,industry,2065,-3.755,-3.00104697,,
China,Policy_NoDAC,industry,2070,-3.619,-2.999908817,,
China,Policy_NoDAC,industry,2075,-3.087,-2.657953195,,
China,Policy_NoDAC,industry,2080,-2.331,-2.088223174,,
China,Policy_NoDAC,industry,2085,-1.719,-1.604937119,,
China,Policy_NoDAC,industry,2090,-1.013,-0.986099213,,
China,Policy_NoDAC,industry,2095,-0.68,-0.689790192,,
China,Policy_NoDAC,industry,2100,-0.7966,-0.840642966,,
China,Policy_NoDAC,livestock,1990,0,0,,
China,Policy_NoDAC,livestock,2005,0,0,,
China,Policy_NoDAC,livestock,2010,0,0,,
China,Policy_NoDAC,livestock,2015,0,0,,
China,Policy_NoDAC,livestock,2020,-0.000119111,-0.000297522,,
China,Policy_NoDAC,livestock,2025,-0.230047994,-0.513924567,,
China,Policy_NoDAC,livestock,2030,-0.204339897,-0.428453053,,
China,Policy_NoDAC,livestock,2035,0.056915769,0.115342144,,
China,Policy_NoDAC,livestock,2040,0.103282292,0.205459837,,
China,Policy_NoDAC,livestock,2045,0.124025822,0.245225401,,
China,Policy_NoDAC,livestock,2050,0.108486377,0.215804694,,
China,Policy_NoDAC,livestock,2055,0.014118104,0.028520608,,
China,Policy_NoDAC,livestock,2060,-0.016965339,-0.035021739,,
China,Policy_NoDAC,livestock,2065,-0.038289657,-0.08110685,,
China,Policy_NoDAC,livestock,2070,-0.075128817,-0.163801247,,
China,Policy_NoDAC,livestock,2075,-0.076409051,-0.172084967,,
China,Policy_NoDAC,livestock,2080,-0.051966928,-0.121228866,,
China,Policy_NoDAC,livestock,2085,-0.046606559,-0.112865655,,
China,Policy_NoDAC,livestock,2090,-0.03482623,-0.087580898,,
China,Policy_NoDAC,livestock,2095,0.005564343,0.014518709,,
China,Policy_NoDAC,livestock,2100,0.060480622,0.16350529,,
China,Policy_NoDAC,municipal,1990,0,0,,
China,Policy_NoDAC,municipal,2005,0,0,,
China,Policy_NoDAC,municipal,2010,0,0,,
China,Policy_NoDAC,municipal,2015,0,0,,
China,Policy_NoDAC,municipal,2020,0,0,,
China,Policy_NoDAC,municipal,2025,0.0021,0.002247278,,
China,Policy_NoDAC,municipal,2030,0.0015,0.001529991,,
China,Policy_NoDAC,municipal,2035,0.008,0.007992567,,
China,Policy_NoDAC,municipal,2040,0.021,0.020898018,,
China,Policy_NoDAC,municipal,2045,0.0316,0.031730285,,
China,Policy_NoDAC,municipal,2050,0.0128,0.013140969,,
China,Policy_NoDAC,municipal,2055,-0.142,-0.150569513,,
China,Policy_NoDAC,municipal,2060,-0.0876,-0.09668586,,
China,Policy_NoDAC,municipal,2065,-0.2945,-0.339717798,,
China,Policy_NoDAC,municipal,2070,-0.396,-0.479179876,,
China,Policy_NoDAC,municipal,2075,-0.4696,-0.598752005,,
China,Policy_NoDAC,municipal,2080,-0.4019,-0.541702609,,
China,Policy_NoDAC,municipal,2085,-0.3639,-0.520029495,,
China,Policy_NoDAC,municipal,2090,-0.3474,-0.526777875,,
China,Policy_NoDAC,municipal,2095,-0.245,-0.393990123,,
China,Policy_NoDAC,municipal,2100,-0.0767,-0.130665731,,
China,Policy_NoDAC,primaryEnergy,1990,0,0,,
China,Policy_NoDAC,primaryEnergy,2005,0,0,,
China,Policy_NoDAC,primaryEnergy,2010,0,0,,
China,Policy_NoDAC,primaryEnergy,2015,0,0,,
China,Policy_NoDAC,primaryEnergy,2020,6.24E-06,0.000114841,,
China,Policy_NoDAC,primaryEnergy,2025,0.02677788,0.447017408,,
China,Policy_NoDAC,primaryEnergy,2030,0.091673448,1.451399597,,
China,Policy_NoDAC,primaryEnergy,2035,0.238562601,3.652485328,,
China,Policy_NoDAC,primaryEnergy,2040,0.647466097,9.717970051,,
China,Policy_NoDAC,primaryEnergy,2045,1.214328141,17.84314531,,
China,Policy_NoDAC,primaryEnergy,2050,1.745471376,25.30153172,,
China,Policy_NoDAC,primaryEnergy,2055,2.507334134,35.85272506,,
China,Policy_NoDAC,primaryEnergy,2060,4.390102721,61.77914106,,
China,Policy_NoDAC,primaryEnergy,2065,4.864975218,67.08487296,,
China,Policy_NoDAC,primaryEnergy,2070,5.132820325,68.81647812,,
China,Policy_NoDAC,primaryEnergy,2075,5.697986992,73.96103241,,
China,Policy_NoDAC,primaryEnergy,2080,5.914487983,74.16595555,,
China,Policy_NoDAC,primaryEnergy,2085,5.989447503,72.71252785,,
China,Policy_NoDAC,primaryEnergy,2090,6.009243717,70.40097056,,
China,Policy_NoDAC,primaryEnergy,2095,6.032037124,67.89545081,,
China,Policy_NoDAC,primaryEnergy,2100,6.162624172,65.99838929,58.48435173,
Global,Policy_NoDAC,agriculture,1990,0,0,,
Global,Policy_NoDAC,agriculture,2005,0,0,,
Global,Policy_NoDAC,agriculture,2010,0,0,,
Global,Policy_NoDAC,agriculture,2015,0,0,,
Global,Policy_NoDAC,agriculture,2020,0.060594539,0.00276429,,
Global,Policy_NoDAC,agriculture,2025,-24.49551742,-1.045383089,,
Global,Policy_NoDAC,agriculture,2030,-18.32410764,-0.746194969,,
Global,Policy_NoDAC,agriculture,2035,39.92222822,1.55856255,,
Global,Policy_NoDAC,agriculture,2040,64.17886696,2.411313079,,
Global,Policy_NoDAC,agriculture,2045,87.65879289,3.177409773,,
Global,Policy_NoDAC,agriculture,2050,97.75188127,3.44838548,,
Global,Policy_NoDAC,agriculture,2055,90.30740541,3.191648729,,
Global,Policy_NoDAC,agriculture,2060,91.17414689,3.218093338,,
Global,Policy_NoDAC,agriculture,2065,105.7951607,3.72655023,,
Global,Policy_NoDAC,agriculture,2070,112.9909604,3.964846686,,
Global,Policy_NoDAC,agriculture,2075,119.798609,4.19953806,,
Global,Policy_NoDAC,agriculture,2080,116.1233905,4.088098503,,
Global,Policy_NoDAC,agriculture,2085,134.546633,4.780104424,,
Global,Policy_NoDAC,agriculture,2090,123.489399,4.413301191,,
Global,Policy_NoDAC,agriculture,2095,110.7470429,4.000956442,,
Global,Policy_NoDAC,agriculture,2100,101.9337932,3.732557828,,
Global,Policy_NoDAC,ces,1990,0,NA,,
Global,Policy_NoDAC,ces,2005,0,NA,,
Global,Policy_NoDAC,ces,2010,0,NA,,
Global,Policy_NoDAC,ces,2015,0,NA,,
Global,Policy_NoDAC,ces,2020,0,NA,,
Global,Policy_NoDAC,ces,2025,0,NA,,
Global,Policy_NoDAC,ces,2030,0,NA,,
Global,Policy_NoDAC,ces,2035,0,NA,,
Global,Policy_NoDAC,ces,2040,0,NA,,
Global,Policy_NoDAC,ces,2045,0,NA,,
Global,Policy_NoDAC,ces,2050,0,NA,,
Global,Policy_NoDAC,ces,2055,0,NA,,
Global,Policy_NoDAC,ces,2060,0,NA,,
Global,Policy_NoDAC,ces,2065,0,NA,,
Global,Policy_NoDAC,ces,2070,0,NA,,
Global,Policy_NoDAC,ces,2075,0,NA,,
Global,Policy_NoDAC,ces,2080,0,NA,,
Global,Policy_NoDAC,ces,2085,0,NA,,
Global,Policy_NoDAC,ces,2090,0,NA,,
Global,Policy_NoDAC,ces,2095,0,NA,,
Global,Policy_NoDAC,ces,2100,0,NA,,
Global,Policy_NoDAC,electricity,1990,0,0,,
Global,Policy_NoDAC,electricity,2005,0,0,,
Global,Policy_NoDAC,electricity,2010,0,0,,
Global,Policy_NoDAC,electricity,2015,0,0,,
Global,Policy_NoDAC,electricity,2020,0.008663461,0.001744085,,
Global,Policy_NoDAC,electricity,2025,-25.72198192,-4.931308654,,
Global,Policy_NoDAC,electricity,2030,-49.77538198,-9.325778008,,
Global,Policy_NoDAC,electricity,2035,-31.1588104,-6.122917167,,
Global,Policy_NoDAC,electricity,2040,-13.99589219,-2.933600296,,
Global,Policy_NoDAC,electricity,2045,18.7127218,4.224190756,,
Global,Policy_NoDAC,electricity,2050,76.77447828,18.83502897,,
Global,Policy_NoDAC,electricity,2055,132.5080145,34.97174611,,
Global,Policy_NoDAC,electricity,2060,164.8722057,46.02145175,,
Global,Policy_NoDAC,electricity,2065,202.9668965,57.10893892,,
Global,Policy_NoDAC,electricity,2070,207.0238949,57.06923613,,
Global,Policy_NoDAC,electricity,2075,201.311746,54.61339955,,
Global,Policy_NoDAC,electricity,2080,187.7433204,51.14275039,,
Global,Policy_NoDAC,electricity,2085,179.9720116,48.75433,,
Global,Policy_NoDAC,electricity,2090,163.7856986,43.55330115,,
Global,Policy_NoDAC,electricity,2095,129.2795263,33.75569704,,
Global,Policy_NoDAC,electricity,2100,100.0231673,25.5607268,,
Global,Policy_NoDAC,industry,1990,0,0,,
Global,Policy_NoDAC,industry,2005,0,0,,
Global,Policy_NoDAC,industry,2010,0,0,,
Global,Policy_NoDAC,industry,2015,0,0,,
Global,Policy_NoDAC,industry,2020,-1.00E-04,-2.95E-05,,
Global,Policy_NoDAC,industry,2025,-1.482547,-0.394060917,,
Global,Policy_NoDAC,industry,2030,-2.80229,-0.683790041,,
Global,Policy_NoDAC,industry,2035,-20.841532,-4.772711918,,
Global,Policy_NoDAC,industry,2040,-25.804383,-5.606886063,,
Global,Policy_NoDAC,industry,2045,-29.291354,-6.08486815,,
Global,Policy_NoDAC,industry,2050,-33.454634,-6.688240963,,
Global,Policy_NoDAC,industry,2055,-33.549334,-6.491821662,,
Global,Policy_NoDAC,industry,2060,-30.738302,-5.781511822,,
Global,Policy_NoDAC,industry,2065,-29.492516,-5.415444709,,
Global,Policy_NoDAC,industry,2070,-30.381928,-5.47338479,,
Global,Policy_NoDAC,industry,2075,-29.22418,-5.183804626,,
Global,Policy_NoDAC,industry,2080,-28.320292,-4.960859224,,
Global,Policy_NoDAC,industry,2085,-27.552358,-4.77926581,,
Global,Policy_NoDAC,industry,2090,-26.415922,-4.551004576,,
Global,Policy_NoDAC,industry,2095,-25.315733,-4.346764498,,
Global,Policy_NoDAC,industry,2100,-24.1198,-4.143008061,,
Global,Policy_NoDAC,livestock,1990,0,0,,
Global,Policy_NoDAC,livestock,2005,0,0,,
Global,Policy_NoDAC,livestock,2010,0,0,,
Global,Policy_NoDAC,livestock,2015,0,0,,
Global,Policy_NoDAC,livestock,2020,5.97E-05,6.13E-05,,
Global,Policy_NoDAC,livestock,2025,0.382259806,0.354696827,,
Global,Policy_NoDAC,livestock,2030,1.188174674,1.017276362,,
Global,Policy_NoDAC,livestock,2035,-1.795395271,-1.430123749,,
Global,Policy_NoDAC,livestock,2040,-2.262494304,-1.695968486,,
Global,Policy_NoDAC,livestock,2045,-2.425600902,-1.722607791,,
Global,Policy_NoDAC,livestock,2050,-3.163950502,-2.139392284,,
Global,Policy_NoDAC,livestock,2055,-4.041614481,-2.62055139,,
Global,Policy_NoDAC,livestock,2060,-4.186054683,-2.6186213,,
Global,Policy_NoDAC,livestock,2065,-3.742314248,-2.267484402,,
Global,Policy_NoDAC,livestock,2070,-4.010617965,-2.35779514,,
Global,Policy_NoDAC,livestock,2075,-4.45097658,-2.548987948,,
Global,Policy_NoDAC,livestock,2080,-4.957248879,-2.775605804,,
Global,Policy_NoDAC,livestock,2085,-4.895194755,-2.697596793,,
Global,Policy_NoDAC,livestock,2090,-4.836564856,-2.631253533,,
Global,Policy_NoDAC,livestock,2095,-4.70164553,-2.532436466,,
Global,Policy_NoDAC,livestock,2100,-4.508074223,-2.411063325,,
Global,Policy_NoDAC,municipal,1990,0,0,,
Global,Policy_NoDAC,municipal,2005,0,0,,
Global,Policy_NoDAC,municipal,2010,0,0,,
Global,Policy_NoDAC,municipal,2015,0,0,,
Global,Policy_NoDAC,municipal,2020,0.00521,0.000990372,,
Global,Policy_NoDAC,municipal,2025,0.14646,0.025942359,,
Global,Policy_NoDAC,municipal,2030,0.20553,0.034454195,,
Global,Policy_NoDAC,municipal,2035,0.11148,0.017886849,,
Global,Policy_NoDAC,municipal,2040,0.06839,0.010587489,,
Global,Policy_NoDAC,municipal,2045,-0.07257,-0.010919361,,
Global,Policy_NoDAC,municipal,2050,-1.72482,-0.254162826,,
Global,Policy_NoDAC,municipal,2055,-3.08608,-0.449607961,,
Global,Policy_NoDAC,municipal,2060,-1.86618,-0.269578718,,
Global,Policy_NoDAC,municipal,2065,-2.04185,-0.292907255,,
Global,Policy_NoDAC,municipal,2070,-2.79274,-0.398937941,,
Global,Policy_NoDAC,municipal,2075,-3.48555,-0.497703635,,
Global,Policy_NoDAC,municipal,2080,-3.60944,-0.516894452,,
Global,Policy_NoDAC,municipal,2085,-3.42923,-0.493984703,,
Global,Policy_NoDAC,municipal,2090,-4.28784,-0.622392347,,
Global,Policy_NoDAC,municipal,2095,-4.22225,-0.619047555,,
Global,Policy_NoDAC,municipal,2100,-3.42817,-0.508840464,,
Global,Policy_NoDAC,primaryEnergy,1990,0,0,,
Global,Policy_NoDAC,primaryEnergy,2005,0,0,,
Global,Policy_NoDAC,primaryEnergy,2010,0,0,,
Global,Policy_NoDAC,primaryEnergy,2015,0,0,,
Global,Policy_NoDAC,primaryEnergy,2020,2.48E-05,8.17E-05,,
Global,Policy_NoDAC,primaryEnergy,2025,1.059523085,3.320595657,,
Global,Policy_NoDAC,primaryEnergy,2030,3.294697006,9.862406648,,
Global,Policy_NoDAC,primaryEnergy,2035,12.44905078,35.29866483,,
Global,Policy_NoDAC,primaryEnergy,2040,25.04519639,64.92141767,,
Global,Policy_NoDAC,primaryEnergy,2045,39.21789364,87.06767514,,
Global,Policy_NoDAC,primaryEnergy,2050,55.82016982,106.6556823,,
Global,Policy_NoDAC,primaryEnergy,2055,68.41993154,117.2115798,,
Global,Policy_NoDAC,primaryEnergy,2060,87.10903584,136.4738101,,
Global,Policy_NoDAC,primaryEnergy,2065,83.71977186,120.4087242,,
Global,Policy_NoDAC,primaryEnergy,2070,80.29326565,105.7016919,,
Global,Policy_NoDAC,primaryEnergy,2075,80.66918171,96.75785695,,
Global,Policy_NoDAC,primaryEnergy,2080,80.24239837,88.11038683,,
Global,Policy_NoDAC,primaryEnergy,2085,80.28419955,82.04243616,,
Global,Policy_NoDAC,primaryEnergy,2090,80.36065668,76.7817264,,
Global,Policy_NoDAC,primaryEnergy,2095,80.14480417,71.75790741,,
Global,Policy_NoDAC,primaryEnergy,2100,80.12297282,67.06221313,,
Taiwan,Policy_NoDAC,ces,1990,0,NA,,
Taiwan,Policy_NoDAC,ces,2005,0,NA,,
Taiwan,Policy_NoDAC,ces,2010,0,NA,,
Taiwan,Policy_NoDAC,ces,2015,0,NA,,
Taiwan,Policy_NoDAC,ces,2020,0,NA,,
Taiwan,Policy_NoDAC,ces,2025,0,NA,,
Taiwan,Policy_NoDAC,ces,2030,0,NA,,
Taiwan,Policy_NoDAC,ces,2035,0,NA,,
Taiwan,Policy_NoDAC,ces,2040,0,NA,,
Taiwan,Policy_NoDAC,ces,2045,0,NA,,
Taiwan,Policy_NoDAC,ces,2050,0,NA,,
Taiwan,Policy_NoDAC,ces,2055,0,NA,,
Taiwan,Policy_NoDAC,ces,2060,0,NA,,
Taiwan,Policy_NoDAC,ces,2065,0,NA,,
Taiwan,Policy_NoDAC,ces,2070,0,NA,,
Taiwan,Policy_NoDAC,ces,2075,0,NA,,
Taiwan,Policy_NoDAC,ces,2080,0,NA,,
Taiwan,Policy_NoDAC,ces,2085,0,NA,,
Taiwan,Policy_NoDAC,ces,2090,0,NA,,
Taiwan,Policy_NoDAC,ces,2095,0,NA,,
Taiwan,Policy_NoDAC,ces,2100,0,NA,,
Taiwan,Policy_NoDAC,electricity,1990,0,0,,
Taiwan,Policy_NoDAC,electricity,2005,0,0,,
Taiwan,Policy_NoDAC,electricity,2010,0,0,,
Taiwan,Policy_NoDAC,electricity,2015,0,0,,
Taiwan,Policy_NoDAC,electricity,2020,2.15E-06,7.36E-05,,
Taiwan,Policy_NoDAC,electricity,2025,-0.004790004,-0.144501098,,
Taiwan,Policy_NoDAC,electricity,2030,0.001561697,0.044064343,,
Taiwan,Policy_NoDAC,electricity,2035,-0.122619283,-3.33485772,,
Taiwan,Policy_NoDAC,electricity,2040,-0.60112831,-16.23068304,,
Taiwan,Policy_NoDAC,electricity,2045,-1.256217337,-34.42972108,,
Taiwan,Policy_NoDAC,electricity,2050,-1.598701299,-45.48459523,,
Taiwan,Policy_NoDAC,electricity,2055,-1.20603819,-36.52149405,,
Taiwan,Policy_NoDAC,electricity,2060,-0.881832344,-29.07263715,,
Taiwan,Policy_NoDAC,electricity,2065,-0.468166291,-16.81930714,,
Taiwan,Policy_NoDAC,electricity,2070,-0.204591699,-8.144179973,,
Taiwan,Policy_NoDAC,electricity,2075,-0.174894896,-7.702810592,,
Taiwan,Policy_NoDAC,electricity,2080,0.125244069,6.395322315,,
Taiwan,Policy_NoDAC,electricity,2085,0.305570612,16.88483368,,
Taiwan,Policy_NoDAC,electricity,2090,0.409516573,23.25117955,,
Taiwan,Policy_NoDAC,electricity,2095,0.412612477,23.03906541,,
Taiwan,Policy_NoDAC,electricity,2100,0.381554187,20.46686802,,
Taiwan,Policy_NoDAC,industry,1990,0,0,,
Taiwan,Policy_NoDAC,industry,2005,0,0,,
Taiwan,Policy_NoDAC,industry,2010,0,0,,
Taiwan,Policy_NoDAC,industry,2015,0,0,,
Taiwan,Policy_NoDAC,industry,2020,0,0,,
Taiwan,Policy_NoDAC,industry,2025,0.0122,0.106051913,,
Taiwan,Policy_NoDAC,industry,2030,0.0144,0.124325491,,
Taiwan,Policy_NoDAC,industry,2035,-0.5681,-4.920744911,,
Taiwan,Policy_NoDAC,industry,2040,-0.5766,-5.029526443,,
Taiwan,Policy_NoDAC,industry,2045,-0.5617,-4.937284098,,
Taiwan,Policy_NoDAC,industry,2050,-0.5482,-4.851542104,,
Taiwan,Policy_NoDAC,industry,2055,-0.3954,-3.51838834,,
Taiwan,Policy_NoDAC,industry,2060,-0.1939,-1.732394618,,
Taiwan,Policy_NoDAC,industry,2065,-0.1374,-1.228310135,,
Taiwan,Policy_NoDAC,industry,2070,-0.142,-1.269387208,,
Taiwan,Policy_NoDAC,industry,2075,-0.1322,-1.18114809,,
Taiwan,Policy_NoDAC,industry,2080,-0.114,-1.017557327,,
Taiwan,Policy_NoDAC,industry,2085,-0.0934,-0.832998885,,
Taiwan,Policy_NoDAC,industry,2090,-0.0655,-0.583326654,,
Taiwan,Policy_NoDAC,industry,2095,-0.0401,-0.356907631,,
Taiwan,Policy_NoDAC,industry,2100,-0.0152,-0.135383081,,
Taiwan,Policy_NoDAC,livestock,1990,0,0,,
Taiwan,Policy_NoDAC,livestock,2005,0,0,,
Taiwan,Policy_NoDAC,livestock,2010,0,0,,
Taiwan,Policy_NoDAC,livestock,2015,0,0,,
Taiwan,Policy_NoDAC,livestock,2020,-1.41E-07,-0.000113891,,
Taiwan,Policy_NoDAC,livestock,2025,-0.001784223,-1.373617741,,
Taiwan,Policy_NoDAC,livestock,2030,-0.001811934,-1.36727778,,
Taiwan,Policy_NoDAC,livestock,2035,-5.80E-05,-0.044130391,,
Taiwan,Policy_NoDAC,livestock,2040,0.001342884,1.01437468,,
Taiwan,Policy_NoDAC,livestock,2045,0.002230566,1.671822609,,
Taiwan,Policy_NoDAC,livestock,2050,0.003205434,2.388856121,,
Taiwan,Policy_NoDAC,livestock,2055,0.003953032,2.928224849,,
Taiwan,Policy_NoDAC,livestock,2060,0.004870584,3.585932209,,
Taiwan,Policy_NoDAC,livestock,2065,0.004784702,3.483638187,,
Taiwan,Policy_NoDAC,livestock,2070,0.004415186,3.180008583,,
Taiwan,Policy_NoDAC,livestock,2075,0.00422783,3.018394148,,
Taiwan,Policy_NoDAC,livestock,2080,0.004297295,3.047130157,,
Taiwan,Policy_NoDAC,livestock,2085,0.004455769,3.143544257,,
Taiwan,Policy_NoDAC,livestock,2090,0.004622785,3.248767082,,
Taiwan,Policy_NoDAC,livestock,2095,0.004701605,3.294160378,,
Taiwan,Policy_NoDAC,livestock,2100,0.004697332,3.283482594,,
Taiwan,Policy_NoDAC,municipal,1990,0,0,,
Taiwan,Policy_NoDAC,municipal,2005,0,0,,
Taiwan,Policy_NoDAC,municipal,2010,0,0,,
Taiwan,Policy_NoDAC,municipal,2015,0,0,,
Taiwan,Policy_NoDAC,municipal,2020,0,0,,
Taiwan,Policy_NoDAC,municipal,2025,0,0,,
Taiwan,Policy_NoDAC,municipal,2030,0,0,,
Taiwan,Policy_NoDAC,municipal,2035,6.00E-05,0.001688799,,
Taiwan,Policy_NoDAC,municipal,2040,0.0001,0.002819268,,
Taiwan,Policy_NoDAC,municipal,2045,0.00013,0.003694158,,
Taiwan,Policy_NoDAC,municipal,2050,0.00014,0.004036455,,
Taiwan,Policy_NoDAC,municipal,2055,1.00E-04,0.002939793,,
Taiwan,Policy_NoDAC,municipal,2060,7.00E-05,0.002099032,,
Taiwan,Policy_NoDAC,municipal,2065,4.00E-05,0.001209106,,
Taiwan,Policy_NoDAC,municipal,2070,3.00E-05,0.000914913,,
Taiwan,Policy_NoDAC,municipal,2075,2.00E-05,0.000616709,,
Taiwan,Policy_NoDAC,municipal,2080,0,0,,
Taiwan,Policy_NoDAC,municipal,2085,-1.00E-05,-0.000317803,,
Taiwan,Policy_NoDAC,municipal,2090,-1.00E-05,-0.000323993,,
Taiwan,Policy_NoDAC,municipal,2095,-1.00E-05,-0.000331046,,
Taiwan,Policy_NoDAC,municipal,2100,-1.00E-05,-0.000338859,,
Taiwan,Policy_NoDAC,primaryEnergy,1990,0,0,,
Taiwan,Policy_NoDAC,primaryEnergy,2005,0,0,,
Taiwan,Policy_NoDAC,primaryEnergy,2010,0,0,,
Taiwan,Policy_NoDAC,primaryEnergy,2015,0,0,,
Taiwan,Policy_NoDAC,primaryEnergy,2020,-9.60E-08,-3.04E-05,,
Taiwan,Policy_NoDAC,primaryEnergy,2025,-8.62E-05,-0.027226683,,
Taiwan,Policy_NoDAC,primaryEnergy,2030,0.000411185,0.131845641,,
Taiwan,Policy_NoDAC,primaryEnergy,2035,-0.007003505,-2.317160762,,
Taiwan,Policy_NoDAC,primaryEnergy,2040,-0.010158874,-3.527389438,,
Taiwan,Policy_NoDAC,primaryEnergy,2045,-0.014116065,-5.257246184,,
Taiwan,Policy_NoDAC,primaryEnergy,2050,-0.024127286,-9.734809438,,
Taiwan,Policy_NoDAC,primaryEnergy,2055,-0.046832349,-20.18701701,,
Taiwan,Policy_NoDAC,primaryEnergy,2060,-0.09731261,-44.15362853,,
Taiwan,Policy_NoDAC,primaryEnergy,2065,-0.094420148,-44.36821999,,
Taiwan,Policy_NoDAC,primaryEnergy,2070,-0.102666422,-50.26801071,,
Taiwan,Policy_NoDAC,primaryEnergy,2075,-0.086597741,-45.16118594,,
Taiwan,Policy_NoDAC,primaryEnergy,2080,-0.080817719,-45.56605559,,
Taiwan,Policy_NoDAC,primaryEnergy,2085,-0.081308608,-49.68338492,,
Taiwan,Policy_NoDAC,primaryEnergy,2090,-0.081820217,-53.76680817,,
Taiwan,Policy_NoDAC,primaryEnergy,2095,-0.079627475,-55.91352789,,
Taiwan,Policy_NoDAC,primaryEnergy,2100,-0.0755074,-57.03022416,,
China,NoDAC,agriculture,1990,0,0,,
China,NoDAC,agriculture,2005,0,0,,
China,NoDAC,agriculture,2010,0,0,,
China,NoDAC,agriculture,2015,0,0,,
China,NoDAC,agriculture,2020,2.80E-05,9.69E-06,,
China,NoDAC,agriculture,2025,0.000129742,4.44E-05,,
China,NoDAC,agriculture,2030,0.001226503,0.000419092,,
China,NoDAC,agriculture,2035,0.055742751,0.019001515,,
China,NoDAC,agriculture,2040,0.459702669,0.158126291,,
China,NoDAC,agriculture,2045,1.757137865,0.614661955,,
China,NoDAC,agriculture,2050,2.769754123,0.993912887,,
China,NoDAC,agriculture,2055,1.617724846,0.593849439,,
China,NoDAC,agriculture,2060,1.821080232,0.684881088,,
China,NoDAC,agriculture,2065,1.527713057,0.584741177,,
China,NoDAC,agriculture,2070,3.157453105,1.236143863,,
China,NoDAC,agriculture,2075,6.155489502,2.470601009,,
China,NoDAC,agriculture,2080,9.274927691,3.812189526,,
China,NoDAC,agriculture,2085,12.21595143,5.155629789,,
China,NoDAC,agriculture,2090,14.19511122,6.135336713,,
China,NoDAC,agriculture,2095,15.8142036,6.971490938,,
China,NoDAC,agriculture,2100,17.92369191,8.093101121,,
China,NoDAC,ces,1990,0,NA,,
China,NoDAC,ces,2005,0,NA,,
China,NoDAC,ces,2010,0,NA,,
China,NoDAC,ces,2015,0,NA,,
China,NoDAC,ces,2020,0,NA,,
China,NoDAC,ces,2025,-2.18E-06,-100,,
China,NoDAC,ces,2030,-1.35E-05,-100,,
China,NoDAC,ces,2035,-0.000807047,-100,,
China,NoDAC,ces,2040,-0.008520716,-100,,
China,NoDAC,ces,2045,-0.114193151,-100,,
China,NoDAC,ces,2050,-1.588855469,-100,,
China,NoDAC,ces,2055,-5.240577318,-100,,
China,NoDAC,ces,2060,-9.961555478,-100,,
China,NoDAC,ces,2065,-10.65584338,-100,,
China,NoDAC,ces,2070,-10.87119078,-100,,
China,NoDAC,ces,2075,-10.83831266,-100,,
China,NoDAC,ces,2080,-10.62587667,-100,,
China,NoDAC,ces,2085,-10.30739232,-100,,
China,NoDAC,ces,2090,-9.869077596,-100,,
China,NoDAC,ces,2095,-9.342715356,-100,,
China,NoDAC,ces,2100,-8.784131477,-100,,
China,NoDAC,electricity,1990,0,0,,
China,NoDAC,electricity,2005,0,0,,
China,NoDAC,electricity,2010,0,0,,
China,NoDAC,electricity,2015,0,0,,
China,NoDAC,electricity,2020,1.80E-05,1.63E-05,,
China,NoDAC,electricity,2025,1.39E-05,1.16E-05,,
China,NoDAC,electricity,2030,-0.000526985,-0.000423516,,
China,NoDAC,electricity,2035,-0.032137198,-0.025155606,,
China,NoDAC,electricity,2040,-0.380563132,-0.327663829,,
China,NoDAC,electricity,2045,-1.443718692,-1.296539495,,
China,NoDAC,electricity,2050,1.827314177,1.600148915,,
China,NoDAC,electricity,2055,10.19307844,8.327169986,,
China,NoDAC,electricity,2060,10.61074848,8.071967817,,
China,NoDAC,electricity,2065,23.76713388,16.70583957,,
China,NoDAC,electricity,2070,25.25814323,17.53905036,,
China,NoDAC,electricity,2075,20.89607801,14.49599621,,
China,NoDAC,electricity,2080,11.62991484,8.196449051,,
China,NoDAC,electricity,2085,12.89697472,9.19572597,,
China,NoDAC,electricity,2090,12.90431668,9.285475554,,
China,NoDAC,electricity,2095,17.16440109,13.99987161,,
China,NoDAC,electricity,2100,20.95948305,19.25311667,,
China,NoDAC,industry,1990,0,0,,
China,NoDAC,industry,2005,0,0,,
China,NoDAC,industry,2010,0,0,,
China,NoDAC,industry,2015,0,0,,
China,NoDAC,industry,2020,0,0,,
China,NoDAC,industry,2025,0,0,,
China,NoDAC,industry,2030,0,0,,
China,NoDAC,industry,2035,0,0,,
China,NoDAC,industry,2040,0.02,0.01511236,,
China,NoDAC,industry,2045,-0.01,-0.007665243,,
China,NoDAC,industry,2050,-1.377,-1.078798515,,
China,NoDAC,industry,2055,-0.521,-0.416530089,,
China,NoDAC,industry,2060,1.719,1.403127857,,
China,NoDAC,industry,2065,0.054,0.044512587,,
China,NoDAC,industry,2070,-1.808,-1.521552522,,
China,NoDAC,industry,2075,-2.405,-2.082972458,,
China,NoDAC,industry,2080,-2.194,-1.967907148,,
China,NoDAC,industry,2085,-1.898,-1.769103145,,
China,NoDAC,industry,2090,-1.532,-1.483820353,,
China,NoDAC,industry,2095,-1.1816,-1.192543976,,
China,NoDAC,industry,2100,-1.1269,-1.185074103,,
China,NoDAC,livestock,1990,0,0,,
China,NoDAC,livestock,2005,0,0,,
China,NoDAC,livestock,2010,0,0,,
China,NoDAC,livestock,2015,0,0,,
China,NoDAC,livestock,2020,-3.40E-06,-8.49E-06,,
China,NoDAC,livestock,2025,-3.11E-05,-6.99E-05,,
China,NoDAC,livestock,2030,-5.59E-05,-0.000117802,,
China,NoDAC,livestock,2035,0.001620336,0.003280002,,
China,NoDAC,livestock,2040,0.013500541,0.026808794,,
China,NoDAC,livestock,2045,0.076850065,0.151807305,,
China,NoDAC,livestock,2050,0.154779139,0.30817558,,
China,NoDAC,livestock,2055,0.162159393,0.328568009,,
China,NoDAC,livestock,2060,0.164479621,0.340813664,,
China,NoDAC,livestock,2065,0.114085981,0.242444521,,
China,NoDAC,livestock,2070,0.079045427,0.172921784,,
China,NoDAC,livestock,2075,0.076244329,0.172306376,,
China,NoDAC,livestock,2080,0.096934794,0.226918487,,
China,NoDAC,livestock,2085,0.109014882,0.264996626,,
China,NoDAC,livestock,2090,0.120497914,0.304216083,,
China,NoDAC,livestock,2095,0.158560349,0.415380295,,
China,NoDAC,livestock,2100,0.215836894,0.585961527,,
China,NoDAC,municipal,1990,0,0,,
China,NoDAC,municipal,2005,0,0,,
China,NoDAC,municipal,2010,0,0,,
China,NoDAC,municipal,2015,0,0,,
China,NoDAC,municipal,2020,0,0,,
China,NoDAC,municipal,2025,0,0,,
China,NoDAC,municipal,2030,0,0,,
China,NoDAC,municipal,2035,0,0,,
China,NoDAC,municipal,2040,0,0,,
China,NoDAC,municipal,2045,-0.0006,-0.000602279,,
China,NoDAC,municipal,2050,-0.0106,-0.010879751,,
China,NoDAC,municipal,2055,-0.0081,-0.008601036,,
China,NoDAC,municipal,2060,0.0427,0.047196714,,
China,NoDAC,municipal,2065,-0.0912,-0.105450227,,
China,NoDAC,municipal,2070,-0.0959,-0.116466746,,
China,NoDAC,municipal,2075,-0.1008,-0.129129783,,
China,NoDAC,municipal,2080,-0.1119,-0.151416741,,
China,NoDAC,municipal,2085,-0.1354,-0.194126595,,
China,NoDAC,municipal,2090,-0.2382,-0.361792193,,
China,NoDAC,municipal,2095,-0.2315,-0.372361301,,
China,NoDAC,municipal,2100,-0.0678,-0.115521251,,
China,NoDAC,primaryEnergy,1990,0,0,,
China,NoDAC,primaryEnergy,2005,0,0,,
China,NoDAC,primaryEnergy,2010,0,0,,
China,NoDAC,primaryEnergy,2015,0,0,,
China,NoDAC,primaryEnergy,2020,-6.17E-07,-1.14E-05,,
China,NoDAC,primaryEnergy,2025,9.47E-06,0.000157422,,
China,NoDAC,primaryEnergy,2030,0.000228014,0.003558455,,
China,NoDAC,primaryEnergy,2035,0.008507869,0.125826848,,
China,NoDAC,primaryEnergy,2040,0.112532876,1.563499821,,
China,NoDAC,primaryEnergy,2045,0.516399211,6.882110107,,
China,NoDAC,primaryEnergy,2050,0.988984955,12.91918516,,
China,NoDAC,primaryEnergy,2055,1.65974333,21.16744769,,
China,NoDAC,primaryEnergy,2060,3.288162138,40.06013691,,
China,NoDAC,primaryEnergy,2065,3.473983173,40.19435631,,
China,NoDAC,primaryEnergy,2070,3.658444347,40.95387726,,
China,NoDAC,primaryEnergy,2075,4.263631365,46.65623894,,
China,NoDAC,primaryEnergy,2080,4.564630359,48.95295516,,
China,NoDAC,primaryEnergy,2085,4.749516821,50.11576666,,
China,NoDAC,primaryEnergy,2090,4.915998724,51.05417437,,
China,NoDAC,primaryEnergy,2095,5.224084597,53.8995793,,
China,NoDAC,primaryEnergy,2100,5.663088716,57.56884081,39.20205572,
Global,NoDAC,agriculture,1990,0,0,,
Global,NoDAC,agriculture,2005,0,0,,
Global,NoDAC,agriculture,2010,0,0,,
Global,NoDAC,agriculture,2015,0,0,,
Global,NoDAC,agriculture,2020,0.013069986,0.000596233,,
Global,NoDAC,agriculture,2025,0.007740719,0.000333838,,
Global,NoDAC,agriculture,2030,0.037159144,0.001524596,,
Global,NoDAC,agriculture,2035,0.911204494,0.035039744,,
Global,NoDAC,agriculture,2040,7.044060358,0.25909586,,
Global,NoDAC,agriculture,2045,25.60118569,0.907563286,,
Global,NoDAC,agriculture,2050,46.02600211,1.594559283,,
Global,NoDAC,agriculture,2055,44.87537532,1.560924547,,
Global,NoDAC,agriculture,2060,53.0305681,1.846907833,,
Global,NoDAC,agriculture,2065,66.4643254,2.309161832,,
Global,NoDAC,agriculture,2070,85.71395406,2.979182802,,
Global,NoDAC,agriculture,2075,106.1687488,3.704045832,,
Global,NoDAC,agriculture,2080,116.9659894,4.118983848,,
Global,NoDAC,agriculture,2085,135.9791891,4.833459544,,
Global,NoDAC,agriculture,2090,131.928342,4.729157498,,
Global,NoDAC,agriculture,2095,125.753064,4.56784199,,
Global,NoDAC,agriculture,2100,121.3117021,4.47387313,,
Global,NoDAC,ces,1990,0,NA,,
Global,NoDAC,ces,2005,0,NA,,
Global,NoDAC,ces,2010,0,NA,,
Global,NoDAC,ces,2015,0,NA,,
Global,NoDAC,ces,2020,0,NA,,
Global,NoDAC,ces,2025,-0.001476154,-100,,
Global,NoDAC,ces,2030,-0.015907568,-100,,
Global,NoDAC,ces,2035,-0.256000363,-100,,
Global,NoDAC,ces,2040,-2.340136399,-100,,
Global,NoDAC,ces,2045,-9.212986915,-100,,
Global,NoDAC,ces,2050,-20.34214885,-100,,
Global,NoDAC,ces,2055,-29.12476505,-100,,
Global,NoDAC,ces,2060,-38.01655378,-100,,
Global,NoDAC,ces,2065,-41.49725137,-100,,
Global,NoDAC,ces,2070,-44.83546463,-100,,
Global,NoDAC,ces,2075,-47.62109712,-100,,
Global,NoDAC,ces,2080,-49.74534049,-100,,
Global,NoDAC,ces,2085,-51.35926177,-100,,
Global,NoDAC,ces,2090,-52.67494894,-100,,
Global,NoDAC,ces,2095,-53.35363672,-100,,
Global,NoDAC,ces,2100,-53.70278631,-100,,
Global,NoDAC,electricity,1990,0,0,,
Global,NoDAC,electricity,2005,0,0,,
Global,NoDAC,electricity,2010,0,0,,
Global,NoDAC,electricity,2015,0,0,,
Global,NoDAC,electricity,2020,0.009082533,0.001828452,,
Global,NoDAC,electricity,2025,0.014181815,0.00285999,,
Global,NoDAC,electricity,2030,-0.009644036,-0.001992676,,
Global,NoDAC,electricity,2035,-0.044163016,-0.009243501,,
Global,NoDAC,electricity,2040,5.297474166,1.157169416,,
Global,NoDAC,electricity,2045,10.73915737,2.381382878,,
Global,NoDAC,electricity,2050,30.5390042,6.728863176,,
Global,NoDAC,electricity,2055,61.52545914,13.67588755,,
Global,NoDAC,electricity,2060,71.32048701,15.78576671,,
Global,NoDAC,electricity,2065,90.85906135,19.43464187,,
Global,NoDAC,electricity,2070,88.87571148,18.48083802,,
Global,NoDAC,electricity,2075,82.22723783,16.86031666,,
Global,NoDAC,electricity,2080,72.40531563,15.0083158,,
Global,NoDAC,electricity,2085,72.55119705,15.22389337,,
Global,NoDAC,electricity,2090,69.62666734,14.80734513,,
Global,NoDAC,electricity,2095,71.93495736,16.33658782,,
Global,NoDAC,electricity,2100,72.55578622,17.32538132,,
Global,NoDAC,industry,1990,0,0,,
Global,NoDAC,industry,2005,0,0,,
Global,NoDAC,industry,2010,0,0,,
Global,NoDAC,industry,2015,0,0,,
Global,NoDAC,industry,2020,9.90E-05,2.92E-05,,
Global,NoDAC,industry,2025,-0.000573,-0.000152906,,
Global,NoDAC,industry,2030,-0.002795,-0.000686702,,
Global,NoDAC,industry,2035,-0.038462,-0.009248384,,
Global,NoDAC,industry,2040,-0.298868,-0.068749363,,
Global,NoDAC,industry,2045,-1.315468,-0.2901313,,
Global,NoDAC,industry,2050,-5.341976,-1.131563295,,
Global,NoDAC,industry,2055,-7.344119,-1.497001506,,
Global,NoDAC,industry,2060,-6.5687,-1.294335661,,
Global,NoDAC,industry,2065,-9.702633,-1.848788977,,
Global,NoDAC,industry,2070,-14.047571,-2.607435541,,
Global,NoDAC,industry,2075,-15.111152,-2.749250405,,
Global,NoDAC,industry,2080,-15.077644,-2.703869509,,
Global,NoDAC,industry,2085,-14.869068,-2.63722733,,
Global,NoDAC,industry,2090,-14.546152,-2.558366811,,
Global,NoDAC,industry,2095,-14.344291,-2.51023314,,
Global,NoDAC,industry,2100,-14.125558,-2.468697717,,
Global,NoDAC,livestock,1990,0,0,,
Global,NoDAC,livestock,2005,0,0,,
Global,NoDAC,livestock,2010,0,0,,
Global,NoDAC,livestock,2015,0,0,,
Global,NoDAC,livestock,2020,4.21E-05,4.32E-05,,
Global,NoDAC,livestock,2025,6.03E-06,5.57E-06,,
Global,NoDAC,livestock,2030,-0.000245061,-0.0002077,,
Global,NoDAC,livestock,2035,-0.014258171,-0.011520813,,
Global,NoDAC,livestock,2040,-0.107214751,-0.08168806,,
Global,NoDAC,livestock,2045,-0.480905792,-0.346311428,,
Global,NoDAC,livestock,2050,-1.401961694,-0.95940554,,
Global,NoDAC,livestock,2055,-2.009086353,-1.320072879,,
Global,NoDAC,livestock,2060,-2.0631508,-1.307991257,,
Global,NoDAC,livestock,2065,-1.885864604,-1.155652664,,
Global,NoDAC,livestock,2070,-2.167308903,-1.288093974,,
Global,NoDAC,livestock,2075,-2.74604918,-1.588115118,,
Global,NoDAC,livestock,2080,-3.23023438,-1.82629543,,
Global,NoDAC,livestock,2085,-3.408894534,-1.894054142,,
Global,NoDAC,livestock,2090,-3.567239396,-1.954192689,,
Global,NoDAC,livestock,2095,-3.609719949,-1.95579797,,
Global,NoDAC,livestock,2100,-3.591140252,-1.930122933,,
Global,NoDAC,municipal,1990,0,0,,
Global,NoDAC,municipal,2005,0,0,,
Global,NoDAC,municipal,2010,0,0,,
Global,NoDAC,municipal,2015,0,0,,
Global,NoDAC,municipal,2020,0.0009,0.00017108,,
Global,NoDAC,municipal,2025,0.00071,0.000125729,,
Global,NoDAC,municipal,2030,0.00088,0.000147469,,
Global,NoDAC,municipal,2035,0.00042,6.74E-05,,
Global,NoDAC,municipal,2040,-0.01425,-0.002205767,,
Global,NoDAC,municipal,2045,-0.08013,-0.012056752,,
Global,NoDAC,municipal,2050,-0.95044,-0.140213171,,
Global,NoDAC,municipal,2055,-1.72627,-0.25199781,,
Global,NoDAC,municipal,2060,-1.00467,-0.145310274,,
Global,NoDAC,municipal,2065,-1.39047,-0.199652117,,
Global,NoDAC,municipal,2070,-1.84126,-0.263378692,,
Global,NoDAC,municipal,2075,-2.34882,-0.335934592,,
Global,NoDAC,municipal,2080,-2.30438,-0.330619577,,
Global,NoDAC,municipal,2085,-2.39307,-0.345239915,,
Global,NoDAC,municipal,2090,-3.35396,-0.4874978,,
Global,NoDAC,municipal,2095,-3.43551,-0.504280908,,
Global,NoDAC,municipal,2100,-2.82113,-0.419115648,,
Global,NoDAC,primaryEnergy,1990,0,0,,
Global,NoDAC,primaryEnergy,2005,0,0,,
Global,NoDAC,primaryEnergy,2010,0,0,,
Global,NoDAC,primaryEnergy,2015,0,0,,
Global,NoDAC,primaryEnergy,2020,1.37E-05,4.49E-05,,
Global,NoDAC,primaryEnergy,2025,0.000195912,0.000594269,,
Global,NoDAC,primaryEnergy,2030,0.005332705,0.014532121,,
Global,NoDAC,primaryEnergy,2035,0.194339977,0.408943277,,
Global,NoDAC,primaryEnergy,2040,2.47211163,4.042648391,,
Global,NoDAC,primaryEnergy,2045,10.39598667,14.0743243,,
Global,NoDAC,primaryEnergy,2050,23.85527224,28.29749967,,
Global,NoDAC,primaryEnergy,2055,38.95824892,44.35405431,,
Global,NoDAC,primaryEnergy,2060,59.39954974,64.89067939,,
Global,NoDAC,primaryEnergy,2065,60.00039186,64.34424887,,
Global,NoDAC,primaryEnergy,2070,60.64199824,63.42415862,,
Global,NoDAC,primaryEnergy,2075,65.55764861,66.56696237,,
Global,NoDAC,primaryEnergy,2080,69.33527084,67.99079841,,
Global,NoDAC,primaryEnergy,2085,72.93944259,69.33296695,,
Global,NoDAC,primaryEnergy,2090,76.34253512,70.2457026,,
Global,NoDAC,primaryEnergy,2095,79.77917023,71.19745569,,
Global,NoDAC,primaryEnergy,2100,83.33472195,71.67725016,,
Taiwan,NoDAC,ces,1990,0,NA,,
Taiwan,NoDAC,ces,2005,0,NA,,
Taiwan,NoDAC,ces,2010,0,NA,,
Taiwan,NoDAC,ces,2015,0,NA,,
Taiwan,NoDAC,ces,2020,0,NA,,
Taiwan,NoDAC,ces,2025,-3.18E-06,-100,,
Taiwan,NoDAC,ces,2030,-1.66E-05,-100,,
Taiwan,NoDAC,ces,2035,-0.000260636,-100,,
Taiwan,NoDAC,ces,2040,-0.000489055,-100,,
Taiwan,NoDAC,ces,2045,-0.001955606,-100,,
Taiwan,NoDAC,ces,2050,-0.03870602,-100,,
Taiwan,NoDAC,ces,2055,-0.170140421,-100,,
Taiwan,NoDAC,ces,2060,-0.415895902,-100,,
Taiwan,NoDAC,ces,2065,-0.052956869,-100,,
Taiwan,NoDAC,ces,2070,-0.029485984,-100,,
Taiwan,NoDAC,ces,2075,-0.026129452,-100,,
Taiwan,NoDAC,ces,2080,-0.03031201,-100,,
Taiwan,NoDAC,ces,2085,-0.044624753,-100,,
Taiwan,NoDAC,ces,2090,-0.40183245,-100,,
Taiwan,NoDAC,ces,2095,-0.499402075,-100,,
Taiwan,NoDAC,ces,2100,-0.521762136,-100,,
Taiwan,NoDAC,electricity,1990,0,0,,
Taiwan,NoDAC,electricity,2005,0,0,,
Taiwan,NoDAC,electricity,2010,0,0,,
Taiwan,NoDAC,electricity,2015,0,0,,
Taiwan,NoDAC,electricity,2020,-8.92E-09,-3.05E-07,,
Taiwan,NoDAC,electricity,2025,-6.04E-07,-1.82E-05,,
Taiwan,NoDAC,electricity,2030,8.42E-06,0.000237348,,
Taiwan,NoDAC,electricity,2035,-3.26E-05,-0.000917847,,
Taiwan,NoDAC,electricity,2040,-0.007448492,-0.239503338,,
Taiwan,NoDAC,electricity,2045,-0.055874011,-2.282156447,,
Taiwan,NoDAC,electricity,2050,-0.09858692,-4.893367891,,
Taiwan,NoDAC,electricity,2055,0.075866752,3.755101967,,
Taiwan,NoDAC,electricity,2060,-0.136282408,-5.957300119,,
Taiwan,NoDAC,electricity,2065,0.145135178,6.687629136,,
Taiwan,NoDAC,electricity,2070,0.024114794,1.056084565,,
Taiwan,NoDAC,electricity,2075,-0.288115212,-12.08661766,,
Taiwan,NoDAC,electricity,2080,-0.317479547,-13.22228982,,
Taiwan,NoDAC,electricity,2085,-0.326050545,-13.35530865,,
Taiwan,NoDAC,electricity,2090,-0.410480511,-15.90227356,,
Taiwan,NoDAC,electricity,2095,-0.387217975,-14.9461391,,
Taiwan,NoDAC,electricity,2100,-0.457042726,-16.90966026,,
Taiwan,NoDAC,industry,1990,0,0,,
Taiwan,NoDAC,industry,2005,0,0,,
Taiwan,NoDAC,industry,2010,0,0,,
Taiwan,NoDAC,industry,2015,0,0,,
Taiwan,NoDAC,industry,2020,0,0,,
Taiwan,NoDAC,industry,2025,0,0,,
Taiwan,NoDAC,industry,2030,0,0,,
Taiwan,NoDAC,industry,2035,0.0004,0.003644149,,
Taiwan,NoDAC,industry,2040,0.0039,0.035833073,,
Taiwan,NoDAC,industry,2045,0.009,0.083287063,,
Taiwan,NoDAC,industry,2050,-0.0296,-0.274559638,,
Taiwan,NoDAC,industry,2055,0.0429,0.397229578,,
Taiwan,NoDAC,industry,2060,0.1633,1.507097108,,
Taiwan,NoDAC,industry,2065,0.0897,0.818505338,,
Taiwan,NoDAC,industry,2070,-0.0207,-0.187072986,,
Taiwan,NoDAC,industry,2075,-0.0698,-0.627128238,,
Taiwan,NoDAC,industry,2080,-0.0753,-0.674453182,,
Taiwan,NoDAC,industry,2085,-0.0689,-0.615838398,,
Taiwan,NoDAC,industry,2090,-0.0312,-0.278710784,,
Taiwan,NoDAC,industry,2095,-0.0093,-0.083001624,,
Taiwan,NoDAC,industry,2100,0.0021,0.018733107,,
Taiwan,NoDAC,livestock,1990,0,0,,
Taiwan,NoDAC,livestock,2005,0,0,,
Taiwan,NoDAC,livestock,2010,0,0,,
Taiwan,NoDAC,livestock,2015,0,0,,
Taiwan,NoDAC,livestock,2020,-4.00E-08,-3.23E-05,,
Taiwan,NoDAC,livestock,2025,7.12E-08,5.56E-05,,
Taiwan,NoDAC,livestock,2030,-1.22E-06,-0.000936147,,
Taiwan,NoDAC,livestock,2035,8.56E-06,0.006515512,,
Taiwan,NoDAC,livestock,2040,7.45E-05,0.055704422,,
Taiwan,NoDAC,livestock,2045,0.000538143,0.398288938,,
Taiwan,NoDAC,livestock,2050,0.001589642,1.170588286,,
Taiwan,NoDAC,livestock,2055,0.002720726,1.997158361,,
Taiwan,NoDAC,livestock,2060,0.003891858,2.844852993,,
Taiwan,NoDAC,livestock,2065,0.004159558,3.014762505,,
Taiwan,NoDAC,livestock,2070,0.004042124,2.903511673,,
Taiwan,NoDAC,livestock,2075,0.003969538,2.828774387,,
Taiwan,NoDAC,livestock,2080,0.0041177,2.916069268,,
Taiwan,NoDAC,livestock,2085,0.004389996,3.095705042,,
Taiwan,NoDAC,livestock,2090,0.004709264,3.311554731,,
Taiwan,NoDAC,livestock,2095,0.0049656,3.485574822,,
Taiwan,NoDAC,livestock,2100,0.005172209,3.627467643,,
Taiwan,NoDAC,municipal,1990,0,0,,
Taiwan,NoDAC,municipal,2005,0,0,,
Taiwan,NoDAC,municipal,2010,0,0,,
Taiwan,NoDAC,municipal,2015,0,0,,
Taiwan,NoDAC,municipal,2020,0,0,,
Taiwan,NoDAC,municipal,2025,0,0,,
Taiwan,NoDAC,municipal,2030,0,0,,
Taiwan,NoDAC,municipal,2035,0,0,,
Taiwan,NoDAC,municipal,2040,0,0,,
Taiwan,NoDAC,municipal,2045,0,0,,
Taiwan,NoDAC,municipal,2050,1.00E-05,0.000288307,,
Taiwan,NoDAC,municipal,2055,0,0,,
Taiwan,NoDAC,municipal,2060,3.00E-05,0.000899575,,
Taiwan,NoDAC,municipal,2065,-1.00E-05,-0.000302272,,
Taiwan,NoDAC,municipal,2070,0,0,,
Taiwan,NoDAC,municipal,2075,2.00E-05,0.000616709,,
Taiwan,NoDAC,municipal,2080,3.00E-05,0.0009376,,
Taiwan,NoDAC,municipal,2085,3.00E-05,0.000953422,,
Taiwan,NoDAC,municipal,2090,6.00E-05,0.001944,,
Taiwan,NoDAC,municipal,2095,6.00E-05,0.001986321,,
Taiwan,NoDAC,municipal,2100,6.00E-05,0.002033202,,
Taiwan,NoDAC,primaryEnergy,1990,0,0,,
Taiwan,NoDAC,primaryEnergy,2005,0,0,,
Taiwan,NoDAC,primaryEnergy,2010,0,0,,
Taiwan,NoDAC,primaryEnergy,2015,0,0,,
Taiwan,NoDAC,primaryEnergy,2020,2.00E-09,6.34E-07,,
Taiwan,NoDAC,primaryEnergy,2025,-2.11E-09,-6.67E-07,,
Taiwan,NoDAC,primaryEnergy,2030,2.75E-06,0.000880893,,
Taiwan,NoDAC,primaryEnergy,2035,4.51E-05,0.015289816,,
Taiwan,NoDAC,primaryEnergy,2040,0.000687472,0.248047278,,
Taiwan,NoDAC,primaryEnergy,2045,0.004356321,1.742288527,,
Taiwan,NoDAC,primaryEnergy,2050,0.005077895,2.322488188,,
Taiwan,NoDAC,primaryEnergy,2055,-0.01024483,-5.242872587,,
Taiwan,NoDAC,primaryEnergy,2060,-0.059058799,-32.42464689,,
Taiwan,NoDAC,primaryEnergy,2065,-0.061166207,-34.06518305,,
Taiwan,NoDAC,primaryEnergy,2070,-0.079801772,-43.99860001,,
Taiwan,NoDAC,primaryEnergy,2075,-0.073449225,-41.12404929,,
Taiwan,NoDAC,primaryEnergy,2080,-0.078107839,-44.72147436,,
Taiwan,NoDAC,primaryEnergy,2085,-0.087767676,-51.59387509,,
Taiwan,NoDAC,primaryEnergy,2090,-0.097326389,-58.04215553,,
Taiwan,NoDAC,primaryEnergy,2095,-0.099682695,-61.35564002,,
Taiwan,NoDAC,primaryEnergy,2100,-0.100566488,-63.86876738,,
