region,scenario,Scen_Label,year,tot_withdrawal,ref,rel_dif_per
China,Policy,Policy,1990,297.7024259,297.7024259,0
China,Policy,Policy,2005,497.1365441,497.1365441,0
China,Policy,Policy,2010,573.040771,573.040771,0
China,Policy,Policy,2015,621.4047869,621.4047869,0
China,Policy,Policy,2020,654.7939534,654.7941988,-3.74825E-05
China,Policy,Policy,2025,690.256374,693.570029,-0.477767898
China,Policy,Policy,2030,711.0253984,713.6777054,-0.371639337
China,Policy,Policy,2035,710.6569633,717.3975312,-0.939586167
China,Policy,Policy,2040,697.2787138,710.9225476,-1.919173035
China,Policy,Policy,2045,685.5440257,697.7002031,-1.742321034
China,Policy,Policy,2050,677.4072828,676.7675297,0.094530707
China,Policy,Policy,2055,676.5114401,656.0480307,3.11919378
China,Policy,Policy,2060,676.7639904,634.3930565,6.67897189
China,Policy,Policy,2065,677.6871788,614.9851315,10.19570133
China,Policy,Policy,2070,666.1215751,597.9346004,11.40375129
China,Policy,Policy,2075,651.0471504,582.281306,11.80972902
China,Policy,Policy,2080,633.2455723,564.4062426,12.19676971
China,Policy,Policy,2085,615.1505839,548.3882738,12.17427748
China,Policy,Policy,2090,598.532875,533.85505,12.11524083
China,Policy,Policy,2095,567.9054476,520.8359849,9.037290831
China,Policy,Policy,2100,539.5690381,509.3786652,5.926901731
China,Policy_CI_GFDL,Policy_CI,1990,297.7024259,297.7024259,0
China,Policy_CI_GFDL,Policy_CI,2005,497.1365441,497.1365441,0
China,Policy_CI_GFDL,Policy_CI,2010,573.040771,573.040771,0
China,Policy_CI_GFDL,Policy_CI,2015,621.4047869,621.4047869,0
China,Policy_CI_GFDL,Policy_CI,2020,660.284298,654.7941988,0.838446522
China,Policy_CI_GFDL,Policy_CI,2025,697.8513745,693.570029,0.617291029
China,Policy_CI_GFDL,Policy_CI,2030,716.3752197,713.6777054,0.377973725
China,Policy_CI_GFDL,Policy_CI,2035,717.3164538,717.3975312,-0.011301597
China,Policy_CI_GFDL,Policy_CI,2040,708.6402742,710.9225476,-0.32102982
China,Policy_CI_GFDL,Policy_CI,2045,699.5550309,697.7002031,0.265848822
China,Policy_CI_GFDL,Policy_CI,2050,696.5723833,676.7675297,2.926389449
China,Policy_CI_GFDL,Policy_CI,2055,695.5319972,656.0480307,6.018456667
China,Policy_CI_GFDL,Policy_CI,2060,696.4724897,634.3930565,9.785641976
China,Policy_CI_GFDL,Policy_CI,2065,699.5617443,614.9851315,13.75262725
China,Policy_CI_GFDL,Policy_CI,2070,686.5927147,597.9346004,14.82739321
China,Policy_CI_GFDL,Policy_CI,2075,668.7816532,582.281306,14.85542233
China,Policy_CI_GFDL,Policy_CI,2080,647.6244052,564.4062426,14.74437317
China,Policy_CI_GFDL,Policy_CI,2085,628.3680709,548.3882738,14.58451994
China,Policy_CI_GFDL,Policy_CI,2090,610.5935351,533.85505,14.37440464
China,Policy_CI_GFDL,Policy_CI,2095,577.2265836,520.8359849,10.82693983
China,Policy_CI_GFDL,Policy_CI,2100,547.7463843,509.3786652,7.532258768
China,Policy_CI_HadGEM,Policy_CI,1990,297.7024259,297.7024259,0
China,Policy_CI_HadGEM,Policy_CI,2005,497.1365441,497.1365441,0
China,Policy_CI_HadGEM,Policy_CI,2010,573.040771,573.040771,0
China,Policy_CI_HadGEM,Policy_CI,2015,621.4047869,621.4047869,0
China,Policy_CI_HadGEM,Policy_CI,2020,656.6393232,654.7941988,0.281786919
China,Policy_CI_HadGEM,Policy_CI,2025,688.9395315,693.570029,-0.667632298
China,Policy_CI_HadGEM,Policy_CI,2030,710.5757225,713.6777054,-0.434647585
China,Policy_CI_HadGEM,Policy_CI,2035,709.0862853,717.3975312,-1.158527257
China,Policy_CI_HadGEM,Policy_CI,2040,706.2917803,710.9225476,-0.651374367
China,Policy_CI_HadGEM,Policy_CI,2045,704.3369711,697.7002031,0.951234921
China,Policy_CI_HadGEM,Policy_CI,2050,705.8162535,676.7675297,4.292275052
China,Policy_CI_HadGEM,Policy_CI,2055,711.1851505,656.0480307,8.404433389
China,Policy_CI_HadGEM,Policy_CI,2060,713.7146284,634.3930565,12.50353721
China,Policy_CI_HadGEM,Policy_CI,2065,723.1237528,614.9851315,17.58394078
China,Policy_CI_HadGEM,Policy_CI,2070,714.1514156,597.9346004,19.43637567
China,Policy_CI_HadGEM,Policy_CI,2075,701.9093999,582.281306,20.54472514
China,Policy_CI_HadGEM,Policy_CI,2080,685.2930902,564.4062426,21.41841078
China,Policy_CI_HadGEM,Policy_CI,2085,668.1343707,548.3882738,21.8360061
China,Policy_CI_HadGEM,Policy_CI,2090,651.154542,533.85505,21.97216118
China,Policy_CI_HadGEM,Policy_CI,2095,612.0864452,520.8359849,17.5199992
China,Policy_CI_HadGEM,Policy_CI,2100,575.8210063,509.3786652,13.04380134
China,Policy_CI_IPSL,Policy_CI,1990,297.7024259,297.7024259,0
China,Policy_CI_IPSL,Policy_CI,2005,497.1365441,497.1365441,0
China,Policy_CI_IPSL,Policy_CI,2010,573.040771,573.040771,0
China,Policy_CI_IPSL,Policy_CI,2015,621.4047869,621.4047869,0
China,Policy_CI_IPSL,Policy_CI,2020,667.7493395,654.7941988,1.978505722
China,Policy_CI_IPSL,Policy_CI,2025,704.0035178,693.570029,1.50431656
China,Policy_CI_IPSL,Policy_CI,2030,724.5243697,713.6777054,1.519826692
China,Policy_CI_IPSL,Policy_CI,2035,722.2620148,717.3975312,0.678073646
China,Policy_CI_IPSL,Policy_CI,2040,709.1498648,710.9225476,-0.249349634
China,Policy_CI_IPSL,Policy_CI,2045,693.6085798,697.7002031,-0.586444331
China,Policy_CI_IPSL,Policy_CI,2050,689.5875626,676.7675297,1.894303782
China,Policy_CI_IPSL,Policy_CI,2055,686.4106734,656.0480307,4.628112773
China,Policy_CI_IPSL,Policy_CI,2060,690.3064558,634.3930565,8.813683999
China,Policy_CI_IPSL,Policy_CI,2065,695.5817113,614.9851315,13.10545176
China,Policy_CI_IPSL,Policy_CI,2070,687.633263,597.9346004,15.00141697
China,Policy_CI_IPSL,Policy_CI,2075,672.7522741,582.281306,15.53733
China,Policy_CI_IPSL,Policy_CI,2080,653.1084377,564.4062426,15.71601948
China,Policy_CI_IPSL,Policy_CI,2085,636.4138778,548.3882738,16.05169333
China,Policy_CI_IPSL,Policy_CI,2090,619.8135321,533.85505,16.10146465
China,Policy_CI_IPSL,Policy_CI,2095,586.396754,520.8359849,12.58760359
China,Policy_CI_IPSL,Policy_CI,2100,563.8468444,509.3786652,10.69306254
China,Policy_CI_MIROC,Policy_CI,1990,297.7024259,297.7024259,0
China,Policy_CI_MIROC,Policy_CI,2005,497.1365441,497.1365441,0
China,Policy_CI_MIROC,Policy_CI,2010,573.040771,573.040771,0
China,Policy_CI_MIROC,Policy_CI,2015,621.4047869,621.4047869,0
China,Policy_CI_MIROC,Policy_CI,2020,663.4458503,654.7941988,1.321277966
China,Policy_CI_MIROC,Policy_CI,2025,695.8727847,693.570029,0.332014879
China,Policy_CI_MIROC,Policy_CI,2030,715.4260226,713.6777054,0.244972925
China,Policy_CI_MIROC,Policy_CI,2035,705.87913,717.3975312,-1.605581391
China,Policy_CI_MIROC,Policy_CI,2040,687.4066581,710.9225476,-3.307799082
China,Policy_CI_MIROC,Policy_CI,2045,670.651381,697.7002031,-3.876854549
China,Policy_CI_MIROC,Policy_CI,2050,660.5207916,676.7675297,-2.400637943
China,Policy_CI_MIROC,Policy_CI,2055,661.265311,656.0480307,0.795258893
China,Policy_CI_MIROC,Policy_CI,2060,658.5921111,634.3930565,3.814520723
China,Policy_CI_MIROC,Policy_CI,2065,661.5495796,614.9851315,7.571638029
China,Policy_CI_MIROC,Policy_CI,2070,650.395878,597.9346004,8.773748425
China,Policy_CI_MIROC,Policy_CI,2075,636.9328888,582.281306,9.385769759
China,Policy_CI_MIROC,Policy_CI,2080,618.1643131,564.4062426,9.524712236
China,Policy_CI_MIROC,Policy_CI,2085,600.1709971,548.3882738,9.442711634
China,Policy_CI_MIROC,Policy_CI,2090,581.2728747,533.85505,8.882153437
China,Policy_CI_MIROC,Policy_CI,2095,552.9932217,520.8359849,6.174158042
China,Policy_CI_MIROC,Policy_CI,2100,533.4279365,509.3786652,4.721295379
China,Policy_CI_NorESM,Policy_CI,1990,297.7024259,297.7024259,0
China,Policy_CI_NorESM,Policy_CI,2005,497.1365441,497.1365441,0
China,Policy_CI_NorESM,Policy_CI,2010,573.040771,573.040771,0
China,Policy_CI_NorESM,Policy_CI,2015,621.4047869,621.4047869,0
China,Policy_CI_NorESM,Policy_CI,2020,661.497133,654.7941988,1.023670365
China,Policy_CI_NorESM,Policy_CI,2025,697.4543632,693.570029,0.560049316
China,Policy_CI_NorESM,Policy_CI,2030,718.8904933,713.6777054,0.730412032
China,Policy_CI_NorESM,Policy_CI,2035,712.9017736,717.3975312,-0.626675921
China,Policy_CI_NorESM,Policy_CI,2040,699.2221098,710.9225476,-1.645810484
China,Policy_CI_NorESM,Policy_CI,2045,686.1792992,697.7002031,-1.651268534
China,Policy_CI_NorESM,Policy_CI,2050,677.2664485,676.7675297,0.073720853
China,Policy_CI_NorESM,Policy_CI,2055,679.1888745,656.0480307,3.527309387
China,Policy_CI_NorESM,Policy_CI,2060,679.4026216,634.3930565,7.094901921
China,Policy_CI_NorESM,Policy_CI,2065,680.22522,614.9851315,10.60840094
China,Policy_CI_NorESM,Policy_CI,2070,669.5120545,597.9346004,11.9707831
China,Policy_CI_NorESM,Policy_CI,2075,657.0064777,582.281306,12.83317375
China,Policy_CI_NorESM,Policy_CI,2080,640.4626031,564.4062426,13.47546408
China,Policy_CI_NorESM,Policy_CI,2085,625.2181759,548.3882738,14.01012855
China,Policy_CI_NorESM,Policy_CI,2090,606.5389801,533.85505,13.61491854
China,Policy_CI_NorESM,Policy_CI,2095,574.9563614,520.8359849,10.3910594
China,Policy_CI_NorESM,Policy_CI,2100,551.2520877,509.3786652,8.220490063
China,Policy_NoDAC,Policy_NoDAC,1990,297.7024259,297.7024259,0
China,Policy_NoDAC,Policy_NoDAC,2005,497.1365441,497.1365441,0
China,Policy_NoDAC,Policy_NoDAC,2010,573.040771,573.040771,0
China,Policy_NoDAC,Policy_NoDAC,2015,621.4047869,621.4047869,0
China,Policy_NoDAC,Policy_NoDAC,2020,654.7939954,654.7941988,-3.10732E-05
China,Policy_NoDAC,Policy_NoDAC,2025,690.2564938,693.570029,-0.477750632
China,Policy_NoDAC,Policy_NoDAC,2030,711.0262565,713.6777054,-0.371519097
China,Policy_NoDAC,Policy_NoDAC,2035,710.68989,717.3975312,-0.934996423
China,Policy_NoDAC,Policy_NoDAC,2040,697.495366,710.9225476,-1.888698233
China,Policy_NoDAC,Policy_NoDAC,2045,686.325901,697.7002031,-1.630256383
China,Policy_NoDAC,Policy_NoDAC,2050,680.1716597,676.7675297,0.502998431
China,Policy_NoDAC,Policy_NoDAC,2055,684.3744688,656.0480307,4.317738448
China,Policy_NoDAC,Policy_NoDAC,2060,684.4486054,634.3930565,7.890305292
China,Policy_NoDAC,Policy_NoDAC,2065,695.8770515,614.9851315,13.15347572
China,Policy_NoDAC,Policy_NoDAC,2070,685.4995704,597.9346004,14.64457317
China,Policy_NoDAC,Policy_NoDAC,2075,669.094481,582.281306,14.90914684
China,Policy_NoDAC,Policy_NoDAC,2080,645.8802033,564.4062426,14.4353401
China,Policy_NoDAC,Policy_NoDAC,2085,632.7812494,548.3882738,15.3892743
China,Policy_NoDAC,Policy_NoDAC,2090,619.0295219,533.85505,15.95460639
China,Policy_NoDAC,Policy_NoDAC,2095,595.5108819,520.8359849,14.33750723
China,Policy_NoDAC,Policy_NoDAC,2100,574.3523072,509.3786652,12.75546984
China,Policy_NoDAC_CI_GFDL,Policy_NoDAC_CI,1990,297.7024259,297.7024259,0
China,Policy_NoDAC_CI_GFDL,Policy_NoDAC_CI,2005,497.1365441,497.1365441,0
China,Policy_NoDAC_CI_GFDL,Policy_NoDAC_CI,2010,573.040771,573.040771,0
China,Policy_NoDAC_CI_GFDL,Policy_NoDAC_CI,2015,621.4047869,621.4047869,0
China,Policy_NoDAC_CI_GFDL,Policy_NoDAC_CI,2020,660.2842265,654.7941988,0.838435599
China,Policy_NoDAC_CI_GFDL,Policy_NoDAC_CI,2025,697.8513212,693.570029,0.617283339
China,Policy_NoDAC_CI_GFDL,Policy_NoDAC_CI,2030,716.3762602,713.6777054,0.378119522
China,Policy_NoDAC_CI_GFDL,Policy_NoDAC_CI,2035,717.3221559,717.3975312,-0.010506776
China,Policy_NoDAC_CI_GFDL,Policy_NoDAC_CI,2040,708.8756259,710.9225476,-0.287924714
China,Policy_NoDAC_CI_GFDL,Policy_NoDAC_CI,2045,701.230061,697.7002031,0.505927607
China,Policy_NoDAC_CI_GFDL,Policy_NoDAC_CI,2050,700.302408,676.7675297,3.477542487
China,Policy_NoDAC_CI_GFDL,Policy_NoDAC_CI,2055,704.7526432,656.0480307,7.423940045
China,Policy_NoDAC_CI_GFDL,Policy_NoDAC_CI,2060,705.1000673,634.3930565,11.14561549
China,Policy_NoDAC_CI_GFDL,Policy_NoDAC_CI,2065,719.1021806,614.9851315,16.93001078
China,Policy_NoDAC_CI_GFDL,Policy_NoDAC_CI,2070,707.3878998,597.9346004,18.30522926
China,Policy_NoDAC_CI_GFDL,Policy_NoDAC_CI,2075,687.6894513,582.281306,18.10261537
China,Policy_NoDAC_CI_GFDL,Policy_NoDAC_CI,2080,659.7393857,564.4062426,16.89087326
China,Policy_NoDAC_CI_GFDL,Policy_NoDAC_CI,2085,645.122132,548.3882738,17.63966569
China,Policy_NoDAC_CI_GFDL,Policy_NoDAC_CI,2090,632.2674125,533.85505,18.43428521
China,Policy_NoDAC_CI_GFDL,Policy_NoDAC_CI,2095,604.9623315,520.8359849,16.15217632
China,Policy_NoDAC_CI_GFDL,Policy_NoDAC_CI,2100,582.0129142,509.3786652,14.25938188
China,Policy_NoDAC_CI_HadGEM,Policy_NoDAC_CI,1990,297.7024259,297.7024259,0
China,Policy_NoDAC_CI_HadGEM,Policy_NoDAC_CI,2005,497.1365441,497.1365441,0
China,Policy_NoDAC_CI_HadGEM,Policy_NoDAC_CI,2010,573.040771,573.040771,0
China,Policy_NoDAC_CI_HadGEM,Policy_NoDAC_CI,2015,621.4047869,621.4047869,0
China,Policy_NoDAC_CI_HadGEM,Policy_NoDAC_CI,2020,656.6393514,654.7941988,0.281791216
China,Policy_NoDAC_CI_HadGEM,Policy_NoDAC_CI,2025,688.9397158,693.570029,-0.667605719
China,Policy_NoDAC_CI_HadGEM,Policy_NoDAC_CI,2030,710.5770951,713.6777054,-0.434455265
China,Policy_NoDAC_CI_HadGEM,Policy_NoDAC_CI,2035,709.1163048,717.3975312,-1.154342757
China,Policy_NoDAC_CI_HadGEM,Policy_NoDAC_CI,2040,706.628646,710.9225476,-0.603990066
China,Policy_NoDAC_CI_HadGEM,Policy_NoDAC_CI,2045,705.2838891,697.7002031,1.086954829
China,Policy_NoDAC_CI_HadGEM,Policy_NoDAC_CI,2050,708.9856885,676.7675297,4.760594655
China,Policy_NoDAC_CI_HadGEM,Policy_NoDAC_CI,2055,717.6114688,656.0480307,9.383983372
China,Policy_NoDAC_CI_HadGEM,Policy_NoDAC_CI,2060,715.4215252,634.3930565,12.77259704
China,Policy_NoDAC_CI_HadGEM,Policy_NoDAC_CI,2065,734.9744282,614.9851315,19.51092644
China,Policy_NoDAC_CI_HadGEM,Policy_NoDAC_CI,2070,727.9055242,597.9346004,21.7366454
China,Policy_NoDAC_CI_HadGEM,Policy_NoDAC_CI,2075,715.1082128,582.281306,22.81146679
China,Policy_NoDAC_CI_HadGEM,Policy_NoDAC_CI,2080,693.7436286,564.4062426,22.91565475
China,Policy_NoDAC_CI_HadGEM,Policy_NoDAC_CI,2085,681.3524219,548.3882738,24.24635145
China,Policy_NoDAC_CI_HadGEM,Policy_NoDAC_CI,2090,666.9923452,533.85505,24.93884721
China,Policy_NoDAC_CI_HadGEM,Policy_NoDAC_CI,2095,636.9674885,520.8359849,22.29713518
China,Policy_NoDAC_CI_HadGEM,Policy_NoDAC_CI,2100,605.4981121,509.3786652,18.8699397
China,Policy_NoDAC_CI_IPSL,Policy_NoDAC_CI,1990,297.7024259,297.7024259,0
China,Policy_NoDAC_CI_IPSL,Policy_NoDAC_CI,2005,497.1365441,497.1365441,0
China,Policy_NoDAC_CI_IPSL,Policy_NoDAC_CI,2010,573.040771,573.040771,0
China,Policy_NoDAC_CI_IPSL,Policy_NoDAC_CI,2015,621.4047869,621.4047869,0
China,Policy_NoDAC_CI_IPSL,Policy_NoDAC_CI,2020,667.7493395,654.7941988,1.978505716
China,Policy_NoDAC_CI_IPSL,Policy_NoDAC_CI,2025,704.0031956,693.570029,1.504270103
China,Policy_NoDAC_CI_IPSL,Policy_NoDAC_CI,2030,724.5270942,713.6777054,1.52020845
China,Policy_NoDAC_CI_IPSL,Policy_NoDAC_CI,2035,722.2947787,717.3975312,0.682640696
China,Policy_NoDAC_CI_IPSL,Policy_NoDAC_CI,2040,709.4228353,710.9225476,-0.210952972
China,Policy_NoDAC_CI_IPSL,Policy_NoDAC_CI,2045,694.4591298,697.7002031,-0.464536665
China,Policy_NoDAC_CI_IPSL,Policy_NoDAC_CI,2050,692.9294414,676.7675297,2.388103899
China,Policy_NoDAC_CI_IPSL,Policy_NoDAC_CI,2055,694.3480797,656.0480307,5.837994666
China,Policy_NoDAC_CI_IPSL,Policy_NoDAC_CI,2060,694.1822336,634.3930565,9.424626656
China,Policy_NoDAC_CI_IPSL,Policy_NoDAC_CI,2065,709.5152894,614.9851315,15.37112899
China,Policy_NoDAC_CI_IPSL,Policy_NoDAC_CI,2070,703.8089695,597.9346004,17.70668047
China,Policy_NoDAC_CI_IPSL,Policy_NoDAC_CI,2075,689.0262146,582.281306,18.33218883
China,Policy_NoDAC_CI_IPSL,Policy_NoDAC_CI,2080,664.9674615,564.4062426,17.81716984
China,Policy_NoDAC_CI_IPSL,Policy_NoDAC_CI,2085,653.0584572,548.3882738,19.08687483
China,Policy_NoDAC_CI_IPSL,Policy_NoDAC_CI,2090,640.3884768,533.85505,19.95549669
China,Policy_NoDAC_CI_IPSL,Policy_NoDAC_CI,2095,614.650257,520.8359849,18.01224856
China,Policy_NoDAC_CI_IPSL,Policy_NoDAC_CI,2100,595.686632,509.3786652,16.94377341
China,Policy_NoDAC_CI_MIROC,Policy_NoDAC_CI,1990,297.7024259,297.7024259,0
China,Policy_NoDAC_CI_MIROC,Policy_NoDAC_CI,2005,497.1365441,497.1365441,0
China,Policy_NoDAC_CI_MIROC,Policy_NoDAC_CI,2010,573.040771,573.040771,0
China,Policy_NoDAC_CI_MIROC,Policy_NoDAC_CI,2015,621.4047869,621.4047869,0
China,Policy_NoDAC_CI_MIROC,Policy_NoDAC_CI,2020,663.4458603,654.7941988,1.32127949
China,Policy_NoDAC_CI_MIROC,Policy_NoDAC_CI,2025,695.8729052,693.570029,0.332032262
China,Policy_NoDAC_CI_MIROC,Policy_NoDAC_CI,2030,715.4255539,713.6777054,0.24490725
China,Policy_NoDAC_CI_MIROC,Policy_NoDAC_CI,2035,705.905515,717.3975312,-1.601903503
China,Policy_NoDAC_CI_MIROC,Policy_NoDAC_CI,2040,687.6028899,710.9225476,-3.280196669
China,Policy_NoDAC_CI_MIROC,Policy_NoDAC_CI,2045,671.3804443,697.7002031,-3.772359336
China,Policy_NoDAC_CI_MIROC,Policy_NoDAC_CI,2050,664.0313702,676.7675297,-1.881910544
China,Policy_NoDAC_CI_MIROC,Policy_NoDAC_CI,2055,669.7783955,656.0480307,2.092890183
China,Policy_NoDAC_CI_MIROC,Policy_NoDAC_CI,2060,666.4660483,634.3930565,5.055697175
China,Policy_NoDAC_CI_MIROC,Policy_NoDAC_CI,2065,681.0315538,614.9851315,10.7395153
China,Policy_NoDAC_CI_MIROC,Policy_NoDAC_CI,2070,671.4297088,597.9346004,12.29149615
China,Policy_NoDAC_CI_MIROC,Policy_NoDAC_CI,2075,656.8051225,582.281306,12.79859334
China,Policy_NoDAC_CI_MIROC,Policy_NoDAC_CI,2080,631.2758276,564.4062426,11.84777557
China,Policy_NoDAC_CI_MIROC,Policy_NoDAC_CI,2085,617.2087735,548.3882738,12.54959359
China,Policy_NoDAC_CI_MIROC,Policy_NoDAC_CI,2090,604.2917794,533.85505,13.19398017
China,Policy_NoDAC_CI_MIROC,Policy_NoDAC_CI,2095,582.5064431,520.8359849,11.84066771
China,Policy_NoDAC_CI_MIROC,Policy_NoDAC_CI,2100,568.0702414,509.3786652,11.52218974
China,Policy_NoDAC_CI_NorESM,Policy_NoDAC_CI,1990,297.7024259,297.7024259,0
China,Policy_NoDAC_CI_NorESM,Policy_NoDAC_CI,2005,497.1365441,497.1365441,0
China,Policy_NoDAC_CI_NorESM,Policy_NoDAC_CI,2010,573.040771,573.040771,0
China,Policy_NoDAC_CI_NorESM,Policy_NoDAC_CI,2015,621.4047869,621.4047869,0
China,Policy_NoDAC_CI_NorESM,Policy_NoDAC_CI,2020,661.4971195,654.7941988,1.023668306
China,Policy_NoDAC_CI_NorESM,Policy_NoDAC_CI,2025,697.4542644,693.570029,0.560035071
China,Policy_NoDAC_CI_NorESM,Policy_NoDAC_CI,2030,718.8769376,713.6777054,0.728512617
China,Policy_NoDAC_CI_NorESM,Policy_NoDAC_CI,2035,712.9259358,717.3975312,-0.623307894
China,Policy_NoDAC_CI_NorESM,Policy_NoDAC_CI,2040,699.4898261,710.9225476,-1.608152896
China,Policy_NoDAC_CI_NorESM,Policy_NoDAC_CI,2045,686.9097632,697.7002031,-1.546572563
China,Policy_NoDAC_CI_NorESM,Policy_NoDAC_CI,2050,679.8019052,676.7675297,0.448363055
China,Policy_NoDAC_CI_NorESM,Policy_NoDAC_CI,2055,687.2384358,656.0480307,4.754286825
China,Policy_NoDAC_CI_NorESM,Policy_NoDAC_CI,2060,686.874249,634.3930565,8.27266188
China,Policy_NoDAC_CI_NorESM,Policy_NoDAC_CI,2065,699.0170486,614.9851315,13.66405669
China,Policy_NoDAC_CI_NorESM,Policy_NoDAC_CI,2070,688.4586084,597.9346004,15.1394497
China,Policy_NoDAC_CI_NorESM,Policy_NoDAC_CI,2075,674.1740881,582.281306,15.78150991
China,Policy_NoDAC_CI_NorESM,Policy_NoDAC_CI,2080,650.767357,564.4062426,15.30123303
China,Policy_NoDAC_CI_NorESM,Policy_NoDAC_CI,2085,639.157494,548.3882738,16.55199875
China,Policy_NoDAC_CI_NorESM,Policy_NoDAC_CI,2090,626.8315223,533.85505,17.41605184
China,Policy_NoDAC_CI_NorESM,Policy_NoDAC_CI,2095,602.647728,520.8359849,15.70777471
China,Policy_NoDAC_CI_NorESM,Policy_NoDAC_CI,2100,582.7488074,509.3786652,14.40385067
China,Reference,Reference,1990,297.7024259,297.7024259,0
China,Reference,Reference,2005,497.1365441,497.1365441,0
China,Reference,Reference,2010,573.040771,573.040771,0
China,Reference,Reference,2015,621.4047869,621.4047869,0
China,Reference,Reference,2020,654.7941988,654.7941988,0
China,Reference,Reference,2025,693.570029,693.570029,0
China,Reference,Reference,2030,713.6777054,713.6777054,0
China,Reference,Reference,2035,717.3975312,717.3975312,0
China,Reference,Reference,2040,710.9225476,710.9225476,0
China,Reference,Reference,2045,697.7002031,697.7002031,0
China,Reference,Reference,2050,676.7675297,676.7675297,0
China,Reference,Reference,2055,656.0480307,656.0480307,0
China,Reference,Reference,2060,634.3930565,634.3930565,0
China,Reference,Reference,2065,614.9851315,614.9851315,0
China,Reference,Reference,2070,597.9346004,597.9346004,0
China,Reference,Reference,2075,582.281306,582.281306,0
China,Reference,Reference,2080,564.4062426,564.4062426,0
China,Reference,Reference,2085,548.3882738,548.3882738,0
China,Reference,Reference,2090,533.85505,533.85505,0
China,Reference,Reference,2095,520.8359849,520.8359849,0
China,Reference,Reference,2100,509.3786652,509.3786652,0
China,Reference_CI_GFDL,Reference_CI,1990,297.7024259,297.7024259,0
China,Reference_CI_GFDL,Reference_CI,2005,497.1365441,497.1365441,0
China,Reference_CI_GFDL,Reference_CI,2010,573.040771,573.040771,0
China,Reference_CI_GFDL,Reference_CI,2015,621.4047869,621.4047869,0
China,Reference_CI_GFDL,Reference_CI,2020,665.9377213,654.7941988,1.701835853
China,Reference_CI_GFDL,Reference_CI,2025,702.3865765,693.570029,1.271183462
China,Reference_CI_GFDL,Reference_CI,2030,717.8605535,713.6777054,0.586097616
China,Reference_CI_GFDL,Reference_CI,2035,719.3809858,717.3975312,0.276479154
China,Reference_CI_GFDL,Reference_CI,2040,712.7169442,710.9225476,0.252403952
China,Reference_CI_GFDL,Reference_CI,2045,696.2445071,697.7002031,-0.208642051
China,Reference_CI_GFDL,Reference_CI,2050,679.3811791,676.7675297,0.386196051
China,Reference_CI_GFDL,Reference_CI,2055,660.4237581,656.0480307,0.666982785
China,Reference_CI_GFDL,Reference_CI,2060,642.3759514,634.3930565,1.258351566
China,Reference_CI_GFDL,Reference_CI,2065,625.7858189,614.9851315,1.756251791
China,Reference_CI_GFDL,Reference_CI,2070,609.6646129,597.9346004,1.961755099
China,Reference_CI_GFDL,Reference_CI,2075,591.8950642,582.281306,1.651050458
China,Reference_CI_GFDL,Reference_CI,2080,571.1779729,564.4062426,1.199797204
China,Reference_CI_GFDL,Reference_CI,2085,557.9129223,548.3882738,1.736843938
China,Reference_CI_GFDL,Reference_CI,2090,544.2402697,533.85505,1.945325738
China,Reference_CI_GFDL,Reference_CI,2095,530.5991114,520.8359849,1.874510744
China,Reference_CI_GFDL,Reference_CI,2100,520.4572171,509.3786652,2.174914794
China,Reference_CI_HadGEM,Reference_CI,1990,297.7024259,297.7024259,0
China,Reference_CI_HadGEM,Reference_CI,2005,497.1365441,497.1365441,0
China,Reference_CI_HadGEM,Reference_CI,2010,573.040771,573.040771,0
China,Reference_CI_HadGEM,Reference_CI,2015,621.4047869,621.4047869,0
China,Reference_CI_HadGEM,Reference_CI,2020,661.4532265,654.7941988,1.016964974
China,Reference_CI_HadGEM,Reference_CI,2025,700.7822182,693.570029,1.039864609
China,Reference_CI_HadGEM,Reference_CI,2030,725.0403095,713.6777054,1.592119805
China,Reference_CI_HadGEM,Reference_CI,2035,731.3661875,717.3975312,1.947129122
China,Reference_CI_HadGEM,Reference_CI,2040,727.5039172,710.9225476,2.332373568
China,Reference_CI_HadGEM,Reference_CI,2045,716.891489,697.7002031,2.75064932
China,Reference_CI_HadGEM,Reference_CI,2050,694.6276918,676.7675297,2.639039461
China,Reference_CI_HadGEM,Reference_CI,2055,673.1816062,656.0480307,2.611634311
China,Reference_CI_HadGEM,Reference_CI,2060,651.4690202,634.3930565,2.691700909
China,Reference_CI_HadGEM,Reference_CI,2065,635.6837745,614.9851315,3.365714376
China,Reference_CI_HadGEM,Reference_CI,2070,617.120108,597.9346004,3.208629767
China,Reference_CI_HadGEM,Reference_CI,2075,601.3216716,582.281306,3.269959967
China,Reference_CI_HadGEM,Reference_CI,2080,584.0870238,564.4062426,3.486988571
China,Reference_CI_HadGEM,Reference_CI,2085,567.7595402,548.3882738,3.532399823
China,Reference_CI_HadGEM,Reference_CI,2090,554.8360984,533.85505,3.930102086
China,Reference_CI_HadGEM,Reference_CI,2095,541.3099432,520.8359849,3.930979982
China,Reference_CI_HadGEM,Reference_CI,2100,529.1431538,509.3786652,3.880117085
China,Reference_CI_IPSL,Reference_CI,1990,297.7024259,297.7024259,0
China,Reference_CI_IPSL,Reference_CI,2005,497.1365441,497.1365441,0
China,Reference_CI_IPSL,Reference_CI,2010,573.040771,573.040771,0
China,Reference_CI_IPSL,Reference_CI,2015,621.4047869,621.4047869,0
China,Reference_CI_IPSL,Reference_CI,2020,664.9209099,654.7941988,1.546548689
China,Reference_CI_IPSL,Reference_CI,2025,704.61216,693.570029,1.592071532
China,Reference_CI_IPSL,Reference_CI,2030,728.3480576,713.6777054,2.055599054
China,Reference_CI_IPSL,Reference_CI,2035,733.3204303,717.3975312,2.219536367
China,Reference_CI_IPSL,Reference_CI,2040,725.8226311,710.9225476,2.095880005
China,Reference_CI_IPSL,Reference_CI,2045,714.8844047,697.7002031,2.462977872
China,Reference_CI_IPSL,Reference_CI,2050,696.6526697,676.7675297,2.938252667
China,Reference_CI_IPSL,Reference_CI,2055,678.8328986,656.0480307,3.473048745
China,Reference_CI_IPSL,Reference_CI,2060,661.3647403,634.3930565,4.25157299
China,Reference_CI_IPSL,Reference_CI,2065,642.8622695,614.9851315,4.532977555
China,Reference_CI_IPSL,Reference_CI,2070,627.5950043,597.9346004,4.960476263
China,Reference_CI_IPSL,Reference_CI,2075,614.2513044,582.281306,5.490473075
China,Reference_CI_IPSL,Reference_CI,2080,595.2253262,564.4062426,5.460443431
China,Reference_CI_IPSL,Reference_CI,2085,580.55297,548.3882738,5.865314362
China,Reference_CI_IPSL,Reference_CI,2090,565.6635413,533.85505,5.958263634
China,Reference_CI_IPSL,Reference_CI,2095,554.6168161,520.8359849,6.485886579
China,Reference_CI_IPSL,Reference_CI,2100,546.979167,509.3786652,7.381640509
China,Reference_CI_MIROC,Reference_CI,1990,297.7024259,297.7024259,0
China,Reference_CI_MIROC,Reference_CI,2005,497.1365441,497.1365441,0
China,Reference_CI_MIROC,Reference_CI,2010,573.040771,573.040771,0
China,Reference_CI_MIROC,Reference_CI,2015,621.4047869,621.4047869,0
China,Reference_CI_MIROC,Reference_CI,2020,659.9022958,654.7941988,0.780107241
China,Reference_CI_MIROC,Reference_CI,2025,697.888967,693.570029,0.62271117
China,Reference_CI_MIROC,Reference_CI,2030,717.7085175,713.6777054,0.564794441
China,Reference_CI_MIROC,Reference_CI,2035,718.4513134,717.3975312,0.14688957
China,Reference_CI_MIROC,Reference_CI,2040,712.9170137,710.9225476,0.280546182
China,Reference_CI_MIROC,Reference_CI,2045,702.7256045,697.7002031,0.720280911
China,Reference_CI_MIROC,Reference_CI,2050,680.5174058,676.7675297,0.554086301
China,Reference_CI_MIROC,Reference_CI,2055,662.7714037,656.0480307,1.024829383
China,Reference_CI_MIROC,Reference_CI,2060,641.4169349,634.3930565,1.107180853
China,Reference_CI_MIROC,Reference_CI,2065,622.09706,614.9851315,1.156439091
China,Reference_CI_MIROC,Reference_CI,2070,602.3322348,597.9346004,0.735470795
China,Reference_CI_MIROC,Reference_CI,2075,585.1116896,582.281306,0.486085255
China,Reference_CI_MIROC,Reference_CI,2080,567.5175326,564.4062426,0.551250106
China,Reference_CI_MIROC,Reference_CI,2085,553.6552542,548.3882738,0.96044731
China,Reference_CI_MIROC,Reference_CI,2090,540.0579807,533.85505,1.161912905
China,Reference_CI_MIROC,Reference_CI,2095,529.1818689,520.8359849,1.602401576
China,Reference_CI_MIROC,Reference_CI,2100,525.163642,509.3786652,3.098868862
China,Reference_CI_NorESM,Reference_CI,1990,297.7024259,297.7024259,0
China,Reference_CI_NorESM,Reference_CI,2005,497.1365441,497.1365441,0
China,Reference_CI_NorESM,Reference_CI,2010,573.040771,573.040771,0
China,Reference_CI_NorESM,Reference_CI,2015,621.4047869,621.4047869,0
China,Reference_CI_NorESM,Reference_CI,2020,660.5610978,654.7941988,0.880719309
China,Reference_CI_NorESM,Reference_CI,2025,696.4949584,693.570029,0.421720849
China,Reference_CI_NorESM,Reference_CI,2030,713.0542545,713.6777054,-0.087357487
China,Reference_CI_NorESM,Reference_CI,2035,717.5076727,717.3975312,0.015352919
China,Reference_CI_NorESM,Reference_CI,2040,710.2877086,710.9225476,-0.089297918
China,Reference_CI_NorESM,Reference_CI,2045,697.8180376,697.7002031,0.016888994
China,Reference_CI_NorESM,Reference_CI,2050,671.1522759,676.7675297,-0.829716775
China,Reference_CI_NorESM,Reference_CI,2055,650.9387818,656.0480307,-0.778791891
China,Reference_CI_NorESM,Reference_CI,2060,631.7026286,634.3930565,-0.424094782
China,Reference_CI_NorESM,Reference_CI,2065,614.963075,614.9851315,-0.003586516
China,Reference_CI_NorESM,Reference_CI,2070,602.0406727,597.9346004,0.686709267
China,Reference_CI_NorESM,Reference_CI,2075,587.1123347,582.281306,0.829672627
China,Reference_CI_NorESM,Reference_CI,2080,571.2906616,564.4062426,1.219763088
China,Reference_CI_NorESM,Reference_CI,2085,556.9419377,548.3882738,1.559782418
China,Reference_CI_NorESM,Reference_CI,2090,545.4601842,533.85505,2.173836186
China,Reference_CI_NorESM,Reference_CI,2095,534.3193267,520.8359849,2.588788449
China,Reference_CI_NorESM,Reference_CI,2100,521.7479039,509.3786652,2.428299343
Global,Policy,Policy,1990,2377.510837,,
Global,Policy,Policy,2005,3108.215747,,
Global,Policy,Policy,2010,3391.27359,,
Global,Policy,Policy,2015,3613.612491,,
Global,Policy,Policy,2020,3681.374016,,
Global,Policy,Policy,2025,3895.14322,,
Global,Policy,Policy,2030,4079.739134,,
Global,Policy,Policy,2035,4289.041032,,
Global,Policy,Policy,2040,4451.998832,,
Global,Policy,Policy,2045,4611.787908,,
Global,Policy,Policy,2050,4741.004914,,
Global,Policy,Policy,2055,4769.582444,,
Global,Policy,Policy,2060,4809.299917,,
Global,Policy,Policy,2065,4864.987749,,
Global,Policy,Policy,2070,4904.552149,,
Global,Policy,Policy,2075,4921.841597,,
Global,Policy,Policy,2080,4905.332176,,
Global,Policy,Policy,2085,4883.365991,,
Global,Policy,Policy,2090,4860.360495,,
Global,Policy,Policy,2095,4796.012388,,
Global,Policy,Policy,2100,4731.667799,,
Global,Policy_CI_GFDL,Policy_CI,1990,2377.510837,,
Global,Policy_CI_GFDL,Policy_CI,2005,3108.215747,,
Global,Policy_CI_GFDL,Policy_CI,2010,3391.27359,,
Global,Policy_CI_GFDL,Policy_CI,2015,3613.612491,,
Global,Policy_CI_GFDL,Policy_CI,2020,3693.542322,,
Global,Policy_CI_GFDL,Policy_CI,2025,3910.245257,,
Global,Policy_CI_GFDL,Policy_CI,2030,4098.224472,,
Global,Policy_CI_GFDL,Policy_CI,2035,4294.793306,,
Global,Policy_CI_GFDL,Policy_CI,2040,4467.81913,,
Global,Policy_CI_GFDL,Policy_CI,2045,4608.143312,,
Global,Policy_CI_GFDL,Policy_CI,2050,4713.250337,,
Global,Policy_CI_GFDL,Policy_CI,2055,4750.220037,,
Global,Policy_CI_GFDL,Policy_CI,2060,4778.497889,,
Global,Policy_CI_GFDL,Policy_CI,2065,4814.948005,,
Global,Policy_CI_GFDL,Policy_CI,2070,4850.364616,,
Global,Policy_CI_GFDL,Policy_CI,2075,4876.122211,,
Global,Policy_CI_GFDL,Policy_CI,2080,4889.391056,,
Global,Policy_CI_GFDL,Policy_CI,2085,4892.095842,,
Global,Policy_CI_GFDL,Policy_CI,2090,4895.309189,,
Global,Policy_CI_GFDL,Policy_CI,2095,4858.46758,,
Global,Policy_CI_GFDL,Policy_CI,2100,4766.874339,,
Global,Policy_CI_HadGEM,Policy_CI,1990,2377.510837,,
Global,Policy_CI_HadGEM,Policy_CI,2005,3108.215747,,
Global,Policy_CI_HadGEM,Policy_CI,2010,3391.27359,,
Global,Policy_CI_HadGEM,Policy_CI,2015,3613.612491,,
Global,Policy_CI_HadGEM,Policy_CI,2020,3672.915159,,
Global,Policy_CI_HadGEM,Policy_CI,2025,3894.442148,,
Global,Policy_CI_HadGEM,Policy_CI,2030,4085.633647,,
Global,Policy_CI_HadGEM,Policy_CI,2035,4279.026753,,
Global,Policy_CI_HadGEM,Policy_CI,2040,4470.298207,,
Global,Policy_CI_HadGEM,Policy_CI,2045,4651.423962,,
Global,Policy_CI_HadGEM,Policy_CI,2050,4828.651695,,
Global,Policy_CI_HadGEM,Policy_CI,2055,4921.837326,,
Global,Policy_CI_HadGEM,Policy_CI,2060,4978.908063,,
Global,Policy_CI_HadGEM,Policy_CI,2065,5051.305527,,
Global,Policy_CI_HadGEM,Policy_CI,2070,5087.293811,,
Global,Policy_CI_HadGEM,Policy_CI,2075,5097.044622,,
Global,Policy_CI_HadGEM,Policy_CI,2080,5101.598025,,
Global,Policy_CI_HadGEM,Policy_CI,2085,5073.924742,,
Global,Policy_CI_HadGEM,Policy_CI,2090,5034.695879,,
Global,Policy_CI_HadGEM,Policy_CI,2095,4950.655998,,
Global,Policy_CI_HadGEM,Policy_CI,2100,4850.509151,,
Global,Policy_CI_IPSL,Policy_CI,1990,2377.510837,,
Global,Policy_CI_IPSL,Policy_CI,2005,3108.215747,,
Global,Policy_CI_IPSL,Policy_CI,2010,3391.27359,,
Global,Policy_CI_IPSL,Policy_CI,2015,3613.612491,,
Global,Policy_CI_IPSL,Policy_CI,2020,3694.523987,,
Global,Policy_CI_IPSL,Policy_CI,2025,3907.984191,,
Global,Policy_CI_IPSL,Policy_CI,2030,4075.414952,,
Global,Policy_CI_IPSL,Policy_CI,2035,4282.509259,,
Global,Policy_CI_IPSL,Policy_CI,2040,4466.814619,,
Global,Policy_CI_IPSL,Policy_CI,2045,4633.998886,,
Global,Policy_CI_IPSL,Policy_CI,2050,4792.013753,,
Global,Policy_CI_IPSL,Policy_CI,2055,4891.824176,,
Global,Policy_CI_IPSL,Policy_CI,2060,4962.423138,,
Global,Policy_CI_IPSL,Policy_CI,2065,5006.629314,,
Global,Policy_CI_IPSL,Policy_CI,2070,5049.550556,,
Global,Policy_CI_IPSL,Policy_CI,2075,5066.28671,,
Global,Policy_CI_IPSL,Policy_CI,2080,5067.261946,,
Global,Policy_CI_IPSL,Policy_CI,2085,5070.679141,,
Global,Policy_CI_IPSL,Policy_CI,2090,5033.419815,,
Global,Policy_CI_IPSL,Policy_CI,2095,4978.888773,,
Global,Policy_CI_IPSL,Policy_CI,2100,4853.053173,,
Global,Policy_CI_MIROC,Policy_CI,1990,2377.510837,,
Global,Policy_CI_MIROC,Policy_CI,2005,3108.215747,,
Global,Policy_CI_MIROC,Policy_CI,2010,3391.27359,,
Global,Policy_CI_MIROC,Policy_CI,2015,3613.612491,,
Global,Policy_CI_MIROC,Policy_CI,2020,3677.935147,,
Global,Policy_CI_MIROC,Policy_CI,2025,3889.751501,,
Global,Policy_CI_MIROC,Policy_CI,2030,4076.518897,,
Global,Policy_CI_MIROC,Policy_CI,2035,4271.335107,,
Global,Policy_CI_MIROC,Policy_CI,2040,4411.005599,,
Global,Policy_CI_MIROC,Policy_CI,2045,4565.696351,,
Global,Policy_CI_MIROC,Policy_CI,2050,4666.065381,,
Global,Policy_CI_MIROC,Policy_CI,2055,4707.14075,,
Global,Policy_CI_MIROC,Policy_CI,2060,4763.691512,,
Global,Policy_CI_MIROC,Policy_CI,2065,4845.476219,,
Global,Policy_CI_MIROC,Policy_CI,2070,4879.936955,,
Global,Policy_CI_MIROC,Policy_CI,2075,4913.105851,,
Global,Policy_CI_MIROC,Policy_CI,2080,4900.898346,,
Global,Policy_CI_MIROC,Policy_CI,2085,4887.174353,,
Global,Policy_CI_MIROC,Policy_CI,2090,4858.735323,,
Global,Policy_CI_MIROC,Policy_CI,2095,4784.652088,,
Global,Policy_CI_MIROC,Policy_CI,2100,4773.985803,,
Global,Policy_CI_NorESM,Policy_CI,1990,2377.510837,,
Global,Policy_CI_NorESM,Policy_CI,2005,3108.215747,,
Global,Policy_CI_NorESM,Policy_CI,2010,3391.27359,,
Global,Policy_CI_NorESM,Policy_CI,2015,3613.612491,,
Global,Policy_CI_NorESM,Policy_CI,2020,3666.004855,,
Global,Policy_CI_NorESM,Policy_CI,2025,3880.463362,,
Global,Policy_CI_NorESM,Policy_CI,2030,4065.79322,,
Global,Policy_CI_NorESM,Policy_CI,2035,4263.573993,,
Global,Policy_CI_NorESM,Policy_CI,2040,4432.865593,,
Global,Policy_CI_NorESM,Policy_CI,2045,4603.938607,,
Global,Policy_CI_NorESM,Policy_CI,2050,4765.921665,,
Global,Policy_CI_NorESM,Policy_CI,2055,4837.741643,,
Global,Policy_CI_NorESM,Policy_CI,2060,4924.797361,,
Global,Policy_CI_NorESM,Policy_CI,2065,4991.908737,,
Global,Policy_CI_NorESM,Policy_CI,2070,5033.275459,,
Global,Policy_CI_NorESM,Policy_CI,2075,5055.553497,,
Global,Policy_CI_NorESM,Policy_CI,2080,5079.406833,,
Global,Policy_CI_NorESM,Policy_CI,2085,5072.576877,,
Global,Policy_CI_NorESM,Policy_CI,2090,5038.050122,,
Global,Policy_CI_NorESM,Policy_CI,2095,4964.866649,,
Global,Policy_CI_NorESM,Policy_CI,2100,4851.29274,,
Global,Policy_NoDAC,Policy_NoDAC,1990,2377.510837,,
Global,Policy_NoDAC,Policy_NoDAC,2005,3108.215747,,
Global,Policy_NoDAC,Policy_NoDAC,2010,3391.27359,,
Global,Policy_NoDAC,Policy_NoDAC,2015,3613.612491,,
Global,Policy_NoDAC,Policy_NoDAC,2020,3681.397224,,
Global,Policy_NoDAC,Policy_NoDAC,2025,3895.164005,,
Global,Policy_NoDAC,Policy_NoDAC,2030,4079.753914,,
Global,Policy_NoDAC,Policy_NoDAC,2035,4289.794113,,
Global,Policy_NoDAC,Policy_NoDAC,2040,4464.052009,,
Global,Policy_NoDAC,Policy_NoDAC,2045,4647.434747,,
Global,Policy_NoDAC,Policy_NoDAC,2050,4813.388666,,
Global,Policy_NoDAC,Policy_NoDAC,2055,4874.737287,,
Global,Policy_NoDAC,Policy_NoDAC,2060,4945.397447,,
Global,Policy_NoDAC,Policy_NoDAC,2065,5027.835309,,
Global,Policy_NoDAC,Policy_NoDAC,2070,5076.892208,,
Global,Policy_NoDAC,Policy_NoDAC,2075,5107.968114,,
Global,Policy_NoDAC,Policy_NoDAC,2080,5093.681153,,
Global,Policy_NoDAC,Policy_NoDAC,2085,5092.805525,,
Global,Policy_NoDAC,Policy_NoDAC,2090,5064.115739,,
Global,Policy_NoDAC,Policy_NoDAC,2095,4998.736422,,
Global,Policy_NoDAC,Policy_NoDAC,2100,4934.629395,,
Global,Policy_NoDAC_CI_GFDL,Policy_NoDAC_CI,1990,2377.510837,,
Global,Policy_NoDAC_CI_GFDL,Policy_NoDAC_CI,2005,3108.215747,,
Global,Policy_NoDAC_CI_GFDL,Policy_NoDAC_CI,2010,3391.27359,,
Global,Policy_NoDAC_CI_GFDL,Policy_NoDAC_CI,2015,3613.612491,,
Global,Policy_NoDAC_CI_GFDL,Policy_NoDAC_CI,2020,3693.510469,,
Global,Policy_NoDAC_CI_GFDL,Policy_NoDAC_CI,2025,3910.206308,,
Global,Policy_NoDAC_CI_GFDL,Policy_NoDAC_CI,2030,4098.220099,,
Global,Policy_NoDAC_CI_GFDL,Policy_NoDAC_CI,2035,4295.566094,,
Global,Policy_NoDAC_CI_GFDL,Policy_NoDAC_CI,2040,4478.88326,,
Global,Policy_NoDAC_CI_GFDL,Policy_NoDAC_CI,2045,4642.595091,,
Global,Policy_NoDAC_CI_GFDL,Policy_NoDAC_CI,2050,4783.214186,,
Global,Policy_NoDAC_CI_GFDL,Policy_NoDAC_CI,2055,4850.641086,,
Global,Policy_NoDAC_CI_GFDL,Policy_NoDAC_CI,2060,4913.531894,,
Global,Policy_NoDAC_CI_GFDL,Policy_NoDAC_CI,2065,4978.069664,,
Global,Policy_NoDAC_CI_GFDL,Policy_NoDAC_CI,2070,5026.427839,,
Global,Policy_NoDAC_CI_GFDL,Policy_NoDAC_CI,2075,5069.219857,,
Global,Policy_NoDAC_CI_GFDL,Policy_NoDAC_CI,2080,5074.814987,,
Global,Policy_NoDAC_CI_GFDL,Policy_NoDAC_CI,2085,5102.500739,,
Global,Policy_NoDAC_CI_GFDL,Policy_NoDAC_CI,2090,5100.093043,,
Global,Policy_NoDAC_CI_GFDL,Policy_NoDAC_CI,2095,5052.965104,,
Global,Policy_NoDAC_CI_GFDL,Policy_NoDAC_CI,2100,4972.719483,,
Global,Policy_NoDAC_CI_HadGEM,Policy_NoDAC_CI,1990,2377.510837,,
Global,Policy_NoDAC_CI_HadGEM,Policy_NoDAC_CI,2005,3108.215747,,
Global,Policy_NoDAC_CI_HadGEM,Policy_NoDAC_CI,2010,3391.27359,,
Global,Policy_NoDAC_CI_HadGEM,Policy_NoDAC_CI,2015,3613.612491,,
Global,Policy_NoDAC_CI_HadGEM,Policy_NoDAC_CI,2020,3672.991243,,
Global,Policy_NoDAC_CI_HadGEM,Policy_NoDAC_CI,2025,3894.497398,,
Global,Policy_NoDAC_CI_HadGEM,Policy_NoDAC_CI,2030,4085.36086,,
Global,Policy_NoDAC_CI_HadGEM,Policy_NoDAC_CI,2035,4279.824601,,
Global,Policy_NoDAC_CI_HadGEM,Policy_NoDAC_CI,2040,4482.043087,,
Global,Policy_NoDAC_CI_HadGEM,Policy_NoDAC_CI,2045,4683.716538,,
Global,Policy_NoDAC_CI_HadGEM,Policy_NoDAC_CI,2050,4906.119269,,
Global,Policy_NoDAC_CI_HadGEM,Policy_NoDAC_CI,2055,5018.938007,,
Global,Policy_NoDAC_CI_HadGEM,Policy_NoDAC_CI,2060,5096.215864,,
Global,Policy_NoDAC_CI_HadGEM,Policy_NoDAC_CI,2065,5190.388871,,
Global,Policy_NoDAC_CI_HadGEM,Policy_NoDAC_CI,2070,5234.531067,,
Global,Policy_NoDAC_CI_HadGEM,Policy_NoDAC_CI,2075,5266.506042,,
Global,Policy_NoDAC_CI_HadGEM,Policy_NoDAC_CI,2080,5276.618342,,
Global,Policy_NoDAC_CI_HadGEM,Policy_NoDAC_CI,2085,5263.583029,,
Global,Policy_NoDAC_CI_HadGEM,Policy_NoDAC_CI,2090,5231.773548,,
Global,Policy_NoDAC_CI_HadGEM,Policy_NoDAC_CI,2095,5156.99661,,
Global,Policy_NoDAC_CI_HadGEM,Policy_NoDAC_CI,2100,5044.115732,,
Global,Policy_NoDAC_CI_IPSL,Policy_NoDAC_CI,1990,2377.510837,,
Global,Policy_NoDAC_CI_IPSL,Policy_NoDAC_CI,2005,3108.215747,,
Global,Policy_NoDAC_CI_IPSL,Policy_NoDAC_CI,2010,3391.27359,,
Global,Policy_NoDAC_CI_IPSL,Policy_NoDAC_CI,2015,3613.612491,,
Global,Policy_NoDAC_CI_IPSL,Policy_NoDAC_CI,2020,3694.523654,,
Global,Policy_NoDAC_CI_IPSL,Policy_NoDAC_CI,2025,3907.978735,,
Global,Policy_NoDAC_CI_IPSL,Policy_NoDAC_CI,2030,4075.342755,,
Global,Policy_NoDAC_CI_IPSL,Policy_NoDAC_CI,2035,4283.225219,,
Global,Policy_NoDAC_CI_IPSL,Policy_NoDAC_CI,2040,4473.583084,,
Global,Policy_NoDAC_CI_IPSL,Policy_NoDAC_CI,2045,4661.732101,,
Global,Policy_NoDAC_CI_IPSL,Policy_NoDAC_CI,2050,4863.473029,,
Global,Policy_NoDAC_CI_IPSL,Policy_NoDAC_CI,2055,4997.143893,,
Global,Policy_NoDAC_CI_IPSL,Policy_NoDAC_CI,2060,5067.117915,,
Global,Policy_NoDAC_CI_IPSL,Policy_NoDAC_CI,2065,5132.974259,,
Global,Policy_NoDAC_CI_IPSL,Policy_NoDAC_CI,2070,5198.767458,,
Global,Policy_NoDAC_CI_IPSL,Policy_NoDAC_CI,2075,5238.512066,,
Global,Policy_NoDAC_CI_IPSL,Policy_NoDAC_CI,2080,5249.504022,,
Global,Policy_NoDAC_CI_IPSL,Policy_NoDAC_CI,2085,5264.262848,,
Global,Policy_NoDAC_CI_IPSL,Policy_NoDAC_CI,2090,5232.699638,,
Global,Policy_NoDAC_CI_IPSL,Policy_NoDAC_CI,2095,5196.162381,,
Global,Policy_NoDAC_CI_IPSL,Policy_NoDAC_CI,2100,5052.293254,,
Global,Policy_NoDAC_CI_MIROC,Policy_NoDAC_CI,1990,2377.510837,,
Global,Policy_NoDAC_CI_MIROC,Policy_NoDAC_CI,2005,3108.215747,,
Global,Policy_NoDAC_CI_MIROC,Policy_NoDAC_CI,2010,3391.27359,,
Global,Policy_NoDAC_CI_MIROC,Policy_NoDAC_CI,2015,3613.612491,,
Global,Policy_NoDAC_CI_MIROC,Policy_NoDAC_CI,2020,3677.950021,,
Global,Policy_NoDAC_CI_MIROC,Policy_NoDAC_CI,2025,3889.771165,,
Global,Policy_NoDAC_CI_MIROC,Policy_NoDAC_CI,2030,4076.557872,,
Global,Policy_NoDAC_CI_MIROC,Policy_NoDAC_CI,2035,4272.128554,,
Global,Policy_NoDAC_CI_MIROC,Policy_NoDAC_CI,2040,4422.366536,,
Global,Policy_NoDAC_CI_MIROC,Policy_NoDAC_CI,2045,4599.007053,,
Global,Policy_NoDAC_CI_MIROC,Policy_NoDAC_CI,2050,4733.484566,,
Global,Policy_NoDAC_CI_MIROC,Policy_NoDAC_CI,2055,4802.963465,,
Global,Policy_NoDAC_CI_MIROC,Policy_NoDAC_CI,2060,4897.656231,,
Global,Policy_NoDAC_CI_MIROC,Policy_NoDAC_CI,2065,4996.767293,,
Global,Policy_NoDAC_CI_MIROC,Policy_NoDAC_CI,2070,5037.430606,,
Global,Policy_NoDAC_CI_MIROC,Policy_NoDAC_CI,2075,5079.238292,,
Global,Policy_NoDAC_CI_MIROC,Policy_NoDAC_CI,2080,5067.690154,,
Global,Policy_NoDAC_CI_MIROC,Policy_NoDAC_CI,2085,5061.408538,,
Global,Policy_NoDAC_CI_MIROC,Policy_NoDAC_CI,2090,5041.472989,,
Global,Policy_NoDAC_CI_MIROC,Policy_NoDAC_CI,2095,4970.040806,,
Global,Policy_NoDAC_CI_MIROC,Policy_NoDAC_CI,2100,4960.229137,,
Global,Policy_NoDAC_CI_NorESM,Policy_NoDAC_CI,1990,2377.510837,,
Global,Policy_NoDAC_CI_NorESM,Policy_NoDAC_CI,2005,3108.215747,,
Global,Policy_NoDAC_CI_NorESM,Policy_NoDAC_CI,2010,3391.27359,,
Global,Policy_NoDAC_CI_NorESM,Policy_NoDAC_CI,2015,3613.612491,,
Global,Policy_NoDAC_CI_NorESM,Policy_NoDAC_CI,2020,3665.951551,,
Global,Policy_NoDAC_CI_NorESM,Policy_NoDAC_CI,2025,3880.4524,,
Global,Policy_NoDAC_CI_NorESM,Policy_NoDAC_CI,2030,4065.791333,,
Global,Policy_NoDAC_CI_NorESM,Policy_NoDAC_CI,2035,4264.424505,,
Global,Policy_NoDAC_CI_NorESM,Policy_NoDAC_CI,2040,4444.608063,,
Global,Policy_NoDAC_CI_NorESM,Policy_NoDAC_CI,2045,4638.386178,,
Global,Policy_NoDAC_CI_NorESM,Policy_NoDAC_CI,2050,4846.252418,,
Global,Policy_NoDAC_CI_NorESM,Policy_NoDAC_CI,2055,4941.442349,,
Global,Policy_NoDAC_CI_NorESM,Policy_NoDAC_CI,2060,5058.677776,,
Global,Policy_NoDAC_CI_NorESM,Policy_NoDAC_CI,2065,5146.198451,,
Global,Policy_NoDAC_CI_NorESM,Policy_NoDAC_CI,2070,5201.693432,,
Global,Policy_NoDAC_CI_NorESM,Policy_NoDAC_CI,2075,5242.558452,,
Global,Policy_NoDAC_CI_NorESM,Policy_NoDAC_CI,2080,5273.495847,,
Global,Policy_NoDAC_CI_NorESM,Policy_NoDAC_CI,2085,5278.833328,,
Global,Policy_NoDAC_CI_NorESM,Policy_NoDAC_CI,2090,5238.732923,,
Global,Policy_NoDAC_CI_NorESM,Policy_NoDAC_CI,2095,5171.271187,,
Global,Policy_NoDAC_CI_NorESM,Policy_NoDAC_CI,2100,5046.359826,,
Global,Reference,Reference,1990,2377.510837,,
Global,Reference,Reference,2005,3108.215747,,
Global,Reference,Reference,2010,3391.27359,,
Global,Reference,Reference,2015,3613.612491,,
Global,Reference,Reference,2020,3681.322771,,
Global,Reference,Reference,2025,3945.275809,,
Global,Reference,Reference,2030,4145.967292,,
Global,Reference,Reference,2035,4291.107092,,
Global,Reference,Reference,2040,4416.822325,,
Global,Reference,Reference,2045,4533.634863,,
Global,Reference,Reference,2050,4621.385541,,
Global,Reference,Reference,2055,4624.178964,,
Global,Reference,Reference,2060,4639.032595,,
Global,Reference,Reference,2065,4670.63016,,
Global,Reference,Reference,2070,4713.769374,,
Global,Reference,Reference,2075,4743.349284,,
Global,Reference,Reference,2080,4746.459025,,
Global,Reference,Reference,2085,4733.879464,,
Global,Reference,Reference,2090,4732.020311,,
Global,Reference,Reference,2095,4712.804677,,
Global,Reference,Reference,2100,4684.605506,,
Global,Reference_CI_GFDL,Reference_CI,1990,2377.510837,,
Global,Reference_CI_GFDL,Reference_CI,2005,3108.215747,,
Global,Reference_CI_GFDL,Reference_CI,2010,3391.27359,,
Global,Reference_CI_GFDL,Reference_CI,2015,3613.612491,,
Global,Reference_CI_GFDL,Reference_CI,2020,3656.221413,,
Global,Reference_CI_GFDL,Reference_CI,2025,3915.335052,,
Global,Reference_CI_GFDL,Reference_CI,2030,4104.805419,,
Global,Reference_CI_GFDL,Reference_CI,2035,4247.783573,,
Global,Reference_CI_GFDL,Reference_CI,2040,4354.530507,,
Global,Reference_CI_GFDL,Reference_CI,2045,4449.146168,,
Global,Reference_CI_GFDL,Reference_CI,2050,4508.065158,,
Global,Reference_CI_GFDL,Reference_CI,2055,4544.430018,,
Global,Reference_CI_GFDL,Reference_CI,2060,4584.570321,,
Global,Reference_CI_GFDL,Reference_CI,2065,4603.988419,,
Global,Reference_CI_GFDL,Reference_CI,2070,4662.13062,,
Global,Reference_CI_GFDL,Reference_CI,2075,4698.357802,,
Global,Reference_CI_GFDL,Reference_CI,2080,4713.73704,,
Global,Reference_CI_GFDL,Reference_CI,2085,4715.751325,,
Global,Reference_CI_GFDL,Reference_CI,2090,4710.758531,,
Global,Reference_CI_GFDL,Reference_CI,2095,4692.476951,,
Global,Reference_CI_GFDL,Reference_CI,2100,4645.4543,,
Global,Reference_CI_HadGEM,Reference_CI,1990,2377.510837,,
Global,Reference_CI_HadGEM,Reference_CI,2005,3108.215747,,
Global,Reference_CI_HadGEM,Reference_CI,2010,3391.27359,,
Global,Reference_CI_HadGEM,Reference_CI,2015,3613.612491,,
Global,Reference_CI_HadGEM,Reference_CI,2020,3687.234251,,
Global,Reference_CI_HadGEM,Reference_CI,2025,3949.606307,,
Global,Reference_CI_HadGEM,Reference_CI,2030,4150.500524,,
Global,Reference_CI_HadGEM,Reference_CI,2035,4314.171551,,
Global,Reference_CI_HadGEM,Reference_CI,2040,4461.700735,,
Global,Reference_CI_HadGEM,Reference_CI,2045,4592.515735,,
Global,Reference_CI_HadGEM,Reference_CI,2050,4702.247539,,
Global,Reference_CI_HadGEM,Reference_CI,2055,4769.71822,,
Global,Reference_CI_HadGEM,Reference_CI,2060,4829.619661,,
Global,Reference_CI_HadGEM,Reference_CI,2065,4856.404766,,
Global,Reference_CI_HadGEM,Reference_CI,2070,4839.167317,,
Global,Reference_CI_HadGEM,Reference_CI,2075,4821.127397,,
Global,Reference_CI_HadGEM,Reference_CI,2080,4822.638989,,
Global,Reference_CI_HadGEM,Reference_CI,2085,4799.720424,,
Global,Reference_CI_HadGEM,Reference_CI,2090,4811.602197,,
Global,Reference_CI_HadGEM,Reference_CI,2095,4807.068572,,
Global,Reference_CI_HadGEM,Reference_CI,2100,4715.595262,,
Global,Reference_CI_IPSL,Reference_CI,1990,2377.510837,,
Global,Reference_CI_IPSL,Reference_CI,2005,3108.215747,,
Global,Reference_CI_IPSL,Reference_CI,2010,3391.27359,,
Global,Reference_CI_IPSL,Reference_CI,2015,3613.612491,,
Global,Reference_CI_IPSL,Reference_CI,2020,3668.405494,,
Global,Reference_CI_IPSL,Reference_CI,2025,3923.117059,,
Global,Reference_CI_IPSL,Reference_CI,2030,4109.889913,,
Global,Reference_CI_IPSL,Reference_CI,2035,4241.232061,,
Global,Reference_CI_IPSL,Reference_CI,2040,4352.344104,,
Global,Reference_CI_IPSL,Reference_CI,2045,4454.160697,,
Global,Reference_CI_IPSL,Reference_CI,2050,4563.494169,,
Global,Reference_CI_IPSL,Reference_CI,2055,4617.064401,,
Global,Reference_CI_IPSL,Reference_CI,2060,4686.636569,,
Global,Reference_CI_IPSL,Reference_CI,2065,4741.569466,,
Global,Reference_CI_IPSL,Reference_CI,2070,4799.171831,,
Global,Reference_CI_IPSL,Reference_CI,2075,4840.315139,,
Global,Reference_CI_IPSL,Reference_CI,2080,4874.393799,,
Global,Reference_CI_IPSL,Reference_CI,2085,4873.029239,,
Global,Reference_CI_IPSL,Reference_CI,2090,4864.696015,,
Global,Reference_CI_IPSL,Reference_CI,2095,4857.336921,,
Global,Reference_CI_IPSL,Reference_CI,2100,4836.552708,,
Global,Reference_CI_MIROC,Reference_CI,1990,2377.510837,,
Global,Reference_CI_MIROC,Reference_CI,2005,3108.215747,,
Global,Reference_CI_MIROC,Reference_CI,2010,3391.27359,,
Global,Reference_CI_MIROC,Reference_CI,2015,3613.612491,,
Global,Reference_CI_MIROC,Reference_CI,2020,3681.029615,,
Global,Reference_CI_MIROC,Reference_CI,2025,3934.082881,,
Global,Reference_CI_MIROC,Reference_CI,2030,4127.886456,,
Global,Reference_CI_MIROC,Reference_CI,2035,4267.25234,,
Global,Reference_CI_MIROC,Reference_CI,2040,4383.600716,,
Global,Reference_CI_MIROC,Reference_CI,2045,4508.029308,,
Global,Reference_CI_MIROC,Reference_CI,2050,4613.685738,,
Global,Reference_CI_MIROC,Reference_CI,2055,4683.91073,,
Global,Reference_CI_MIROC,Reference_CI,2060,4724.582033,,
Global,Reference_CI_MIROC,Reference_CI,2065,4741.804339,,
Global,Reference_CI_MIROC,Reference_CI,2070,4742.538257,,
Global,Reference_CI_MIROC,Reference_CI,2075,4755.105584,,
Global,Reference_CI_MIROC,Reference_CI,2080,4737.789743,,
Global,Reference_CI_MIROC,Reference_CI,2085,4739.29509,,
Global,Reference_CI_MIROC,Reference_CI,2090,4737.724591,,
Global,Reference_CI_MIROC,Reference_CI,2095,4720.774238,,
Global,Reference_CI_MIROC,Reference_CI,2100,4713.380344,,
Global,Reference_CI_NorESM,Reference_CI,1990,2377.510837,,
Global,Reference_CI_NorESM,Reference_CI,2005,3108.215747,,
Global,Reference_CI_NorESM,Reference_CI,2010,3391.27359,,
Global,Reference_CI_NorESM,Reference_CI,2015,3613.612491,,
Global,Reference_CI_NorESM,Reference_CI,2020,3675.928216,,
Global,Reference_CI_NorESM,Reference_CI,2025,3936.968293,,
Global,Reference_CI_NorESM,Reference_CI,2030,4124.895157,,
Global,Reference_CI_NorESM,Reference_CI,2035,4273.929473,,
Global,Reference_CI_NorESM,Reference_CI,2040,4402.435384,,
Global,Reference_CI_NorESM,Reference_CI,2045,4523.814936,,
Global,Reference_CI_NorESM,Reference_CI,2050,4626.543521,,
Global,Reference_CI_NorESM,Reference_CI,2055,4682.929579,,
Global,Reference_CI_NorESM,Reference_CI,2060,4730.855173,,
Global,Reference_CI_NorESM,Reference_CI,2065,4787.273437,,
Global,Reference_CI_NorESM,Reference_CI,2070,4832.544838,,
Global,Reference_CI_NorESM,Reference_CI,2075,4870.151602,,
Global,Reference_CI_NorESM,Reference_CI,2080,4907.937931,,
Global,Reference_CI_NorESM,Reference_CI,2085,4918.358522,,
Global,Reference_CI_NorESM,Reference_CI,2090,4927.6363,,
Global,Reference_CI_NorESM,Reference_CI,2095,4901.282817,,
Global,Reference_CI_NorESM,Reference_CI,2100,4773.78571,,
Taiwan,Policy,Policy,1990,7.272418879,,
Taiwan,Policy,Policy,2005,15.13619391,,
Taiwan,Policy,Policy,2010,16.34603418,,
Taiwan,Policy,Policy,2015,17.10675387,,
Taiwan,Policy,Policy,2020,18.13250254,,
Taiwan,Policy,Policy,2025,18.79179711,,
Taiwan,Policy,Policy,2030,19.12972716,,
Taiwan,Policy,Policy,2035,18.51051731,,
Taiwan,Policy,Policy,2040,17.95219029,,
Taiwan,Policy,Policy,2045,17.16060258,,
Taiwan,Policy,Policy,2050,16.65726975,,
Taiwan,Policy,Policy,2055,16.72363983,,
Taiwan,Policy,Policy,2060,17.19280497,,
Taiwan,Policy,Policy,2065,16.80796998,,
Taiwan,Policy,Policy,2070,16.97771948,,
Taiwan,Policy,Policy,2075,17.1019345,,
Taiwan,Policy,Policy,2080,17.11152673,,
Taiwan,Policy,Policy,2085,17.13246196,,
Taiwan,Policy,Policy,2090,17.57381107,,
Taiwan,Policy,Policy,2095,17.62034643,,
Taiwan,Policy,Policy,2100,17.68576456,,
Taiwan,Policy_CI_GFDL,Policy_CI,1990,7.272418879,,
Taiwan,Policy_CI_GFDL,Policy_CI,2005,15.13619391,,
Taiwan,Policy_CI_GFDL,Policy_CI,2010,16.34603418,,
Taiwan,Policy_CI_GFDL,Policy_CI,2015,17.10675387,,
Taiwan,Policy_CI_GFDL,Policy_CI,2020,18.13514017,,
Taiwan,Policy_CI_GFDL,Policy_CI,2025,18.79694243,,
Taiwan,Policy_CI_GFDL,Policy_CI,2030,19.13704088,,
Taiwan,Policy_CI_GFDL,Policy_CI,2035,18.48262836,,
Taiwan,Policy_CI_GFDL,Policy_CI,2040,17.92407002,,
Taiwan,Policy_CI_GFDL,Policy_CI,2045,17.14565472,,
Taiwan,Policy_CI_GFDL,Policy_CI,2050,16.66397986,,
Taiwan,Policy_CI_GFDL,Policy_CI,2055,16.73568283,,
Taiwan,Policy_CI_GFDL,Policy_CI,2060,17.20146792,,
Taiwan,Policy_CI_GFDL,Policy_CI,2065,16.81679468,,
Taiwan,Policy_CI_GFDL,Policy_CI,2070,16.98140308,,
Taiwan,Policy_CI_GFDL,Policy_CI,2075,17.10412735,,
Taiwan,Policy_CI_GFDL,Policy_CI,2080,17.11160849,,
Taiwan,Policy_CI_GFDL,Policy_CI,2085,17.13300819,,
Taiwan,Policy_CI_GFDL,Policy_CI,2090,17.64000264,,
Taiwan,Policy_CI_GFDL,Policy_CI,2095,17.62161717,,
Taiwan,Policy_CI_GFDL,Policy_CI,2100,17.69517376,,
Taiwan,Policy_CI_HadGEM,Policy_CI,1990,7.272418879,,
Taiwan,Policy_CI_HadGEM,Policy_CI,2005,15.13619391,,
Taiwan,Policy_CI_HadGEM,Policy_CI,2010,16.34603418,,
Taiwan,Policy_CI_HadGEM,Policy_CI,2015,17.10675387,,
Taiwan,Policy_CI_HadGEM,Policy_CI,2020,18.1311602,,
Taiwan,Policy_CI_HadGEM,Policy_CI,2025,18.79065407,,
Taiwan,Policy_CI_HadGEM,Policy_CI,2030,19.12590289,,
Taiwan,Policy_CI_HadGEM,Policy_CI,2035,18.46548881,,
Taiwan,Policy_CI_HadGEM,Policy_CI,2040,17.90686086,,
Taiwan,Policy_CI_HadGEM,Policy_CI,2045,17.13593128,,
Taiwan,Policy_CI_HadGEM,Policy_CI,2050,16.66017171,,
Taiwan,Policy_CI_HadGEM,Policy_CI,2055,16.72810948,,
Taiwan,Policy_CI_HadGEM,Policy_CI,2060,17.19679227,,
Taiwan,Policy_CI_HadGEM,Policy_CI,2065,16.81536232,,
Taiwan,Policy_CI_HadGEM,Policy_CI,2070,16.98316437,,
Taiwan,Policy_CI_HadGEM,Policy_CI,2075,17.10281755,,
Taiwan,Policy_CI_HadGEM,Policy_CI,2080,17.1085117,,
Taiwan,Policy_CI_HadGEM,Policy_CI,2085,17.12837762,,
Taiwan,Policy_CI_HadGEM,Policy_CI,2090,17.51154696,,
Taiwan,Policy_CI_HadGEM,Policy_CI,2095,17.61180763,,
Taiwan,Policy_CI_HadGEM,Policy_CI,2100,17.67907556,,
Taiwan,Policy_CI_IPSL,Policy_CI,1990,7.272418879,,
Taiwan,Policy_CI_IPSL,Policy_CI,2005,15.13619391,,
Taiwan,Policy_CI_IPSL,Policy_CI,2010,16.34603418,,
Taiwan,Policy_CI_IPSL,Policy_CI,2015,17.10675387,,
Taiwan,Policy_CI_IPSL,Policy_CI,2020,18.13036677,,
Taiwan,Policy_CI_IPSL,Policy_CI,2025,18.78929478,,
Taiwan,Policy_CI_IPSL,Policy_CI,2030,19.12557582,,
Taiwan,Policy_CI_IPSL,Policy_CI,2035,18.46872884,,
Taiwan,Policy_CI_IPSL,Policy_CI,2040,17.9084133,,
Taiwan,Policy_CI_IPSL,Policy_CI,2045,17.13269067,,
Taiwan,Policy_CI_IPSL,Policy_CI,2050,16.65648349,,
Taiwan,Policy_CI_IPSL,Policy_CI,2055,16.72745241,,
Taiwan,Policy_CI_IPSL,Policy_CI,2060,17.19624686,,
Taiwan,Policy_CI_IPSL,Policy_CI,2065,16.81728119,,
Taiwan,Policy_CI_IPSL,Policy_CI,2070,16.98672358,,
Taiwan,Policy_CI_IPSL,Policy_CI,2075,17.10820812,,
Taiwan,Policy_CI_IPSL,Policy_CI,2080,17.11519339,,
Taiwan,Policy_CI_IPSL,Policy_CI,2085,17.13667588,,
Taiwan,Policy_CI_IPSL,Policy_CI,2090,17.55342099,,
Taiwan,Policy_CI_IPSL,Policy_CI,2095,17.62156652,,
Taiwan,Policy_CI_IPSL,Policy_CI,2100,17.69010098,,
Taiwan,Policy_CI_MIROC,Policy_CI,1990,7.272418879,,
Taiwan,Policy_CI_MIROC,Policy_CI,2005,15.13619391,,
Taiwan,Policy_CI_MIROC,Policy_CI,2010,16.34603418,,
Taiwan,Policy_CI_MIROC,Policy_CI,2015,17.10675387,,
Taiwan,Policy_CI_MIROC,Policy_CI,2020,18.13128918,,
Taiwan,Policy_CI_MIROC,Policy_CI,2025,18.79078616,,
Taiwan,Policy_CI_MIROC,Policy_CI,2030,19.12858879,,
Taiwan,Policy_CI_MIROC,Policy_CI,2035,18.47517077,,
Taiwan,Policy_CI_MIROC,Policy_CI,2040,17.91664254,,
Taiwan,Policy_CI_MIROC,Policy_CI,2045,17.13803624,,
Taiwan,Policy_CI_MIROC,Policy_CI,2050,16.65539327,,
Taiwan,Policy_CI_MIROC,Policy_CI,2055,16.72508233,,
Taiwan,Policy_CI_MIROC,Policy_CI,2060,17.19712997,,
Taiwan,Policy_CI_MIROC,Policy_CI,2065,16.81252728,,
Taiwan,Policy_CI_MIROC,Policy_CI,2070,16.98129334,,
Taiwan,Policy_CI_MIROC,Policy_CI,2075,17.10137509,,
Taiwan,Policy_CI_MIROC,Policy_CI,2080,17.11297446,,
Taiwan,Policy_CI_MIROC,Policy_CI,2085,17.13538437,,
Taiwan,Policy_CI_MIROC,Policy_CI,2090,17.64580628,,
Taiwan,Policy_CI_MIROC,Policy_CI,2095,17.62798197,,
Taiwan,Policy_CI_MIROC,Policy_CI,2100,17.69535668,,
Taiwan,Policy_CI_NorESM,Policy_CI,1990,7.272418879,,
Taiwan,Policy_CI_NorESM,Policy_CI,2005,15.13619391,,
Taiwan,Policy_CI_NorESM,Policy_CI,2010,16.34603418,,
Taiwan,Policy_CI_NorESM,Policy_CI,2015,17.10675387,,
Taiwan,Policy_CI_NorESM,Policy_CI,2020,18.13553809,,
Taiwan,Policy_CI_NorESM,Policy_CI,2025,18.79914117,,
Taiwan,Policy_CI_NorESM,Policy_CI,2030,19.13943316,,
Taiwan,Policy_CI_NorESM,Policy_CI,2035,18.4828484,,
Taiwan,Policy_CI_NorESM,Policy_CI,2040,17.9236614,,
Taiwan,Policy_CI_NorESM,Policy_CI,2045,17.14642498,,
Taiwan,Policy_CI_NorESM,Policy_CI,2050,16.66220367,,
Taiwan,Policy_CI_NorESM,Policy_CI,2055,16.73458523,,
Taiwan,Policy_CI_NorESM,Policy_CI,2060,17.19926251,,
Taiwan,Policy_CI_NorESM,Policy_CI,2065,16.82229751,,
Taiwan,Policy_CI_NorESM,Policy_CI,2070,16.99085941,,
Taiwan,Policy_CI_NorESM,Policy_CI,2075,17.11036701,,
Taiwan,Policy_CI_NorESM,Policy_CI,2080,17.11762174,,
Taiwan,Policy_CI_NorESM,Policy_CI,2085,17.13225173,,
Taiwan,Policy_CI_NorESM,Policy_CI,2090,17.57084253,,
Taiwan,Policy_CI_NorESM,Policy_CI,2095,17.62102356,,
Taiwan,Policy_CI_NorESM,Policy_CI,2100,17.68830634,,
Taiwan,Policy_NoDAC,Policy_NoDAC,1990,7.272418879,,
Taiwan,Policy_NoDAC,Policy_NoDAC,2005,15.13619391,,
Taiwan,Policy_NoDAC,Policy_NoDAC,2010,16.34603418,,
Taiwan,Policy_NoDAC,Policy_NoDAC,2015,17.10675387,,
Taiwan,Policy_NoDAC,Policy_NoDAC,2020,18.13250249,,
Taiwan,Policy_NoDAC,Policy_NoDAC,2025,18.79179339,,
Taiwan,Policy_NoDAC,Policy_NoDAC,2030,19.12972052,,
Taiwan,Policy_NoDAC,Policy_NoDAC,2035,18.51067775,,
Taiwan,Policy_NoDAC,Policy_NoDAC,2040,17.94891466,,
Taiwan,Policy_NoDAC,Policy_NoDAC,2045,17.11666743,,
Taiwan,Policy_NoDAC,Policy_NoDAC,2050,16.49705435,,
Taiwan,Policy_NoDAC,Policy_NoDAC,2055,16.66474205,,
Taiwan,Policy_NoDAC,Policy_NoDAC,2060,16.74878972,,
Taiwan,Policy_NoDAC,Policy_NoDAC,2065,16.93283164,,
Taiwan,Policy_NoDAC,Policy_NoDAC,2070,16.87588864,,
Taiwan,Policy_NoDAC,Policy_NoDAC,2075,16.64843015,,
Taiwan,Policy_NoDAC,Policy_NoDAC,2080,16.61447504,,
Taiwan,Policy_NoDAC,Policy_NoDAC,2085,16.60953898,,
Taiwan,Policy_NoDAC,Policy_NoDAC,2090,16.63774099,,
Taiwan,Policy_NoDAC,Policy_NoDAC,2095,16.62976929,,
Taiwan,Policy_NoDAC,Policy_NoDAC,2100,16.61372542,,
Taiwan,Policy_NoDAC_CI_GFDL,Policy_NoDAC_CI,1990,7.272418879,,
Taiwan,Policy_NoDAC_CI_GFDL,Policy_NoDAC_CI,2005,15.13619391,,
Taiwan,Policy_NoDAC_CI_GFDL,Policy_NoDAC_CI,2010,16.34603418,,
Taiwan,Policy_NoDAC_CI_GFDL,Policy_NoDAC_CI,2015,17.10675387,,
Taiwan,Policy_NoDAC_CI_GFDL,Policy_NoDAC_CI,2020,18.13513754,,
Taiwan,Policy_NoDAC_CI_GFDL,Policy_NoDAC_CI,2025,18.79693994,,
Taiwan,Policy_NoDAC_CI_GFDL,Policy_NoDAC_CI,2030,19.13714918,,
Taiwan,Policy_NoDAC_CI_GFDL,Policy_NoDAC_CI,2035,18.48279904,,
Taiwan,Policy_NoDAC_CI_GFDL,Policy_NoDAC_CI,2040,17.92057707,,
Taiwan,Policy_NoDAC_CI_GFDL,Policy_NoDAC_CI,2045,17.10245783,,
Taiwan,Policy_NoDAC_CI_GFDL,Policy_NoDAC_CI,2050,16.50142956,,
Taiwan,Policy_NoDAC_CI_GFDL,Policy_NoDAC_CI,2055,16.68553083,,
Taiwan,Policy_NoDAC_CI_GFDL,Policy_NoDAC_CI,2060,16.76730231,,
Taiwan,Policy_NoDAC_CI_GFDL,Policy_NoDAC_CI,2065,16.95052163,,
Taiwan,Policy_NoDAC_CI_GFDL,Policy_NoDAC_CI,2070,16.88328581,,
Taiwan,Policy_NoDAC_CI_GFDL,Policy_NoDAC_CI,2075,16.65049249,,
Taiwan,Policy_NoDAC_CI_GFDL,Policy_NoDAC_CI,2080,16.60375963,,
Taiwan,Policy_NoDAC_CI_GFDL,Policy_NoDAC_CI,2085,16.5792126,,
Taiwan,Policy_NoDAC_CI_GFDL,Policy_NoDAC_CI,2090,16.5991327,,
Taiwan,Policy_NoDAC_CI_GFDL,Policy_NoDAC_CI,2095,16.57693004,,
Taiwan,Policy_NoDAC_CI_GFDL,Policy_NoDAC_CI,2100,16.58302075,,
Taiwan,Policy_NoDAC_CI_HadGEM,Policy_NoDAC_CI,1990,7.272418879,,
Taiwan,Policy_NoDAC_CI_HadGEM,Policy_NoDAC_CI,2005,15.13619391,,
Taiwan,Policy_NoDAC_CI_HadGEM,Policy_NoDAC_CI,2010,16.34603418,,
Taiwan,Policy_NoDAC_CI_HadGEM,Policy_NoDAC_CI,2015,17.10675387,,
Taiwan,Policy_NoDAC_CI_HadGEM,Policy_NoDAC_CI,2020,18.13115994,,
Taiwan,Policy_NoDAC_CI_HadGEM,Policy_NoDAC_CI,2025,18.79065076,,
Taiwan,Policy_NoDAC_CI_HadGEM,Policy_NoDAC_CI,2030,19.12599511,,
Taiwan,Policy_NoDAC_CI_HadGEM,Policy_NoDAC_CI,2035,18.4656441,,
Taiwan,Policy_NoDAC_CI_HadGEM,Policy_NoDAC_CI,2040,17.90349091,,
Taiwan,Policy_NoDAC_CI_HadGEM,Policy_NoDAC_CI,2045,17.09307598,,
Taiwan,Policy_NoDAC_CI_HadGEM,Policy_NoDAC_CI,2050,16.49974601,,
Taiwan,Policy_NoDAC_CI_HadGEM,Policy_NoDAC_CI,2055,16.67009192,,
Taiwan,Policy_NoDAC_CI_HadGEM,Policy_NoDAC_CI,2060,16.77674308,,
Taiwan,Policy_NoDAC_CI_HadGEM,Policy_NoDAC_CI,2065,16.97049492,,
Taiwan,Policy_NoDAC_CI_HadGEM,Policy_NoDAC_CI,2070,16.92206188,,
Taiwan,Policy_NoDAC_CI_HadGEM,Policy_NoDAC_CI,2075,16.68251002,,
Taiwan,Policy_NoDAC_CI_HadGEM,Policy_NoDAC_CI,2080,16.64687242,,
Taiwan,Policy_NoDAC_CI_HadGEM,Policy_NoDAC_CI,2085,16.64685253,,
Taiwan,Policy_NoDAC_CI_HadGEM,Policy_NoDAC_CI,2090,16.69399879,,
Taiwan,Policy_NoDAC_CI_HadGEM,Policy_NoDAC_CI,2095,16.68142231,,
Taiwan,Policy_NoDAC_CI_HadGEM,Policy_NoDAC_CI,2100,16.65287279,,
Taiwan,Policy_NoDAC_CI_IPSL,Policy_NoDAC_CI,1990,7.272418879,,
Taiwan,Policy_NoDAC_CI_IPSL,Policy_NoDAC_CI,2005,15.13619391,,
Taiwan,Policy_NoDAC_CI_IPSL,Policy_NoDAC_CI,2010,16.34603418,,
Taiwan,Policy_NoDAC_CI_IPSL,Policy_NoDAC_CI,2015,17.10675387,,
Taiwan,Policy_NoDAC_CI_IPSL,Policy_NoDAC_CI,2020,18.13036677,,
Taiwan,Policy_NoDAC_CI_IPSL,Policy_NoDAC_CI,2025,18.78943859,,
Taiwan,Policy_NoDAC_CI_IPSL,Policy_NoDAC_CI,2030,19.12559526,,
Taiwan,Policy_NoDAC_CI_IPSL,Policy_NoDAC_CI,2035,18.46887841,,
Taiwan,Policy_NoDAC_CI_IPSL,Policy_NoDAC_CI,2040,17.9044269,,
Taiwan,Policy_NoDAC_CI_IPSL,Policy_NoDAC_CI,2045,17.0876376,,
Taiwan,Policy_NoDAC_CI_IPSL,Policy_NoDAC_CI,2050,16.49504896,,
Taiwan,Policy_NoDAC_CI_IPSL,Policy_NoDAC_CI,2055,16.66340039,,
Taiwan,Policy_NoDAC_CI_IPSL,Policy_NoDAC_CI,2060,16.73985706,,
Taiwan,Policy_NoDAC_CI_IPSL,Policy_NoDAC_CI,2065,16.92255917,,
Taiwan,Policy_NoDAC_CI_IPSL,Policy_NoDAC_CI,2070,16.86975994,,
Taiwan,Policy_NoDAC_CI_IPSL,Policy_NoDAC_CI,2075,16.65833149,,
Taiwan,Policy_NoDAC_CI_IPSL,Policy_NoDAC_CI,2080,16.61983751,,
Taiwan,Policy_NoDAC_CI_IPSL,Policy_NoDAC_CI,2085,16.61528191,,
Taiwan,Policy_NoDAC_CI_IPSL,Policy_NoDAC_CI,2090,16.6469852,,
Taiwan,Policy_NoDAC_CI_IPSL,Policy_NoDAC_CI,2095,16.62839674,,
Taiwan,Policy_NoDAC_CI_IPSL,Policy_NoDAC_CI,2100,16.61858416,,
Taiwan,Policy_NoDAC_CI_MIROC,Policy_NoDAC_CI,1990,7.272418879,,
Taiwan,Policy_NoDAC_CI_MIROC,Policy_NoDAC_CI,2005,15.13619391,,
Taiwan,Policy_NoDAC_CI_MIROC,Policy_NoDAC_CI,2010,16.34603418,,
Taiwan,Policy_NoDAC_CI_MIROC,Policy_NoDAC_CI,2015,17.10675387,,
Taiwan,Policy_NoDAC_CI_MIROC,Policy_NoDAC_CI,2020,18.13128899,,
Taiwan,Policy_NoDAC_CI_MIROC,Policy_NoDAC_CI,2025,18.79078156,,
Taiwan,Policy_NoDAC_CI_MIROC,Policy_NoDAC_CI,2030,19.12858788,,
Taiwan,Policy_NoDAC_CI_MIROC,Policy_NoDAC_CI,2035,18.47538568,,
Taiwan,Policy_NoDAC_CI_MIROC,Policy_NoDAC_CI,2040,17.91305642,,
Taiwan,Policy_NoDAC_CI_MIROC,Policy_NoDAC_CI,2045,17.09392796,,
Taiwan,Policy_NoDAC_CI_MIROC,Policy_NoDAC_CI,2050,16.49397219,,
Taiwan,Policy_NoDAC_CI_MIROC,Policy_NoDAC_CI,2055,16.6537054,,
Taiwan,Policy_NoDAC_CI_MIROC,Policy_NoDAC_CI,2060,16.7364282,,
Taiwan,Policy_NoDAC_CI_MIROC,Policy_NoDAC_CI,2065,16.90628639,,
Taiwan,Policy_NoDAC_CI_MIROC,Policy_NoDAC_CI,2070,16.82705307,,
Taiwan,Policy_NoDAC_CI_MIROC,Policy_NoDAC_CI,2075,16.58709004,,
Taiwan,Policy_NoDAC_CI_MIROC,Policy_NoDAC_CI,2080,16.55377959,,
Taiwan,Policy_NoDAC_CI_MIROC,Policy_NoDAC_CI,2085,16.52547451,,
Taiwan,Policy_NoDAC_CI_MIROC,Policy_NoDAC_CI,2090,16.51093063,,
Taiwan,Policy_NoDAC_CI_MIROC,Policy_NoDAC_CI,2095,16.51951954,,
Taiwan,Policy_NoDAC_CI_MIROC,Policy_NoDAC_CI,2100,16.47318886,,
Taiwan,Policy_NoDAC_CI_NorESM,Policy_NoDAC_CI,1990,7.272418879,,
Taiwan,Policy_NoDAC_CI_NorESM,Policy_NoDAC_CI,2005,15.13619391,,
Taiwan,Policy_NoDAC_CI_NorESM,Policy_NoDAC_CI,2010,16.34603418,,
Taiwan,Policy_NoDAC_CI_NorESM,Policy_NoDAC_CI,2015,17.10675387,,
Taiwan,Policy_NoDAC_CI_NorESM,Policy_NoDAC_CI,2020,18.13553844,,
Taiwan,Policy_NoDAC_CI_NorESM,Policy_NoDAC_CI,2025,18.7991384,,
Taiwan,Policy_NoDAC_CI_NorESM,Policy_NoDAC_CI,2030,19.13954132,,
Taiwan,Policy_NoDAC_CI_NorESM,Policy_NoDAC_CI,2035,18.482971,,
Taiwan,Policy_NoDAC_CI_NorESM,Policy_NoDAC_CI,2040,17.92032922,,
Taiwan,Policy_NoDAC_CI_NorESM,Policy_NoDAC_CI,2045,17.10302067,,
Taiwan,Policy_NoDAC_CI_NorESM,Policy_NoDAC_CI,2050,16.49964357,,
Taiwan,Policy_NoDAC_CI_NorESM,Policy_NoDAC_CI,2055,16.67193837,,
Taiwan,Policy_NoDAC_CI_NorESM,Policy_NoDAC_CI,2060,16.74558103,,
Taiwan,Policy_NoDAC_CI_NorESM,Policy_NoDAC_CI,2065,16.93690823,,
Taiwan,Policy_NoDAC_CI_NorESM,Policy_NoDAC_CI,2070,16.87465494,,
Taiwan,Policy_NoDAC_CI_NorESM,Policy_NoDAC_CI,2075,16.64426546,,
Taiwan,Policy_NoDAC_CI_NorESM,Policy_NoDAC_CI,2080,16.61690069,,
Taiwan,Policy_NoDAC_CI_NorESM,Policy_NoDAC_CI,2085,16.57836044,,
Taiwan,Policy_NoDAC_CI_NorESM,Policy_NoDAC_CI,2090,16.61208243,,
Taiwan,Policy_NoDAC_CI_NorESM,Policy_NoDAC_CI,2095,16.59929466,,
Taiwan,Policy_NoDAC_CI_NorESM,Policy_NoDAC_CI,2100,16.60034376,,
Taiwan,Reference,Reference,1990,7.272418879,,
Taiwan,Reference,Reference,2005,15.13619391,,
Taiwan,Reference,Reference,2010,16.34603418,,
Taiwan,Reference,Reference,2015,17.10675387,,
Taiwan,Reference,Reference,2020,18.13250058,,
Taiwan,Reference,Reference,2025,18.78625379,,
Taiwan,Reference,Reference,2030,19.11515957,,
Taiwan,Reference,Reference,2035,19.20839854,,
Taiwan,Reference,Reference,2040,19.13535896,,
Taiwan,Reference,Reference,2045,18.94634026,,
Taiwan,Reference,Reference,2050,18.6647375,,
Taiwan,Reference,Reference,2055,18.30895956,,
Taiwan,Reference,Reference,2060,17.91689409,,
Taiwan,Reference,Reference,2065,17.62799338,,
Taiwan,Reference,Reference,2070,17.32070158,,
Taiwan,Reference,Reference,2075,17.03787496,,
Taiwan,Reference,Reference,2080,16.67975139,,
Taiwan,Reference,Reference,2085,16.47423121,,
Taiwan,Reference,Reference,2090,16.37093185,,
Taiwan,Reference,Reference,2095,16.33219268,,
Taiwan,Reference,Reference,2100,16.3181913,,
Taiwan,Reference_CI_GFDL,Reference_CI,1990,7.272418879,,
Taiwan,Reference_CI_GFDL,Reference_CI,2005,15.13619391,,
Taiwan,Reference_CI_GFDL,Reference_CI,2010,16.34603418,,
Taiwan,Reference_CI_GFDL,Reference_CI,2015,17.10675387,,
Taiwan,Reference_CI_GFDL,Reference_CI,2020,18.1344771,,
Taiwan,Reference_CI_GFDL,Reference_CI,2025,18.79185463,,
Taiwan,Reference_CI_GFDL,Reference_CI,2030,19.12308542,,
Taiwan,Reference_CI_GFDL,Reference_CI,2035,19.18039777,,
Taiwan,Reference_CI_GFDL,Reference_CI,2040,19.10554418,,
Taiwan,Reference_CI_GFDL,Reference_CI,2045,18.91479589,,
Taiwan,Reference_CI_GFDL,Reference_CI,2050,18.63358698,,
Taiwan,Reference_CI_GFDL,Reference_CI,2055,18.2799411,,
Taiwan,Reference_CI_GFDL,Reference_CI,2060,17.8984538,,
Taiwan,Reference_CI_GFDL,Reference_CI,2065,17.63483057,,
Taiwan,Reference_CI_GFDL,Reference_CI,2070,17.34303429,,
Taiwan,Reference_CI_GFDL,Reference_CI,2075,17.0687455,,
Taiwan,Reference_CI_GFDL,Reference_CI,2080,16.72697842,,
Taiwan,Reference_CI_GFDL,Reference_CI,2085,16.51526838,,
Taiwan,Reference_CI_GFDL,Reference_CI,2090,16.39837434,,
Taiwan,Reference_CI_GFDL,Reference_CI,2095,16.33920872,,
Taiwan,Reference_CI_GFDL,Reference_CI,2100,16.31122011,,
Taiwan,Reference_CI_HadGEM,Reference_CI,1990,7.272418879,,
Taiwan,Reference_CI_HadGEM,Reference_CI,2005,15.13619391,,
Taiwan,Reference_CI_HadGEM,Reference_CI,2010,16.34603418,,
Taiwan,Reference_CI_HadGEM,Reference_CI,2015,17.10675387,,
Taiwan,Reference_CI_HadGEM,Reference_CI,2020,18.1347208,,
Taiwan,Reference_CI_HadGEM,Reference_CI,2025,18.7912585,,
Taiwan,Reference_CI_HadGEM,Reference_CI,2030,19.12077503,,
Taiwan,Reference_CI_HadGEM,Reference_CI,2035,19.17637612,,
Taiwan,Reference_CI_HadGEM,Reference_CI,2040,19.09861138,,
Taiwan,Reference_CI_HadGEM,Reference_CI,2045,18.90531827,,
Taiwan,Reference_CI_HadGEM,Reference_CI,2050,18.62102817,,
Taiwan,Reference_CI_HadGEM,Reference_CI,2055,18.26528347,,
Taiwan,Reference_CI_HadGEM,Reference_CI,2060,17.87728077,,
Taiwan,Reference_CI_HadGEM,Reference_CI,2065,17.60458162,,
Taiwan,Reference_CI_HadGEM,Reference_CI,2070,17.30697176,,
Taiwan,Reference_CI_HadGEM,Reference_CI,2075,17.02819729,,
Taiwan,Reference_CI_HadGEM,Reference_CI,2080,16.68150674,,
Taiwan,Reference_CI_HadGEM,Reference_CI,2085,16.47386354,,
Taiwan,Reference_CI_HadGEM,Reference_CI,2090,16.36434294,,
Taiwan,Reference_CI_HadGEM,Reference_CI,2095,16.32594745,,
Taiwan,Reference_CI_HadGEM,Reference_CI,2100,16.31051647,,
Taiwan,Reference_CI_IPSL,Reference_CI,1990,7.272418879,,
Taiwan,Reference_CI_IPSL,Reference_CI,2005,15.13619391,,
Taiwan,Reference_CI_IPSL,Reference_CI,2010,16.34603418,,
Taiwan,Reference_CI_IPSL,Reference_CI,2015,17.10675387,,
Taiwan,Reference_CI_IPSL,Reference_CI,2020,18.13616764,,
Taiwan,Reference_CI_IPSL,Reference_CI,2025,18.79380967,,
Taiwan,Reference_CI_IPSL,Reference_CI,2030,19.12577845,,
Taiwan,Reference_CI_IPSL,Reference_CI,2035,19.18462639,,
Taiwan,Reference_CI_IPSL,Reference_CI,2040,19.10839,,
Taiwan,Reference_CI_IPSL,Reference_CI,2045,18.91666823,,
Taiwan,Reference_CI_IPSL,Reference_CI,2050,18.6323496,,
Taiwan,Reference_CI_IPSL,Reference_CI,2055,18.27719521,,
Taiwan,Reference_CI_IPSL,Reference_CI,2060,17.88780322,,
Taiwan,Reference_CI_IPSL,Reference_CI,2065,17.61408688,,
Taiwan,Reference_CI_IPSL,Reference_CI,2070,17.31476152,,
Taiwan,Reference_CI_IPSL,Reference_CI,2075,17.034278,,
Taiwan,Reference_CI_IPSL,Reference_CI,2080,16.68567539,,
Taiwan,Reference_CI_IPSL,Reference_CI,2085,16.47228211,,
Taiwan,Reference_CI_IPSL,Reference_CI,2090,16.36157855,,
Taiwan,Reference_CI_IPSL,Reference_CI,2095,16.31793867,,
Taiwan,Reference_CI_IPSL,Reference_CI,2100,16.30292191,,
Taiwan,Reference_CI_MIROC,Reference_CI,1990,7.272418879,,
Taiwan,Reference_CI_MIROC,Reference_CI,2005,15.13619391,,
Taiwan,Reference_CI_MIROC,Reference_CI,2010,16.34603418,,
Taiwan,Reference_CI_MIROC,Reference_CI,2015,17.10675387,,
Taiwan,Reference_CI_MIROC,Reference_CI,2020,18.13579733,,
Taiwan,Reference_CI_MIROC,Reference_CI,2025,18.7930723,,
Taiwan,Reference_CI_MIROC,Reference_CI,2030,19.12545887,,
Taiwan,Reference_CI_MIROC,Reference_CI,2035,19.18833461,,
Taiwan,Reference_CI_MIROC,Reference_CI,2040,19.11377633,,
Taiwan,Reference_CI_MIROC,Reference_CI,2045,18.92173234,,
Taiwan,Reference_CI_MIROC,Reference_CI,2050,18.63905741,,
Taiwan,Reference_CI_MIROC,Reference_CI,2055,18.28490493,,
Taiwan,Reference_CI_MIROC,Reference_CI,2060,17.89633714,,
Taiwan,Reference_CI_MIROC,Reference_CI,2065,17.62264224,,
Taiwan,Reference_CI_MIROC,Reference_CI,2070,17.32172663,,
Taiwan,Reference_CI_MIROC,Reference_CI,2075,17.03530723,,
Taiwan,Reference_CI_MIROC,Reference_CI,2080,16.68397278,,
Taiwan,Reference_CI_MIROC,Reference_CI,2085,16.47007812,,
Taiwan,Reference_CI_MIROC,Reference_CI,2090,16.35843104,,
Taiwan,Reference_CI_MIROC,Reference_CI,2095,16.31452134,,
Taiwan,Reference_CI_MIROC,Reference_CI,2100,16.29345954,,
Taiwan,Reference_CI_NorESM,Reference_CI,1990,7.272418879,,
Taiwan,Reference_CI_NorESM,Reference_CI,2005,15.13619391,,
Taiwan,Reference_CI_NorESM,Reference_CI,2010,16.34603418,,
Taiwan,Reference_CI_NorESM,Reference_CI,2015,17.10675387,,
Taiwan,Reference_CI_NorESM,Reference_CI,2020,18.13414336,,
Taiwan,Reference_CI_NorESM,Reference_CI,2025,18.79088054,,
Taiwan,Reference_CI_NorESM,Reference_CI,2030,19.12190443,,
Taiwan,Reference_CI_NorESM,Reference_CI,2035,19.18054697,,
Taiwan,Reference_CI_NorESM,Reference_CI,2040,19.1050677,,
Taiwan,Reference_CI_NorESM,Reference_CI,2045,18.91439613,,
Taiwan,Reference_CI_NorESM,Reference_CI,2050,18.63198869,,
Taiwan,Reference_CI_NorESM,Reference_CI,2055,18.27702613,,
Taiwan,Reference_CI_NorESM,Reference_CI,2060,17.89179248,,
Taiwan,Reference_CI_NorESM,Reference_CI,2065,17.62363459,,
Taiwan,Reference_CI_NorESM,Reference_CI,2070,17.33086399,,
Taiwan,Reference_CI_NorESM,Reference_CI,2075,17.05640388,,
Taiwan,Reference_CI_NorESM,Reference_CI,2080,16.71021886,,
Taiwan,Reference_CI_NorESM,Reference_CI,2085,16.50353361,,
Taiwan,Reference_CI_NorESM,Reference_CI,2090,16.39140072,,
Taiwan,Reference_CI_NorESM,Reference_CI,2095,16.34498489,,
Taiwan,Reference_CI_NorESM,Reference_CI,2100,16.31324231,,
